id,Robot Name,Robot Type,Map Name,Error Code,Title,Description,status,Assigned User,note,Time Stamp,Resolution Time,Resolution Time (s),Unique ID
380479,TCF_BOX_1,MAG_FORKLIFT,TCF_BOX,WF1-1.2,Robot is Offline,,UNRESOLVED,,,2026-08-04 21:57:27 +07:00,,,
380478,TCF_BOX_2,MAG_FORKLIFT,TCF_BOX,WF1-1.2,Robot is Offline,,UNRESOLVED,,,2026-08-04 21:57:10 +07:00,,,
380477,TCF_BOX_2,MAG_FORKLIFT,TCF_BOX,EH6-6.1,Low Localization Score,Please try to set the correct pose of robot,RESOLVED,,,2026-08-04 21:56:35 +07:00,00h 00m 01s,1,0408d619-1e51-4cbe-a38a-0a296eb9e0dc
380476,TCF_BOX_2,MAG_FORKLIFT,TCF_BOX,EH6-6.1,Low Localization Score,Please try to set the correct pose of robot,RESOLVED,,,2026-08-04 21:56:32 +07:00,00h 00m 01s,1,54c11420-98b7-4609-aa6c-6bb515b00e17
380475,TCF_BOX_2,MAG_FORKLIFT,TCF_BOX,EH6-6.1,Low Localization Score,Please try to set the correct pose of robot,RESOLVED,,,2026-08-04 21:56:30 +07:00,00h 00m 01s,1,a0ebe29a-194f-47dc-b9c2-2b805ae74f63
380474,TCF_BOX_2,MAG_FORKLIFT,TCF_BOX,EH6-6.1,Low Localization Score,Please try to set the correct pose of robot,RESOLVED,,,2026-08-04 21:56:26 +07:00,00h 00m 00s,0,de50f0c0-c228-4114-aa0f-86613b2c185b
380473,TCF_BOX_2,MAG_FORKLIFT,TCF_BOX,EH6-6.1,Low Localization Score,Please try to set the correct pose of robot,RESOLVED,,,2026-08-04 21:56:20 +07:00,00h 00m 02s,2,495f14e9-d00a-4cbc-b9c5-9c115a02a102
380472,TCF_BOX_2,MAG_FORKLIFT,TCF_BOX,EH6-6.1,Low Localization Score,Please try to set the correct pose of robot,RESOLVED,,,2026-08-04 21:56:14 +07:00,00h 00m 05s,5,3fa1a8a6-2b30-4a09-8771-25f6d6d12a48
380471,TCF_BOX_2,MAG_FORKLIFT,TCF_BOX,EH6-6.1,Low Localization Score,Please try to set the correct pose of robot,RESOLVED,,,2026-08-04 21:56:11 +07:00,00h 00m 01s,1,6fb39ac7-3dd1-4ac0-a77d-e52ef444af80
380470,TCF_BOX_2,MAG_FORKLIFT,TCF_BOX,EH6-6.1,Low Localization Score,Please try to set the correct pose of robot,RESOLVED,,,2026-08-04 21:56:07 +07:00,00h 00m 02s,2,ebebbb17-74c7-40f0-8ab6-46dbbb52b56f
380469,TCF_BOX_2,MAG_FORKLIFT,TCF_BOX,EH6-6.1,Low Localization Score,Please try to set the correct pose of robot,RESOLVED,,,2026-08-04 21:55:56 +07:00,00h 00m 08s,8,14d70746-6acc-4c05-902e-9f2a3050e6a6
380468,TCF_BOX_2,MAG_FORKLIFT,TCF_BOX,EH6-6.1,Low Localization Score,Please try to set the correct pose of robot,RESOLVED,,,2026-08-04 21:55:50 +07:00,00h 00m 03s,3,e645bcf4-f91d-4efb-9d2b-def22c254428
380467,TCF_BOX_2,MAG_FORKLIFT,TCF_BOX,EH6-6.1,Low Localization Score,Please try to set the correct pose of robot,RESOLVED,,,2026-08-04 21:55:48 +07:00,00h 00m 01s,1,02849b3f-c6c9-4e66-9896-04bf2a024441
380466,TCF_BOX_2,MAG_FORKLIFT,TCF_BOX,EH6-6.1,Low Localization Score,Please try to set the correct pose of robot,RESOLVED,,,2026-08-04 21:55:46 +07:00,00h 00m 01s,1,9eb9b829-3981-4f71-b292-e385261bf5af
380465,TCF_BOX_2,MAG_FORKLIFT,TCF_BOX,EH6-6.1,Low Localization Score,Please try to set the correct pose of robot,RESOLVED,,,2026-08-04 21:55:42 +07:00,00h 00m 02s,2,26167e95-f798-47a9-9b3d-b38799b5cba8
380464,TCF_BOX_2,MAG_FORKLIFT,TCF_BOX,EH6-6.1,Low Localization Score,Please try to set the correct pose of robot,RESOLVED,,,2026-08-04 21:55:31 +07:00,00h 00m 10s,10,62d648e3-87cb-41bb-a270-db8c7e6d16ce
380463,TCF_EDU_1,MAG_FORKLIFT,TCF_EDU,WF1-1.2,Robot is Offline,,UNRESOLVED,,,2026-08-04 21:48:31 +07:00,,,
380462,TCF_EDU_4,MAG_FORKLIFT,TCF_EDU,WF1-1.2,Robot is Offline,,UNRESOLVED,,,2026-08-04 21:48:29 +07:00,,,
380461,TCF_EDU_3,MAG_FORKLIFT,TCF_EDU,WF1-1.2,Robot is Offline,,UNRESOLVED,,,2026-08-04 21:48:20 +07:00,,,
380460,TCF_EDU_2,MAG_FORKLIFT,TCF_EDU,WF1-1.2,Robot is Offline,,UNRESOLVED,,,2026-08-04 21:48:16 +07:00,,,
380459,TCF_EDU_1,MAG_FORKLIFT,TCF_EDU,ES4-4.5,Protective field breach,Protective field breach,RESOLVED,,,2026-08-04 21:48:05 +07:00,00h 00m 26s,26,7f5956f6-5d97-409f-b0e4-f732c3d215ca
380458,TCF_EDU_2,MAG_FORKLIFT,TCF_EDU,ES4-4.5,Protective field breach,Protective field breach,RESOLVED,,,2026-08-04 21:47:36 +07:00,00h 00m 40s,40,0705295e-7028-4e69-a87a-e99b87c6c356
380457,TCF_EDU_2,MAG_FORKLIFT,TCF_EDU,EH6-6.1,Low Localization Score,Please try to set the correct pose of robot,RESOLVED,,,2026-08-04 21:47:35 +07:00,00h 00m 01s,1,31471eee-41fb-46d2-9809-c3f79d8b2775
380455,TCF_EDU_2,MAG_FORKLIFT,TCF_EDU,EH4-4.8,Brake Engaged,,RESOLVED,,,2026-08-04 21:47:34 +07:00,00h 00m 00s,0,8a698e30-15af-4b52-9634-27384aaed925
380454,TCF_EDU_2,MAG_FORKLIFT,TCF_EDU,ES4-4.5,Protective field breach,Protective field breach,RESOLVED,,,2026-08-04 21:47:24 +07:00,00h 00m 10s,10,266c6c5b-7e63-4ad7-bd42-c6d3dd6cf0b4
380453,TCF_EDU_2,MAG_FORKLIFT,TCF_EDU,EH6-6.1,Low Localization Score,Please try to set the correct pose of robot,RESOLVED,,,2026-08-04 21:47:21 +07:00,00h 00m 02s,2,31471eee-41fb-46d2-9809-c3f79d8b2775
380451,TCF_EDU_2,MAG_FORKLIFT,TCF_EDU,EH4-4.8,Brake Engaged,,RESOLVED,,,2026-08-04 21:47:20 +07:00,00h 00m 01s,1,fcdca8a5-b387-4700-bee2-05be6a865035
380450,TCF_EDU_2,MAG_FORKLIFT,TCF_EDU,ES4-4.5,Protective field breach,Protective field breach,RESOLVED,,,2026-08-04 21:47:15 +07:00,00h 00m 05s,5,ca555337-ef7d-4577-ab27-98fdacfac2f5
380449,TCF_EDU_3,MAG_FORKLIFT,TCF_EDU,ES4-4.5,Protective field breach,Protective field breach,RESOLVED,,,2026-08-04 21:47:13 +07:00,00h 01m 07s,67,503c13e4-ac2f-487a-adaf-3b15d79cfc3b
380448,TCF_EDU_3,MAG_FORKLIFT,TCF_EDU,EH6-6.1,Low Localization Score,Please try to set the correct pose of robot,RESOLVED,,,2026-08-04 21:47:12 +07:00,00h 00m 01s,1,f044902b-be32-4d76-ae71-cb6597981cf9
380446,TCF_EDU_3,MAG_FORKLIFT,TCF_EDU,EH4-4.8,Brake Engaged,,RESOLVED,,,2026-08-04 21:47:11 +07:00,00h 00m 00s,0,5dd3ff6e-f939-4a64-b221-d4f7cd419d05
380445,TCF_EDU_3,MAG_FORKLIFT,TCF_EDU,ES4-4.5,Protective field breach,Protective field breach,RESOLVED,,,2026-08-04 21:47:08 +07:00,00h 00m 03s,3,4d6f8ff2-3387-43ee-994f-669e5e7ba3c6
380444,TCF_EDU_2,MAG_FORKLIFT,TCF_EDU,EH6-6.1,Low Localization Score,Please try to set the correct pose of robot,RESOLVED,,,2026-08-04 21:47:07 +07:00,00h 00m 08s,8,31471eee-41fb-46d2-9809-c3f79d8b2775
380442,TCF_EDU_3,MAG_FORKLIFT,TCF_EDU,EH6-6.1,Low Localization Score,Please try to set the correct pose of robot,RESOLVED,,,2026-08-04 21:47:06 +07:00,00h 00m 01s,1,f044902b-be32-4d76-ae71-cb6597981cf9
380440,TCF_EDU_2,MAG_FORKLIFT,TCF_EDU,EH4-4.8,Brake Engaged,,RESOLVED,,,2026-08-04 21:47:06 +07:00,00h 00m 01s,1,cdf42a2c-0561-488b-88d1-9177a8045d68
380439,TCF_EDU_3,MAG_FORKLIFT,TCF_EDU,EH4-4.8,Brake Engaged,,RESOLVED,,,2026-08-04 21:47:05 +07:00,00h 00m 01s,1,ba490e51-4990-4ef9-a5ea-0a2043000b3f
380438,TCF_EDU_2,MAG_FORKLIFT,TCF_EDU,ES4-4.5,Protective field breach,Protective field breach,RESOLVED,,,2026-08-04 21:47:03 +07:00,00h 00m 02s,2,395741e4-9b62-4778-a776-e794d08d5e2d
380437,TCF_EDU_3,MAG_FORKLIFT,TCF_EDU,ES4-4.5,Protective field breach,Protective field breach,RESOLVED,,,2026-08-04 21:47:02 +07:00,00h 00m 03s,3,12b9c8de-db89-4e9d-9bee-935d1ef02d7a
380436,TCF_EDU_3,MAG_FORKLIFT,TCF_EDU,EH6-6.1,Low Localization Score,Please try to set the correct pose of robot,RESOLVED,,,2026-08-04 21:46:58 +07:00,00h 00m 04s,4,f044902b-be32-4d76-ae71-cb6597981cf9
380434,TCF_EDU_3,MAG_FORKLIFT,TCF_EDU,EH4-4.8,Brake Engaged,,RESOLVED,,,2026-08-04 21:46:57 +07:00,00h 00m 01s,1,51262df3-a832-4a47-8686-06a7a5b47f95
380433,TCF_EDU_3,MAG_FORKLIFT,TCF_EDU,ES4-4.5,Protective field breach,Protective field breach,RESOLVED,,,2026-08-04 21:46:55 +07:00,00h 00m 02s,2,cfb20d73-fe6a-4e05-8256-c00aa7da7498
380432,TCF_EDU_4,MAG_FORKLIFT,TCF_EDU,ES4-4.5,Protective field breach,Protective field breach,RESOLVED,,,2026-08-04 21:46:49 +07:00,00h 01m 40s,100,1a073d7d-5d0c-42a3-9078-c72e45ca4bab
380431,TCF_EDU_4,MAG_FORKLIFT,TCF_EDU,EH4-4.8,Brake Engaged,,RESOLVED,,,2026-08-04 21:46:48 +07:00,00h 00m 01s,1,992aad81-46ca-44ef-8ccb-8033fc85e8f4
380430,TCF_EDU_4,MAG_FORKLIFT,TCF_EDU,ES4-4.5,Protective field breach,Protective field breach,RESOLVED,,,2026-08-04 21:46:26 +07:00,00h 00m 21s,21,fec820c5-f33a-4b9c-88a7-8ac3d814d65a
380429,TCF_EDU_4,MAG_FORKLIFT,TCF_EDU,EH4-4.8,Brake Engaged,,RESOLVED,,,2026-08-04 21:46:26 +07:00,00h 00m 01s,1,5906fcaa-1d8e-4b60-9c31-e2282b090a80
380428,TCF_EDU_4,MAG_FORKLIFT,TCF_EDU,ES4-4.5,Protective field breach,Protective field breach,RESOLVED,,,2026-08-04 21:46:25 +07:00,00h 00m 01s,1,3b31ef33-b1fa-44dc-ba72-0c4570c1c463
380427,TCF_EDU_4,MAG_FORKLIFT,TCF_EDU,EH4-4.8,Brake Engaged,,RESOLVED,,,2026-08-04 21:46:24 +07:00,00h 00m 00s,0,496c485c-5eb3-4daf-ac9e-8ce60173952d
380426,TCF_EDU_2,MAG_FORKLIFT,TCF_EDU,EH6-6.1,Low Localization Score,Please try to set the correct pose of robot,RESOLVED,,,2026-08-04 21:46:09 +07:00,00h 00m 54s,54,31471eee-41fb-46d2-9809-c3f79d8b2775
380425,TCF_EDU_2,MAG_FORKLIFT,TCF_EDU,EH6-6.1,Low Localization Score,Please try to set the correct pose of robot,RESOLVED,,,2026-08-04 21:46:07 +07:00,00h 00m 01s,1,f2544b8c-e456-4f2b-a4ca-001997fd10f0
380424,TCF_EDU_2,MAG_FORKLIFT,TCF_EDU,EH6-6.1,Low Localization Score,Please try to set the correct pose of robot,RESOLVED,,,2026-08-04 21:46:04 +07:00,00h 00m 01s,1,6a106d15-1b93-4597-8d17-8492a996188c
380423,TCF_EDU_4,MAG_FORKLIFT,TCF_EDU,ES4-4.5,Protective field breach,Protective field breach,RESOLVED,,,2026-08-04 21:46:02 +07:00,00h 00m 21s,21,a9beea7d-c183-4780-a7d7-e8596f485d32
380422,TCF_EDU_4,MAG_FORKLIFT,TCF_EDU,EH4-4.8,Brake Engaged,,RESOLVED,,,2026-08-04 21:46:02 +07:00,00h 00m 01s,1,0b275202-575d-448a-86d2-6b21921a7982
380421,TCF_EDU_3,MAG_FORKLIFT,TCF_EDU,EH6-6.1,Low Localization Score,Please try to set the correct pose of robot,RESOLVED,,,2026-08-04 21:45:54 +07:00,00h 01m 01s,61,f044902b-be32-4d76-ae71-cb6597981cf9
380420,TCF_EDU_4,MAG_FORKLIFT,TCF_EDU,ES4-4.5,Protective field breach,Protective field breach,RESOLVED,,,2026-08-04 21:45:54 +07:00,00h 00m 08s,8,a661c92b-90c0-4b32-baac-7a6a61113adb
380419,TCF_EDU_4,MAG_FORKLIFT,TCF_EDU,EH4-4.8,Brake Engaged,,RESOLVED,,,2026-08-04 21:45:53 +07:00,00h 00m 00s,0,6a1fba86-0ad9-43b3-af30-e9c5f574ba0f
380418,TCF_EDU_3,MAG_FORKLIFT,TCF_EDU,EH6-6.1,Low Localization Score,Please try to set the correct pose of robot,RESOLVED,,,2026-08-04 21:45:50 +07:00,00h 00m 02s,2,401de5c2-b59e-4651-9054-d95bad00a7a1
380417,TCF_EDU_4,MAG_FORKLIFT,TCF_EDU,ES4-4.5,Protective field breach,Protective field breach,RESOLVED,,,2026-08-04 21:45:48 +07:00,00h 00m 05s,5,f483a46b-4462-4999-b79b-13261c78ca45
380416,TCF_EDU_4,MAG_FORKLIFT,TCF_EDU,EH4-4.8,Brake Engaged,,RESOLVED,,,2026-08-04 21:45:47 +07:00,00h 00m 01s,1,6e3b4cfb-e933-4b40-acd6-6197491138e3
380415,TCF_EDU_2,MAG_FORKLIFT,TCF_EDU,EH6-6.1,Low Localization Score,Please try to set the correct pose of robot,RESOLVED,,,2026-08-04 21:45:39 +07:00,00h 00m 01s,1,ca5e423c-24a8-4071-8aae-d7e939a28fc8
380414,TCF_EDU_2,MAG_FORKLIFT,TCF_EDU,EH6-6.1,Low Localization Score,Please try to set the correct pose of robot,RESOLVED,,,2026-08-04 21:45:31 +07:00,00h 00m 01s,1,e1b17895-18b6-4a4a-a898-d898ed80113c
380413,TCF_EDU_3,MAG_FORKLIFT,TCF_EDU,EH6-6.1,Low Localization Score,Please try to set the correct pose of robot,RESOLVED,,,2026-08-04 21:45:22 +07:00,00h 00m 01s,1,d0aa9f7a-deea-4533-9664-daf4689ed46a
380412,TCF_EDU_3,MAG_FORKLIFT,TCF_EDU,EH6-6.1,Low Localization Score,Please try to set the correct pose of robot,RESOLVED,,,2026-08-04 21:45:19 +07:00,00h 00m 01s,1,e3f0e09f-6d9e-4184-bf07-0d7c9733ddd2
380411,TCF_EDU_3,MAG_FORKLIFT,TCF_EDU,EH6-6.1,Low Localization Score,Please try to set the correct pose of robot,RESOLVED,,,2026-08-04 21:44:41 +07:00,00h 00m 01s,1,be2d0609-0343-4ab6-80c5-24bac83dd636
380410,TCF_EDU_4,MAG_FORKLIFT,TCF_EDU,ES4-4.5,Protective field breach,Protective field breach,RESOLVED,,,2026-08-04 21:44:40 +07:00,00h 01m 07s,67,7cacb2be-38b9-446f-8fec-02d89ae85c0f
380409,TCF_EDU_4,MAG_FORKLIFT,TCF_EDU,EH4-4.8,Brake Engaged,,RESOLVED,,,2026-08-04 21:44:39 +07:00,00h 00m 00s,0,d3bb2029-22ab-4b52-9870-0a8aadcd8302
380408,TCF_EDU_4,MAG_FORKLIFT,TCF_EDU,ES4-4.5,Protective field breach,Protective field breach,RESOLVED,,,2026-08-04 21:44:37 +07:00,00h 00m 02s,2,8fb535dd-c29c-4b58-967a-ff2fb6eb446e
380407,TCF_EDU_4,MAG_FORKLIFT,TCF_EDU,EH6-6.1,Low Localization Score,Please try to set the correct pose of robot,RESOLVED,,,2026-08-04 21:44:36 +07:00,00h 00m 00s,0,183cbf6d-fb71-4206-b3a6-36d862927e05
380405,TCF_EDU_4,MAG_FORKLIFT,TCF_EDU,ES4-4.5,Protective field breach,Protective field breach,RESOLVED,,,2026-08-04 21:43:54 +07:00,00h 00m 42s,42,87ec77ca-bee0-445d-b305-f3984d1bb006
380404,TCF_EDU_4,MAG_FORKLIFT,TCF_EDU,EH4-4.8,Brake Engaged,,RESOLVED,,,2026-08-04 21:43:53 +07:00,00h 00m 00s,0,c58f1577-382c-42e9-998b-f3b9d4f6ddfe
380403,TCF_EDU_4,MAG_FORKLIFT,TCF_EDU,ES4-4.5,Protective field breach,Protective field breach,RESOLVED,,,2026-08-04 21:43:49 +07:00,00h 00m 04s,4,5f5a0bfd-aaf8-4f7f-972f-5d3d21d846a4
380402,TCF_EDU_4,MAG_FORKLIFT,TCF_EDU,EH4-4.8,Brake Engaged,,RESOLVED,,,2026-08-04 21:43:48 +07:00,00h 00m 01s,1,afa4b94d-2f63-4ecd-b82d-5c52c289dbd6
380401,TCF_EDU_2,MAG_FORKLIFT,TCF_EDU,ES4-4.5,Protective field breach,Protective field breach,RESOLVED,,,2026-08-04 21:43:48 +07:00,00h 00m 08s,8,c383447a-18d8-4605-a8b0-3de7ac9e052e
380400,TCF_EDU_2,MAG_FORKLIFT,TCF_EDU,ES4-4.5,Protective field breach,Protective field breach,RESOLVED,,,2026-08-04 21:43:42 +07:00,00h 00m 02s,2,08ad8d02-24a3-4f86-b7ef-5442aeea62ed
380399,TCF_EDU_2,MAG_FORKLIFT,TCF_EDU,EH4-4.8,Brake Engaged,,RESOLVED,,,2026-08-04 21:43:33 +07:00,00h 00m 01s,1,fb71f58a-a26a-4a1d-9032-2dfb3e7cdcca
380398,TCF_EDU_2,MAG_FORKLIFT,TCF_EDU,ES4-4.5,Protective field breach,Protective field breach,RESOLVED,,,2026-08-04 21:43:18 +07:00,00h 00m 15s,15,2acd74c5-59b8-4a24-90a5-09dae50bdbb3
380397,TCF_EDU_2,MAG_FORKLIFT,TCF_EDU,EH4-4.8,Brake Engaged,,RESOLVED,,,2026-08-04 21:43:13 +07:00,00h 00m 01s,1,fd84854d-419c-437e-a072-dca6346319ff
380396,TCF_EDU_2,MAG_FORKLIFT,TCF_EDU,ES4-4.5,Protective field breach,Protective field breach,RESOLVED,,,2026-08-04 21:42:56 +07:00,00h 00m 17s,17,52be45c8-836a-42ef-a961-d1c4032d55d9
380395,TCF_EDU_2,MAG_FORKLIFT,TCF_EDU,EH4-4.8,Brake Engaged,,RESOLVED,,,2026-08-04 21:42:54 +07:00,00h 00m 01s,1,f7ad7964-7837-4bd1-b0f2-29475afa58b6
380394,TCF_EDU_2,MAG_FORKLIFT,TCF_EDU,ES4-4.5,Protective field breach,Protective field breach,RESOLVED,,,2026-08-04 21:42:45 +07:00,00h 00m 09s,9,ada53277-e554-40bb-847d-df62713a7815
380393,TCF_EDU_2,MAG_FORKLIFT,TCF_EDU,ES4-4.5,Protective field breach,Protective field breach,RESOLVED,,,2026-08-04 21:42:38 +07:00,00h 00m 00s,0,b09822e5-ef25-4aa0-9249-895249e21573
380392,TCF_EDU_2,MAG_FORKLIFT,TCF_EDU,EH4-4.8,Brake Engaged,,RESOLVED,,,2026-08-04 21:42:31 +07:00,00h 00m 01s,1,c878253b-4baa-4899-9180-0619f93d6042
380391,TCF_EDU_2,MAG_FORKLIFT,TCF_EDU,ES4-4.5,Protective field breach,Protective field breach,RESOLVED,,,2026-08-04 21:42:17 +07:00,00h 00m 14s,14,fd1080dc-c4c8-4134-8dbf-eacdc9865c54
380390,TCF_EDU_3,MAG_FORKLIFT,TCF_EDU,EH4-4.8,Brake Engaged,,RESOLVED,,,2026-08-04 21:42:13 +07:00,00h 00m 01s,1,ae272c99-d447-43d2-99b1-b001ba7bcb28
380389,TCF_EDU_4,MAG_FORKLIFT,TCF_EDU,ES4-4.5,Protective field breach,Protective field breach,RESOLVED,,,2026-08-04 21:42:05 +07:00,00h 01m 43s,103,79e63c01-b600-4542-b207-e2d4cd126e8c
380388,TCF_EDU_3,MAG_FORKLIFT,TCF_EDU,ES4-4.5,Protective field breach,Protective field breach,RESOLVED,,,2026-08-04 21:42:04 +07:00,00h 00m 08s,8,9e1f9a6c-4caf-44d6-b5bb-e4d75b7b3bfc
380387,TCF_EDU_4,MAG_FORKLIFT,TCF_EDU,EH4-4.8,Brake Engaged,,RESOLVED,,,2026-08-04 21:42:04 +07:00,00h 00m 01s,1,b64c170b-c944-469c-8f28-8fcde78979fb
380386,TCF_EDU_2,MAG_FORKLIFT,TCF_EDU,EH4-4.8,Brake Engaged,,RESOLVED,,,2026-08-04 21:41:48 +07:00,00h 00m 00s,0,c7b1c4c3-3407-4a0e-9590-582884f0887d
380385,TCF_EDU_2,MAG_FORKLIFT,TCF_EDU,ES4-4.5,Protective field breach,Protective field breach,RESOLVED,,,2026-08-04 21:41:45 +07:00,00h 00m 03s,3,ac5f6bba-91d1-450e-8328-74a600846ee5
380384,TCF_EDU_2,MAG_FORKLIFT,TCF_EDU,EH4-4.8,Brake Engaged,,RESOLVED,,,2026-08-04 21:41:44 +07:00,00h 00m 01s,1,e3ebeb93-4e9c-4715-bcfb-60b502449d25
380383,TCF_EDU_2,MAG_FORKLIFT,TCF_EDU,ES4-4.5,Protective field breach,Protective field breach,RESOLVED,,,2026-08-04 21:41:42 +07:00,00h 00m 01s,1,5672f973-eab8-47e8-bc3e-b0862c8ef2cb
380382,TCF_EDU_3,MAG_FORKLIFT,TCF_EDU,EH4-4.8,Brake Engaged,,RESOLVED,,,2026-08-04 21:41:04 +07:00,00h 00m 01s,1,a8afbdb0-e7a2-42d1-ab49-fbca6caabb4a
380381,TCF_EDU_3,MAG_FORKLIFT,TCF_EDU,ES4-4.5,Protective field breach,Protective field breach,RESOLVED,,,2026-08-04 21:40:58 +07:00,00h 00m 06s,6,2e2750e0-c71e-4490-b5bc-93a1839b6954
380380,TCF_EDU_4,MAG_FORKLIFT,TCF_EDU,ES4-4.5,Protective field breach,Protective field breach,RESOLVED,,,2026-08-04 21:40:56 +07:00,00h 01m 07s,67,98485a79-4d8b-4b07-a2ea-aeb3640758ee
380379,TCF_EDU_4,MAG_FORKLIFT,TCF_EDU,EH4-4.8,Brake Engaged,,RESOLVED,,,2026-08-04 21:40:55 +07:00,00h 00m 01s,1,654452ef-025b-42a5-abb5-f7a649fe3cc8
380378,TCF_EDU_2,MAG_FORKLIFT,TCF_EDU,EH4-4.8,Brake Engaged,,RESOLVED,,,2026-08-04 21:40:55 +07:00,00h 00m 01s,1,3186d6b3-3473-4537-a97d-d209b559aab8
380377,TCF_EDU_2,MAG_FORKLIFT,TCF_EDU,ES4-4.5,Protective field breach,Protective field breach,RESOLVED,,,2026-08-04 21:40:53 +07:00,00h 00m 02s,2,f51db126-9b48-43d7-8b7a-f8df169f8ea8
380376,TCF_EDU_1,MAG_FORKLIFT,TCF_EDU,EH6-6.1,Low Localization Score,Please try to set the correct pose of robot,RESOLVED,,,2026-08-04 21:39:03 +07:00,00h 09m 01s,541,dd43583e-0132-4688-bbe0-b56f543bc70c
380374,TCF_EDU_1,MAG_FORKLIFT,TCF_EDU,ES4-4.5,Protective field breach,Protective field breach,RESOLVED,,,2026-08-04 21:39:02 +07:00,00h 00m 01s,1,4ba1b6c9-3c44-435f-9436-83d721544656
380373,TCF_EDU_4,MAG_FORKLIFT,TCF_EDU,ES4-4.5,Protective field breach,Protective field breach,RESOLVED,,,2026-08-04 21:38:09 +07:00,00h 02m 46s,166,56f06b13-29ce-490a-92c2-6ad29655dea1
380372,TCF_EDU_4,MAG_FORKLIFT,TCF_EDU,EH4-4.8,Brake Engaged,,RESOLVED,,,2026-08-04 21:38:08 +07:00,00h 00m 00s,0,4bf5e994-63d3-43a6-8b6b-923461a91f12
380371,TCF_EDU_4,MAG_FORKLIFT,TCF_EDU,ES4-4.5,Protective field breach,Protective field breach,RESOLVED,,,2026-08-04 21:37:51 +07:00,00h 00m 17s,17,c1351a54-fb35-48c7-971a-bf09e09004b4
380370,TCF_EDU_4,MAG_FORKLIFT,TCF_EDU,EH4-4.8,Brake Engaged,,RESOLVED,,,2026-08-04 21:37:50 +07:00,00h 00m 01s,1,6ca12e0c-ce8f-4822-99de-d2fc1ac76591
380369,TCF_EDU_4,MAG_FORKLIFT,TCF_EDU,ES4-4.5,Protective field breach,Protective field breach,RESOLVED,,,2026-08-04 21:37:41 +07:00,00h 00m 08s,8,43a5a637-73f2-4694-a70b-883be2e95649
380368,TCF_EDU_4,MAG_FORKLIFT,TCF_EDU,EH4-4.8,Brake Engaged,,RESOLVED,,,2026-08-04 21:37:40 +07:00,00h 00m 01s,1,32a2a5b7-da99-4f6f-ae1e-53df8605cf48
380367,TCF_EDU_4,MAG_FORKLIFT,TCF_EDU,ES4-4.5,Protective field breach,Protective field breach,RESOLVED,,,2026-08-04 21:36:29 +07:00,00h 01m 10s,70,b7ddad41-2c78-419a-a053-bd876c73b1da
380366,TCF_EDU_4,MAG_FORKLIFT,TCF_EDU,EH6-6.1,Low Localization Score,Please try to set the correct pose of robot,RESOLVED,,,2026-08-04 21:36:29 +07:00,00h 00m 00s,0,183cbf6d-fb71-4206-b3a6-36d862927e05
380364,TCF_EDU_4,MAG_FORKLIFT,TCF_EDU,EH4-4.8,Brake Engaged,,RESOLVED,,,2026-08-04 21:36:29 +07:00,00h 00m 00s,0,357d1fb8-0fdf-41c0-99c3-c7036ed905f6
380363,TCF_EDU_4,MAG_FORKLIFT,TCF_EDU,ES4-4.5,Protective field breach,Protective field breach,RESOLVED,,,2026-08-04 21:36:29 +07:00,00h 00m 00s,0,ec135471-2a82-4161-a860-52b16d89c554
380362,TCF_EDU_4,MAG_FORKLIFT,TCF_EDU,EH6-6.1,Low Localization Score,Please try to set the correct pose of robot,RESOLVED,,,2026-08-04 21:36:14 +07:00,00h 00m 15s,15,183cbf6d-fb71-4206-b3a6-36d862927e05
380360,TCF_EDU_1,MAG_FORKLIFT,TCF_EDU,EH6-6.1,Low Localization Score,Please try to set the correct pose of robot,RESOLVED,,,2026-08-04 21:36:11 +07:00,00h 02m 50s,170,dd43583e-0132-4688-bbe0-b56f543bc70c
380358,TCF_EDU_4,MAG_FORKLIFT,TCF_EDU,ES4-4.5,Protective field breach,Protective field breach,RESOLVED,,,2026-08-04 21:36:11 +07:00,00h 00m 03s,3,95a963a9-a7b9-44e4-815e-a31b5cc36d98
380357,TCF_EDU_1,MAG_FORKLIFT,TCF_EDU,EH4-4.8,Brake Engaged,,RESOLVED,,,2026-08-04 21:36:10 +07:00,00h 00m 00s,0,23038ff9-2775-4953-9ff6-90d758d67002
380356,TCF_EDU_4,MAG_FORKLIFT,TCF_EDU,EH6-6.1,Low Localization Score,Please try to set the correct pose of robot,RESOLVED,,,2026-08-04 21:36:10 +07:00,00h 00m 00s,0,183cbf6d-fb71-4206-b3a6-36d862927e05
380354,TCF_EDU_4,MAG_FORKLIFT,TCF_EDU,EH4-4.8,Brake Engaged,,RESOLVED,,,2026-08-04 21:36:09 +07:00,00h 00m 01s,1,7a243e4f-6df4-49c3-a08a-fb59ca8e8f9b
380353,TCF_EDU_4,MAG_FORKLIFT,TCF_EDU,ES4-4.5,Protective field breach,Protective field breach,RESOLVED,,,2026-08-04 21:36:07 +07:00,00h 00m 02s,2,6eefc0c9-718e-4908-95d7-2e5c1be725ef
380352,TCF_EDU_1,MAG_FORKLIFT,TCF_EDU,ES4-4.5,Protective field breach,Protective field breach,RESOLVED,,,2026-08-04 21:36:00 +07:00,00h 00m 10s,10,c3345547-c58f-4203-87d8-53d3b4470964
380351,TCF_EDU_1,MAG_FORKLIFT,TCF_EDU,EH6-6.1,Low Localization Score,Please try to set the correct pose of robot,RESOLVED,,,2026-08-04 21:35:56 +07:00,00h 00m 03s,3,dd43583e-0132-4688-bbe0-b56f543bc70c
380349,TCF_EDU_1,MAG_FORKLIFT,TCF_EDU,EH4-4.8,Brake Engaged,,RESOLVED,,,2026-08-04 21:35:55 +07:00,00h 00m 01s,1,72f1cdbf-b85c-4b77-96f4-7df824ecba31
380348,TCF_EDU_1,MAG_FORKLIFT,TCF_EDU,ES4-4.5,Protective field breach,Protective field breach,RESOLVED,,,2026-08-04 21:35:27 +07:00,00h 00m 27s,27,bdafde22-01d1-4a42-847d-e110889c4fb5
380347,TCF_EDU_1,MAG_FORKLIFT,TCF_EDU,EH6-6.1,Low Localization Score,Please try to set the correct pose of robot,RESOLVED,,,2026-08-04 21:35:26 +07:00,00h 00m 01s,1,dd43583e-0132-4688-bbe0-b56f543bc70c
380345,TCF_EDU_1,MAG_FORKLIFT,TCF_EDU,EH4-4.8,Brake Engaged,,RESOLVED,,,2026-08-04 21:35:25 +07:00,00h 00m 00s,0,e514d513-3e48-4466-bb8a-b8bfabcbd0cf
380344,TCF_EDU_1,MAG_FORKLIFT,TCF_EDU,ES4-4.5,Protective field breach,Protective field breach,RESOLVED,,,2026-08-04 21:35:24 +07:00,00h 00m 01s,1,72c16c1b-3713-4087-bfae-b101abc490e4
380343,TCF_EDU_4,MAG_FORKLIFT,TCF_EDU,EH6-6.1,Low Localization Score,Please try to set the correct pose of robot,RESOLVED,,,2026-08-04 21:35:14 +07:00,00h 00m 52s,52,183cbf6d-fb71-4206-b3a6-36d862927e05
380342,TCF_EDU_4,MAG_FORKLIFT,TCF_EDU,EH6-6.1,Low Localization Score,Please try to set the correct pose of robot,RESOLVED,,,2026-08-04 21:35:12 +07:00,00h 00m 00s,0,0f9ddb60-ae69-4647-99f8-4796351e2132
380341,TCF_EDU_4,MAG_FORKLIFT,TCF_EDU,EH4-4.8,Brake Engaged,,RESOLVED,,,2026-08-04 21:34:52 +07:00,00h 00m 00s,0,ce3ed943-a93e-4b11-b163-d277e628cb17
380340,TCF_EDU_4,MAG_FORKLIFT,TCF_EDU,ES4-4.5,Protective field breach,Protective field breach,RESOLVED,,,2026-08-04 21:34:37 +07:00,00h 00m 15s,15,c43b49cd-989f-4af3-b54c-1757b65ffcf4
380339,TCF_EDU_1,MAG_FORKLIFT,TCF_EDU,EH6-6.1,Low Localization Score,Please try to set the correct pose of robot,RESOLVED,,,2026-08-04 21:34:31 +07:00,00h 00m 53s,53,dd43583e-0132-4688-bbe0-b56f543bc70c
380338,TCF_EDU_1,MAG_FORKLIFT,TCF_EDU,EH6-6.1,Low Localization Score,Please try to set the correct pose of robot,RESOLVED,,,2026-08-04 21:34:28 +07:00,00h 00m 02s,2,cb5fc701-4267-4af6-8b7a-a22593f9f30c
380337,TCF_EDU_4,MAG_FORKLIFT,TCF_EDU,EH4-4.8,Brake Engaged,,RESOLVED,,,2026-08-04 21:33:20 +07:00,00h 00m 01s,1,becaea43-3c5d-4cbe-8de0-df1620511786
380336,TCF_EDU_4,MAG_FORKLIFT,TCF_EDU,ES4-4.5,Protective field breach,Protective field breach,RESOLVED,,,2026-08-04 21:33:18 +07:00,00h 00m 02s,2,fa329921-c834-4b2b-9c65-bc65e88e36ba
380335,TCF_EDU_4,MAG_FORKLIFT,TCF_EDU,EH4-4.8,Brake Engaged,,RESOLVED,,,2026-08-04 21:32:22 +07:00,00h 00m 00s,0,d015a129-6efd-4c09-8ca6-4117716dca60
380334,TCF_EDU_4,MAG_FORKLIFT,TCF_EDU,ES4-4.5,Protective field breach,Protective field breach,RESOLVED,,,2026-08-04 21:32:21 +07:00,00h 00m 01s,1,b262ed02-fd85-4d4a-86be-10182ec961a3
380333,TCF_EDU_4,MAG_FORKLIFT,TCF_EDU,EH4-4.8,Brake Engaged,,RESOLVED,,,2026-08-04 21:32:06 +07:00,00h 00m 00s,0,28de60e6-db82-4246-8c69-a4049811b7bf
380332,TCF_EDU_4,MAG_FORKLIFT,TCF_EDU,ES4-4.5,Protective field breach,Protective field breach,RESOLVED,,,2026-08-04 21:32:05 +07:00,00h 00m 01s,1,24e0bdfe-3e6b-4dc3-99f4-5be82e764e4e
380331,TCF_EDU_4,MAG_FORKLIFT,TCF_EDU,EH4-4.8,Brake Engaged,,RESOLVED,,,2026-08-04 21:31:50 +07:00,00h 00m 00s,0,42df9ac8-ba1d-4771-b821-8fd2887d7cba
380330,TCF_EDU_4,MAG_FORKLIFT,TCF_EDU,ES4-4.5,Protective field breach,Protective field breach,RESOLVED,,,2026-08-04 21:31:39 +07:00,00h 00m 11s,11,c28fa108-4ab3-497c-a483-53bba8e2d40c
380329,TCF_EDU_4,MAG_FORKLIFT,TCF_EDU,EH4-4.8,Brake Engaged,,RESOLVED,,,2026-08-04 21:31:08 +07:00,00h 00m 01s,1,78f7f124-7894-456a-b3c1-76d99e868ab6
380328,TCF_EDU_4,MAG_FORKLIFT,TCF_EDU,ES4-4.5,Protective field breach,Protective field breach,RESOLVED,,,2026-08-04 21:31:06 +07:00,00h 00m 02s,2,09b45024-c189-44ba-86c7-382b9c81f862
380327,TCF_EDU_1,MAG_FORKLIFT,TCF_EDU,EH4-4.8,Brake Engaged,,RESOLVED,,,2026-08-04 21:30:57 +07:00,00h 00m 00s,0,1bbcb404-b103-41b5-9aeb-a8cb46eda21b
380326,TCF_EDU_1,MAG_FORKLIFT,TCF_EDU,ES4-4.5,Protective field breach,Protective field breach,RESOLVED,,,2026-08-04 21:30:53 +07:00,00h 00m 03s,3,fc3dc534-0517-48d0-9612-ee18686ab01c
380325,TCF_EDU_4,MAG_FORKLIFT,TCF_EDU,EH4-4.8,Brake Engaged,,RESOLVED,,,2026-08-04 21:26:56 +07:00,00h 00m 00s,0,e5ea49ed-d67f-4679-995c-b236923dd780
380324,TCF_EDU_4,MAG_FORKLIFT,TCF_EDU,ES4-4.5,Protective field breach,Protective field breach,RESOLVED,,,2026-08-04 21:26:55 +07:00,00h 00m 01s,1,dc6d670d-71a2-4a23-9818-b1bb18590ce1
380323,TCF_EDU_4,MAG_FORKLIFT,TCF_EDU,EH4-4.8,Brake Engaged,,RESOLVED,,,2026-08-04 21:26:43 +07:00,00h 00m 01s,1,62773e83-611d-4576-bc5a-a839632d2fa0
380322,TCF_EDU_4,MAG_FORKLIFT,TCF_EDU,ES4-4.5,Protective field breach,Protective field breach,RESOLVED,,,2026-08-04 21:26:42 +07:00,00h 00m 01s,1,51b7abef-0135-42bb-8c0c-5cf2164020dd
380321,TCF_EDU_4,MAG_FORKLIFT,TCF_EDU,EH4-4.8,Brake Engaged,,RESOLVED,,,2026-08-04 21:26:05 +07:00,00h 00m 25s,25,8a7e7e02-1aad-4d48-9f28-0111ef87df99
380320,TCF_EDU_4,MAG_FORKLIFT,TCF_EDU,EH4-4.8,Brake Engaged,,RESOLVED,,,2026-08-04 21:26:02 +07:00,00h 00m 02s,2,d6213296-f579-4d5d-85b6-eb8045833b91
380319,TCF_EDU_1,MAG_FORKLIFT,TCF_EDU,ES6-6.14,Docking position overshoot has detected,,RESOLVED,,,2026-08-04 21:24:47 +07:00,00h 03m 53s,233,efdfa2c9-465c-4798-8633-87fd9c7516d7
380318,TCF_BOX_2,MAG_FORKLIFT,TCF_BOX,EFMS2-1.1,Task stuck in assigned state,,RESOLVED,,Task 27547 has been stuck in assigned state,2026-08-04 21:22:46 +07:00,00h 01m 18s,78,a574d8eb-6390-451d-ac16-ed0a2e3f51d8
380317,TCF_EDU_3,MAG_FORKLIFT,TCF_EDU,FMS1-1.1,SERVICE CALL RESPONSE,,RESOLVED,,"Service call failed with data: {'serialNumber': 'TCF_EDU_3', 'actions': [{'actionType': 'customInstantAction', 'actionId': '53118ca4-229b-4875-b33f-62fe9c5dfd6f', 'actionDescription': 'service_call', 'blockingType': 'HARD', 'actionParameters': [{'key': 'service', 'value': '/TCF_EDU_3/remove_error'}, {'key': 'data', 'value': {'error_id': '71dffa77-f121-4a76-9d53-055fcea3ab3d'}}, {'key': 'require_response', 'value': True}]}]}",2026-08-04 21:22:45 +07:00,00h 00m 00s,0,
380316,TCF_EDU_3,MAG_FORKLIFT,TCF_EDU,EH4-4.11,Steering lock detected,,RESOLVED,,,2026-08-04 21:22:40 +07:00,00h 00m 05s,5,71dffa77-f121-4a76-9d53-055fcea3ab3d
380315,TCF_EDU_3,MAG_FORKLIFT,TCF_EDU,EH2-2.4,E-Stop not released properly. Press Resume button.,,RESOLVED,,,2026-08-04 21:22:29 +07:00,00h 00m 04s,4,070f9354-0cb1-491f-a44a-91d45c1621ab
380314,TCF_EDU_3,MAG_FORKLIFT,TCF_EDU,FMS1-1.1,SERVICE CALL RESPONSE,,RESOLVED,,"Service call failed with data: {'serialNumber': 'TCF_EDU_3', 'actions': [{'actionType': 'customInstantAction', 'actionId': '9397e69e-1364-4da8-8cb1-1438ecb22837', 'actionDescription': 'service_call', 'blockingType': 'HARD', 'actionParameters': [{'key': 'service', 'value': '/TCF_EDU_3/remove_error'}, {'key': 'data', 'value': {'error_id': 'dfa0632c-25a0-40dd-93de-d1e9458d58ca'}}, {'key': 'require_response', 'value': True}]}]}",2026-08-04 21:22:26 +07:00,00h 00m 00s,0,
380313,TCF_EDU_3,MAG_FORKLIFT,TCF_EDU,FMS1-1.1,SERVICE CALL RESPONSE,,RESOLVED,,"Service call failed with data: {'serialNumber': 'TCF_EDU_3', 'actions': [{'actionType': 'customInstantAction', 'actionId': '110223f2-86dc-4d19-a1a1-9d1662cfb598', 'actionDescription': 'service_call', 'blockingType': 'HARD', 'actionParameters': [{'key': 'service', 'value': '/TCF_EDU_3/tms_retry'}, {'key': 'data', 'value': {}}, {'key': 'require_response', 'value': True}]}]}",2026-08-04 21:22:21 +07:00,00h 00m 04s,4,
380312,TCF_EDU_3,MAG_FORKLIFT,TCF_EDU,EH2-2.4,E-Stop not released properly. Press Resume button.,,RESOLVED,,,2026-08-04 21:22:16 +07:00,00h 00m 13s,13,dfa0632c-25a0-40dd-93de-d1e9458d58ca
380311,TCF_EDU_3,MAG_FORKLIFT,TCF_EDU,EH4-4.8,Brake Engaged,,RESOLVED,,,2026-08-04 21:22:11 +07:00,00h 00m 15s,15,d25b2f07-83dd-46f5-a3cb-db0d7c282f59
380310,TCF_EDU_3,MAG_FORKLIFT,TCF_EDU,ES4-4.5,Protective field breach,Protective field breach,RESOLVED,,,2026-08-04 21:22:09 +07:00,00h 00m 01s,1,16acdbbf-aa40-4a24-a52e-cdfa78807833
380309,TCF_EDU_4,MAG_FORKLIFT,TCF_EDU,EH4-4.8,Brake Engaged,,RESOLVED,,,2026-08-04 21:22:02 +07:00,00h 00m 00s,0,a8d4c57c-9910-4e74-9f54-2ce7e6d42f4b
380308,TCF_EDU_4,MAG_FORKLIFT,TCF_EDU,ES4-4.5,Protective field breach,Protective field breach,RESOLVED,,,2026-08-04 21:22:01 +07:00,00h 00m 01s,1,8a050601-fcc9-4669-b389-864fd791737a
380307,TCF_EDU_1,MAG_FORKLIFT,TCF_EDU,ESFL1-2.13,Software has crashed : VDA Client,,RESOLVED,,,2026-08-04 21:21:32 +07:00,00h 01m 21s,81,2c06c186-1624-4666-97fa-88a324f21c02
380306,TCF_EDU_4,MAG_FORKLIFT,TCF_EDU,EHFL4-1.49,Drive Motor Fault - Main Driver Fault,"""Set: Main Contactor driver is either open or shorted. This fault can be set only when Main Enable = On.Clear: Restore/repair any external wiring or device coil to the correct state",RESOLVED,,,2026-08-04 21:20:44 +07:00,00h 00m 00s,0,7256bff4-f7df-4318-82d3-330a9a6afb17
380305,TCF_EDU_4,MAG_FORKLIFT,TCF_EDU,FMS1-1.1,SERVICE CALL RESPONSE,,RESOLVED,,"Service call failed with data: {'serialNumber': 'TCF_EDU_4', 'actions': [{'actionType': 'customInstantAction', 'actionId': 'fab3f8a7-3909-42e6-88eb-7fed11ae9fc1', 'actionDescription': 'service_call', 'blockingType': 'HARD', 'actionParameters': [{'key': 'service', 'value': '/TCF_EDU_4/remove_error'}, {'key': 'data', 'value': {'error_id': 'b9fbf079-4b71-4145-9d35-4d13628bd702'}}, {'key': 'require_response', 'value': True}]}]}",2026-08-04 21:20:44 +07:00,00h 00m 00s,0,
380304,TCF_EDU_4,MAG_FORKLIFT,TCF_EDU,FMS1-1.1,SERVICE CALL RESPONSE,,RESOLVED,,"Service call failed with data: {'serialNumber': 'TCF_EDU_4', 'actions': [{'actionType': 'customInstantAction', 'actionId': 'ddba87e2-7a66-41af-aaa5-b880020823bf', 'actionDescription': 'service_call', 'blockingType': 'HARD', 'actionParameters': [{'key': 'service', 'value': '/TCF_EDU_4/tms_retry'}, {'key': 'data', 'value': {}}, {'key': 'require_response', 'value': True}]}]}",2026-08-04 21:20:39 +07:00,00h 00m 04s,4,
380303,TCF_EDU_4,MAG_FORKLIFT,TCF_EDU,EH2-2.4,E-Stop not released properly. Press Resume button.,,RESOLVED,,,2026-08-04 21:20:34 +07:00,00h 00m 10s,10,b9fbf079-4b71-4145-9d35-4d13628bd702
380302,TCF_EDU_3,MAG_FORKLIFT,TCF_EDU,WF1-1.2,Robot is Offline,,RESOLVED,,,2026-08-04 21:19:39 +07:00,00h 00m 00s,0,
380301,TCF_EDU_1,MAG_FORKLIFT,TCF_EDU,EH4-4.8,Brake Engaged,,RESOLVED,,,2026-08-04 21:19:23 +07:00,00h 00m 43s,43,b88388b5-4910-4050-aea7-a47bd8096f05
380300,TCF_EDU_1,MAG_FORKLIFT,TCF_EDU,ES4-4.5,Protective field breach,Protective field breach,RESOLVED,,,2026-08-04 21:19:22 +07:00,00h 00m 01s,1,ded58b1e-87c9-40d4-ba09-8cb90bf67942
380299,TCF_EDU_4,MAG_FORKLIFT,TCF_EDU,EH4-4.8,Brake Engaged,,RESOLVED,,,2026-08-04 21:18:35 +07:00,00h 00m 00s,0,c74e1427-9837-414b-bb49-0075b1ac6ee5
380298,TCF_EDU_4,MAG_FORKLIFT,TCF_EDU,ES4-4.5,Protective field breach,Protective field breach,RESOLVED,,,2026-08-04 21:18:34 +07:00,00h 00m 01s,1,851dfaa7-bc0c-41e7-a8e4-5a5c940f6ddc
380297,TCF_EDU_1,MAG_FORKLIFT,TCF_EDU,EH4-4.8,Brake Engaged,,RESOLVED,,,2026-08-04 21:18:19 +07:00,00h 00m 01s,1,5b4f6b90-4967-4dcd-bf2f-26739bb9c6ae
380296,TCF_EDU_1,MAG_FORKLIFT,TCF_EDU,ES4-4.5,Protective field breach,Protective field breach,RESOLVED,,,2026-08-04 21:18:18 +07:00,00h 00m 01s,1,1e46c8e9-07bc-4b00-86ef-37347e17a501
380295,TCF_EDU_4,MAG_FORKLIFT,TCF_EDU,EH4-4.8,Brake Engaged,,RESOLVED,,,2026-08-04 21:17:32 +07:00,00h 00m 02s,2,c18c207c-5488-48af-840a-06c85eb24d42
380294,TCF_EDU_3,MAG_FORKLIFT,TCF_EDU,EH4-4.8,Brake Engaged,,RESOLVED,,,2026-08-04 21:17:01 +07:00,00h 00m 02s,2,86d00c56-3692-433c-9587-d415e65b7c52
380293,TCF_EDU_3,MAG_FORKLIFT,TCF_EDU,ES4-4.5,Protective field breach,Protective field breach,RESOLVED,,,2026-08-04 21:16:59 +07:00,00h 00m 02s,2,6ced9831-9e5b-41b4-95e3-91b4eda45636
380292,TCF_EDU_1,MAG_FORKLIFT,TCF_EDU,EH4-4.8,Brake Engaged,,RESOLVED,,,2026-08-04 21:16:56 +07:00,00h 00m 00s,0,556380f8-587c-48e8-a793-b3ca7e1b09d3
380291,TCF_EDU_1,MAG_FORKLIFT,TCF_EDU,ES4-4.5,Protective field breach,Protective field breach,RESOLVED,,,2026-08-04 21:16:55 +07:00,00h 00m 01s,1,20644fbc-9df9-4984-b7b8-2f11d220b8a4
380290,TCF_EDU_1,MAG_FORKLIFT,TCF_EDU,EH4-4.8,Brake Engaged,,RESOLVED,,,2026-08-04 21:16:51 +07:00,00h 00m 01s,1,b1582260-773b-41ef-927d-4178267b5009
380289,TCF_EDU_1,MAG_FORKLIFT,TCF_EDU,ES4-4.5,Protective field breach,Protective field breach,RESOLVED,,,2026-08-04 21:16:49 +07:00,00h 00m 02s,2,b1d4e621-fb56-49ea-b1ec-984510118a3f
380288,TCF_EDU_3,MAG_FORKLIFT,TCF_EDU,ES5-5.1,AMR not on path,,RESOLVED,,,2026-08-04 21:16:33 +07:00,00h 00m 24s,24,2ca397bb-9694-4f6c-af12-ead158076b38
380287,TCF_EDU_1,MAG_FORKLIFT,TCF_EDU,ES6-6.34,Marker Not Found,,RESOLVED,,,2026-08-04 21:16:19 +07:00,00h 00m 29s,29,efac4149-4f37-4eab-82dd-275da6cfa724
380286,TCF_EDU_3,MAG_FORKLIFT,TCF_EDU,EHFL4-1.49,Drive Motor Fault - Main Driver Fault,"""Set: Main Contactor driver is either open or shorted. This fault can be set only when Main Enable = On.Clear: Restore/repair any external wiring or device coil to the correct state",RESOLVED,,,2026-08-04 21:16:18 +07:00,00h 00m 00s,0,b9ff2d2d-cb9e-445c-ae03-a19a58294c63
380285,TCF_EDU_3,MAG_FORKLIFT,TCF_EDU,FMS1-1.1,SERVICE CALL RESPONSE,,RESOLVED,,"Service call failed with data: {'serialNumber': 'TCF_EDU_3', 'actions': [{'actionType': 'customInstantAction', 'actionId': 'c0d4600f-1cf2-4b10-8c18-073ab9f00285', 'actionDescription': 'service_call', 'blockingType': 'HARD', 'actionParameters': [{'key': 'service', 'value': '/TCF_EDU_3/remove_error'}, {'key': 'data', 'value': {'error_id': 'ef9202bd-caba-4d18-982a-2d51aea9d493'}}, {'key': 'require_response', 'value': True}]}]}",2026-08-04 21:16:17 +07:00,00h 00m 00s,0,
380284,TCF_BOX_2,MAG_FORKLIFT,TCF_BOX,EFMS2-1.1,Task stuck in assigned state,,RESOLVED,,Task 27541 has been stuck in assigned state,2026-08-04 21:16:17 +07:00,00h 02m 32s,152,fa3c1a0b-65e0-4a96-8d99-b4face42a57a
380283,TCF_EDU_3,MAG_FORKLIFT,TCF_EDU,FMS1-1.1,SERVICE CALL RESPONSE,,RESOLVED,,"Service call failed with data: {'serialNumber': 'TCF_EDU_3', 'actions': [{'actionType': 'customInstantAction', 'actionId': 'ab2c9a2b-575c-4584-93b3-67fa4c3df0c0', 'actionDescription': 'service_call', 'blockingType': 'HARD', 'actionParameters': [{'key': 'service', 'value': '/TCF_EDU_3/tms_retry'}, {'key': 'data', 'value': {}}, {'key': 'require_response', 'value': True}]}]}",2026-08-04 21:16:12 +07:00,00h 00m 04s,4,
380282,TCF_EDU_3,MAG_FORKLIFT,TCF_EDU,EH2-2.4,E-Stop not released properly. Press Resume button.,,RESOLVED,,,2026-08-04 21:16:07 +07:00,00h 00m 10s,10,ef9202bd-caba-4d18-982a-2d51aea9d493
380281,TCF_EDU_3,MAG_FORKLIFT,TCF_EDU,ES4-4.5,Protective field breach,Protective field breach,RESOLVED,,,2026-08-04 21:16:06 +07:00,00h 00m 11s,11,4b6ef40c-13ea-4835-b54c-8cd933a36bc7
380280,TCF_EDU_1,MAG_FORKLIFT,TCF_EDU,ESFL1-2.13,Software has crashed : VDA Client,,RESOLVED,,,2026-08-04 21:12:28 +07:00,00h 00m 14s,14,c52e4095-3e6b-4f2b-aa96-83d84e53ae6c
380279,TCF_BOX_1,MAG_FORKLIFT,TCF_BOX,ES4-4.5,Protective field breach,Protective field breach,RESOLVED,,,2026-08-04 21:12:26 +07:00,00h 45m 01s,2701,82b116d7-da0b-457f-be27-15b775d1d92c
380278,TCF_BOX_1,MAG_FORKLIFT,TCF_BOX,EH4-4.8,Brake Engaged,,RESOLVED,,,2026-08-04 21:11:56 +07:00,00h 00m 30s,30,b5f8c197-5d93-4d7f-82d8-443d8ebc0726
380276,TCF_EDU_3,MAG_FORKLIFT,TCF_EDU,EH4-4.8,Brake Engaged,,RESOLVED,,,2026-08-04 21:10:47 +07:00,00h 00m 25s,25,70e70d1a-8283-43b8-bbe4-02046296f590
380275,TCF_EDU_3,MAG_FORKLIFT,TCF_EDU,ES4-4.5,Protective field breach,Protective field breach,RESOLVED,,,2026-08-04 21:10:45 +07:00,00h 00m 02s,2,a7b52c2b-7386-421e-a729-436e5b8a4192
380274,TCF_EDU_3,MAG_FORKLIFT,TCF_EDU,EH4-4.8,Brake Engaged,,RESOLVED,,,2026-08-04 21:10:03 +07:00,00h 00m 37s,37,7d8ca6ab-1afc-4960-a106-a74ee4137c99
380273,TCF_EDU_3,MAG_FORKLIFT,TCF_EDU,ES4-4.5,Protective field breach,Protective field breach,RESOLVED,,,2026-08-04 21:10:01 +07:00,00h 00m 02s,2,12ff9969-e682-4f71-b2c2-88f817c333b2
380272,TCF_EDU_1,MAG_FORKLIFT,TCF_EDU,EH4-4.8,Brake Engaged,,RESOLVED,,,2026-08-04 21:09:51 +07:00,00h 00m 26s,26,b9b96a46-a916-4595-a1da-0cabfb334d8e
380271,TCF_EDU_1,MAG_FORKLIFT,TCF_EDU,ES4-4.5,Protective field breach,Protective field breach,RESOLVED,,,2026-08-04 21:09:50 +07:00,00h 00m 01s,1,d07a61ba-252d-4855-8e57-4d0cc592ead4
380270,TCF_EDU_1,MAG_FORKLIFT,TCF_EDU,EH4-4.8,Brake Engaged,,RESOLVED,,,2026-08-04 21:09:08 +07:00,00h 00m 10s,10,14077f77-37f4-43e7-80cc-a86ff210d9ee
380269,TCF_EDU_1,MAG_FORKLIFT,TCF_EDU,ES4-4.5,Protective field breach,Protective field breach,RESOLVED,,,2026-08-04 21:09:07 +07:00,00h 00m 00s,0,302d3953-231e-406f-b029-d149e9bfa158
380268,TCF_EDU_1,MAG_FORKLIFT,TCF_EDU,FMS1-1.1,SERVICE CALL RESPONSE,,RESOLVED,,"Service call failed with data: {'serialNumber': 'TCF_EDU_1', 'actions': [{'actionType': 'customInstantAction', 'actionId': '22db76e4-1607-4509-bc77-104968044b74', 'actionDescription': 'service_call', 'blockingType': 'HARD', 'actionParameters': [{'key': 'service', 'value': '/TCF_EDU_1/remove_error'}, {'key': 'data', 'value': {'error_id': 'cc6a0627-4d89-44b2-a276-d7a60874d501'}}, {'key': 'require_response', 'value': True}]}]}",2026-08-04 21:08:18 +07:00,00h 00m 00s,0,
380267,TCF_EDU_1,MAG_FORKLIFT,TCF_EDU,EH4-4.11,Steering lock detected,,RESOLVED,,,2026-08-04 21:08:13 +07:00,00h 00m 05s,5,cc6a0627-4d89-44b2-a276-d7a60874d501
380266,TCF_EDU_1,MAG_FORKLIFT,TCF_EDU,EH4-4.8,Brake Engaged,,RESOLVED,,,2026-08-04 21:08:12 +07:00,00h 00m 05s,5,517408ca-dee9-4d8b-b2b6-f9c9ed3d6241
380265,TCF_EDU_1,MAG_FORKLIFT,TCF_EDU,FMS1-1.1,SERVICE CALL RESPONSE,,RESOLVED,,"Service call failed with data: {'serialNumber': 'TCF_EDU_1', 'actions': [{'actionType': 'customInstantAction', 'actionId': 'd118b506-c326-4124-bcf1-6357d2a35e38', 'actionDescription': 'service_call', 'blockingType': 'HARD', 'actionParameters': [{'key': 'service', 'value': '/TCF_EDU_1/remove_error'}, {'key': 'data', 'value': {'error_id': '333c5829-51e6-4be7-86d8-d07e931a14b7'}}, {'key': 'require_response', 'value': True}]}]}",2026-08-04 21:08:12 +07:00,00h 00m 00s,0,
380264,TCF_EDU_1,MAG_FORKLIFT,TCF_EDU,FMS1-1.1,SERVICE CALL RESPONSE,,RESOLVED,,"Service call failed with data: {'serialNumber': 'TCF_EDU_1', 'actions': [{'actionType': 'customInstantAction', 'actionId': '57404243-6c74-4143-8ad1-5937443bc3af', 'actionDescription': 'service_call', 'blockingType': 'HARD', 'actionParameters': [{'key': 'service', 'value': '/TCF_EDU_1/tms_retry'}, {'key': 'data', 'value': {}}, {'key': 'require_response', 'value': True}]}]}",2026-08-04 21:08:07 +07:00,00h 00m 04s,4,
380263,TCF_EDU_1,MAG_FORKLIFT,TCF_EDU,EH2-2.4,E-Stop not released properly. Press Resume button.,,RESOLVED,,,2026-08-04 21:08:02 +07:00,00h 00m 10s,10,333c5829-51e6-4be7-86d8-d07e931a14b7
380262,TCF_EDU_3,MAG_FORKLIFT,TCF_EDU,EH6-6.1,Low Localization Score,Please try to set the correct pose of robot,RESOLVED,,,2026-08-04 21:08:01 +07:00,00h 00m 10s,10,1632c8d0-40ef-4db9-a92f-6871df01dbcd
380261,TCF_EDU_3,MAG_FORKLIFT,TCF_EDU,EH6-6.1,Low Localization Score,Please try to set the correct pose of robot,RESOLVED,,,2026-08-04 21:07:58 +07:00,00h 00m 01s,1,e2bc54b5-cd77-4903-867c-39bede15e3c8
380260,TCF_EDU_3,MAG_FORKLIFT,TCF_EDU,EH6-6.1,Low Localization Score,Please try to set the correct pose of robot,RESOLVED,,,2026-08-04 21:07:46 +07:00,00h 00m 01s,1,bdeac1a1-b53e-43ad-949b-54d52bb48ca2
380259,TCF_EDU_3,MAG_FORKLIFT,TCF_EDU,EH6-6.1,Low Localization Score,Please try to set the correct pose of robot,RESOLVED,,,2026-08-04 21:07:33 +07:00,00h 00m 01s,1,1763cfe3-fd79-47c9-a90b-8b85eea4997f
380258,TCF_EDU_3,MAG_FORKLIFT,TCF_EDU,EH6-6.1,Low Localization Score,Please try to set the correct pose of robot,RESOLVED,,,2026-08-04 21:07:29 +07:00,00h 00m 02s,2,fa26effe-e60b-4d1e-a21e-07ee7980b6c8
380257,TCF_EDU_3,MAG_FORKLIFT,TCF_EDU,EH6-6.1,Low Localization Score,Please try to set the correct pose of robot,RESOLVED,,,2026-08-04 21:07:17 +07:00,00h 00m 01s,1,a679af27-abab-4562-a04d-233740574b85
380256,TCF_EDU_3,MAG_FORKLIFT,TCF_EDU,EH6-6.1,Low Localization Score,Please try to set the correct pose of robot,RESOLVED,,,2026-08-04 21:06:57 +07:00,00h 00m 01s,1,f99db754-f7b7-4158-a3ad-cddd868e15d8
380255,TCF_EDU_3,MAG_FORKLIFT,TCF_EDU,EH6-6.1,Low Localization Score,Please try to set the correct pose of robot,RESOLVED,,,2026-08-04 21:06:55 +07:00,00h 00m 00s,0,52f1d605-5a14-4166-a61c-aca71ef350c6
380254,TCF_EDU_3,MAG_FORKLIFT,TCF_EDU,EH6-6.1,Low Localization Score,Please try to set the correct pose of robot,RESOLVED,,,2026-08-04 21:06:53 +07:00,00h 00m 01s,1,92955d82-7ba5-4f2c-8014-55649a2c1c06
380253,TCF_EDU_3,MAG_FORKLIFT,TCF_EDU,EH6-6.1,Low Localization Score,Please try to set the correct pose of robot,RESOLVED,,,2026-08-04 21:06:46 +07:00,00h 00m 00s,0,509f5cac-c62d-46db-850b-001e5994592b
380252,TCF_EDU_3,MAG_FORKLIFT,TCF_EDU,EH6-6.1,Low Localization Score,Please try to set the correct pose of robot,RESOLVED,,,2026-08-04 21:06:30 +07:00,00h 00m 00s,0,187a4f2c-9332-4c8e-8807-73dcbc3d0a19
380251,TCF_EDU_2,MAG_FORKLIFT,TCF_EDU,EH4-4.8,Brake Engaged,,RESOLVED,,,2026-08-04 21:06:28 +07:00,00h 00m 01s,1,abe95f3e-3c89-4111-866e-74afc3efcbe9
380250,TCF_EDU_3,MAG_FORKLIFT,TCF_EDU,EH6-6.1,Low Localization Score,Please try to set the correct pose of robot,RESOLVED,,,2026-08-04 21:06:26 +07:00,00h 00m 01s,1,bb130dca-2a2b-4372-bfa9-c2be7b49b710
380249,TCF_EDU_2,MAG_FORKLIFT,TCF_EDU,ES4-4.5,Protective field breach,Protective field breach,RESOLVED,,,2026-08-04 21:06:20 +07:00,00h 00m 08s,8,431dedf5-7893-4e79-b98c-8f36a965a7d1
380248,TCF_EDU_3,MAG_FORKLIFT,TCF_EDU,EH6-6.1,Low Localization Score,Please try to set the correct pose of robot,RESOLVED,,,2026-08-04 21:06:14 +07:00,00h 00m 02s,2,68ff999a-8d62-4486-82e6-0f7802db1cf5
380247,TCF_EDU_2,MAG_FORKLIFT,TCF_EDU,ES4-4.5,Protective field breach,Protective field breach,RESOLVED,,,2026-08-04 21:06:08 +07:00,00h 00m 09s,9,5f7d5f9c-97c7-4475-99b3-b9975df32903
380246,TCF_EDU_3,MAG_FORKLIFT,TCF_EDU,EH6-6.1,Low Localization Score,Please try to set the correct pose of robot,RESOLVED,,,2026-08-04 21:06:06 +07:00,00h 00m 01s,1,9c911a41-c208-42a7-aa6d-846dbd4dc1b3
380245,TCF_EDU_2,MAG_FORKLIFT,TCF_EDU,EH4-4.8,Brake Engaged,,RESOLVED,,,2026-08-04 21:06:05 +07:00,00h 00m 00s,0,4486f4a5-3eff-4ab2-b8ac-894a50461cc4
380244,TCF_EDU_3,MAG_FORKLIFT,TCF_EDU,EH6-6.1,Low Localization Score,Please try to set the correct pose of robot,RESOLVED,,,2026-08-04 21:06:03 +07:00,00h 00m 01s,1,b89f0126-5b97-4161-b6b6-69c8a4e74d71
380243,TCF_EDU_2,MAG_FORKLIFT,TCF_EDU,ES4-4.5,Protective field breach,Protective field breach,RESOLVED,,,2026-08-04 21:06:03 +07:00,00h 00m 02s,2,84a9a1c0-1c27-4c50-acc4-7626321b8681
380242,TCF_EDU_3,MAG_FORKLIFT,TCF_EDU,EH6-6.1,Low Localization Score,Please try to set the correct pose of robot,RESOLVED,,,2026-08-04 21:05:41 +07:00,00h 00m 01s,1,46036f13-370b-4561-bd46-94fca5bf3d9b
380241,TCF_EDU_4,MAG_FORKLIFT,TCF_EDU,EH4-4.8,Brake Engaged,,RESOLVED,,,2026-08-04 21:05:41 +07:00,00h 00m 01s,1,ef13ec8b-27cd-4dc3-bdff-512ca55b5707
380240,TCF_EDU_4,MAG_FORKLIFT,TCF_EDU,ES4-4.5,Protective field breach,Protective field breach,RESOLVED,,,2026-08-04 21:05:40 +07:00,00h 00m 00s,0,1dab0999-8574-4c0e-bf6a-362092068fff
380239,TCF_EDU_4,MAG_FORKLIFT,TCF_EDU,EH4-4.8,Brake Engaged,,RESOLVED,,,2026-08-04 21:05:34 +07:00,00h 00m 01s,1,c7d1a463-b1c4-4990-bba9-e12868ecca18
380238,TCF_EDU_4,MAG_FORKLIFT,TCF_EDU,ES4-4.5,Protective field breach,Protective field breach,RESOLVED,,,2026-08-04 21:05:32 +07:00,00h 00m 01s,1,730e1146-6b84-4c3d-97a3-433880d0d12e
380237,TCF_EDU_4,MAG_FORKLIFT,TCF_EDU,EH4-4.8,Brake Engaged,,RESOLVED,,,2026-08-04 21:05:26 +07:00,00h 00m 00s,0,680d7307-eeea-43a4-8fef-58ba3a916298
380236,TCF_EDU_4,MAG_FORKLIFT,TCF_EDU,ES4-4.5,Protective field breach,Protective field breach,RESOLVED,,,2026-08-04 21:05:24 +07:00,00h 00m 02s,2,4e8056b7-aefe-466a-aa82-abf55480845d
380235,TCF_EDU_4,MAG_FORKLIFT,TCF_EDU,EHFL4-1.49,Drive Motor Fault - Main Driver Fault,"""Set: Main Contactor driver is either open or shorted. This fault can be set only when Main Enable = On.Clear: Restore/repair any external wiring or device coil to the correct state",RESOLVED,,,2026-08-04 21:05:15 +07:00,00h 00m 00s,0,72a0e3b2-abdf-4258-9ab2-c73e16cf9223
380234,TCF_EDU_4,MAG_FORKLIFT,TCF_EDU,EH4-4.8,Brake Engaged,,RESOLVED,,,2026-08-04 21:05:09 +07:00,00h 00m 06s,6,99f280c3-e813-498e-89aa-3945d8127eb5
380233,TCF_EDU_4,MAG_FORKLIFT,TCF_EDU,ES4-4.5,Protective field breach,Protective field breach,RESOLVED,,,2026-08-04 21:05:08 +07:00,00h 00m 01s,1,32ddccda-1ffa-4764-9a11-b76a5fd31cf8
380232,TCF_BOX_2,MAG_FORKLIFT,TCF_BOX,ESFL1-2.12,Software has crashed : obstacle stopper,,RESOLVED,,,2026-08-04 21:04:14 +07:00,00h 00m 03s,3,1c88cf1c-6466-49ec-b314-35199e0f2210
380231,TCF_BOX_2,MAG_FORKLIFT,TCF_BOX,FMS1-1.1,SERVICE CALL RESPONSE,,RESOLVED,,"Service call failed with data: {'serialNumber': 'TCF_BOX_2', 'actions': [{'actionType': 'customInstantAction', 'actionId': 'ac515b46-ad48-451f-8353-3e0ace9ad225', 'actionDescription': 'service_call', 'blockingType': 'HARD', 'actionParameters': [{'key': 'service', 'value': '/TCF_BOX_2/remove_error'}, {'key': 'data', 'value': {'error_id': '7ab01ec5-365f-4ddc-83b3-09be862428e7'}}, {'key': 'require_response', 'value': True}]}]}",2026-08-04 21:04:12 +07:00,00h 00m 00s,0,
380230,TCF_BOX_2,MAG_FORKLIFT,TCF_BOX,ESFL1-2.12,Software has crashed : obstacle stopper,,RESOLVED,,,2026-08-04 21:04:07 +07:00,00h 00m 07s,7,7ab01ec5-365f-4ddc-83b3-09be862428e7
380229,TCF_EDU_3,MAG_FORKLIFT,TCF_EDU,EH4-4.8,Brake Engaged,,RESOLVED,,,2026-08-04 21:03:44 +07:00,00h 00m 01s,1,759e5aef-f010-4dce-80ef-59043c4bd3af
380228,TCF_EDU_3,MAG_FORKLIFT,TCF_EDU,ES4-4.5,Protective field breach,Protective field breach,RESOLVED,,,2026-08-04 21:03:42 +07:00,00h 00m 02s,2,a81f6297-5068-43b7-b530-74c0aeb1a93b
380227,TCF_EDU_3,MAG_FORKLIFT,TCF_EDU,EH4-4.8,Brake Engaged,,RESOLVED,,,2026-08-04 21:03:19 +07:00,00h 00m 21s,21,03395ed0-c1d5-4e99-94fe-6cf93d65c965
380226,TCF_EDU_3,MAG_FORKLIFT,TCF_EDU,ES4-4.5,Protective field breach,Protective field breach,RESOLVED,,,2026-08-04 21:03:18 +07:00,00h 00m 01s,1,4a23d348-6c64-479c-997b-24763834106a
380225,TCF_EDU_3,MAG_FORKLIFT,TCF_EDU,ES5-5.1,AMR not on path,,RESOLVED,,,2026-08-04 21:02:40 +07:00,00h 00m 07s,7,514a297e-7476-4469-bc0f-ecbcad429399
380224,TCF_BOX_2,MAG_FORKLIFT,TCF_BOX,WF1-1.2,Robot is Offline,,RESOLVED,,,2026-08-04 21:02:25 +07:00,00h 01m 17s,77,
380223,TCF_EDU_3,MAG_FORKLIFT,TCF_EDU,ES5-5.1,AMR not on path,,RESOLVED,,,2026-08-04 21:01:39 +07:00,00h 00m 51s,51,a699153e-1fa8-4e5f-8e77-5f9ce0e46065
380222,TCF_EDU_3,MAG_FORKLIFT,TCF_EDU,EH6-6.1,Low Localization Score,Please try to set the correct pose of robot,RESOLVED,,,2026-08-04 20:59:57 +07:00,00h 00m 01s,1,c053facf-2be8-4a38-be02-a3692204e439
380221,TCF_EDU_3,MAG_FORKLIFT,TCF_EDU,EH6-6.1,Low Localization Score,Please try to set the correct pose of robot,RESOLVED,,,2026-08-04 20:59:11 +07:00,00h 00m 01s,1,b585bb81-b7c7-4eb3-a2bb-420a9b4df906
380220,TCF_EDU_3,MAG_FORKLIFT,TCF_EDU,EH6-6.1,Low Localization Score,Please try to set the correct pose of robot,RESOLVED,,,2026-08-04 20:59:05 +07:00,00h 00m 00s,0,e425879c-1365-4c66-b5b7-9673892eb20c
380219,TCF_EDU_3,MAG_FORKLIFT,TCF_EDU,EH6-6.1,Low Localization Score,Please try to set the correct pose of robot,RESOLVED,,,2026-08-04 20:58:42 +07:00,00h 00m 01s,1,bad97cf6-4b39-4ef5-98d6-7f06c41fba3f
380218,TCF_EDU_3,MAG_FORKLIFT,TCF_EDU,EH6-6.1,Low Localization Score,Please try to set the correct pose of robot,RESOLVED,,,2026-08-04 20:58:30 +07:00,00h 00m 00s,0,513081a7-8770-41c5-b2ec-28d231e59041
380217,TCF_BOX_2,MAG_FORKLIFT,TCF_BOX,EH6-6.1,Low Localization Score,Please try to set the correct pose of robot,RESOLVED,,,2026-08-04 20:58:26 +07:00,00h 03m 59s,239,0ff04e88-1f8f-4709-a736-bc0f1e35cac8
380216,TCF_EDU_3,MAG_FORKLIFT,TCF_EDU,EH6-6.1,Low Localization Score,Please try to set the correct pose of robot,RESOLVED,,,2026-08-04 20:58:09 +07:00,00h 00m 01s,1,287fca8e-84e0-4109-875f-d62ad2c56d37
380215,TCF_EDU_3,MAG_FORKLIFT,TCF_EDU,EH6-6.1,Low Localization Score,Please try to set the correct pose of robot,RESOLVED,,,2026-08-04 20:57:17 +07:00,00h 00m 01s,1,a2b66c69-2126-4a31-9c22-afb5d905329e
380214,TCF_EDU_3,MAG_FORKLIFT,TCF_EDU,EH6-6.1,Low Localization Score,Please try to set the correct pose of robot,RESOLVED,,,2026-08-04 20:57:13 +07:00,00h 00m 01s,1,e0027013-4457-45ec-a034-4728ab82edb8
380213,TCF_EDU_3,MAG_FORKLIFT,TCF_EDU,EH6-6.1,Low Localization Score,Please try to set the correct pose of robot,RESOLVED,,,2026-08-04 20:57:07 +07:00,00h 00m 01s,1,9df808b9-1e66-4497-b780-66f6659854b4
380212,TCF_EDU_3,MAG_FORKLIFT,TCF_EDU,EH6-6.1,Low Localization Score,Please try to set the correct pose of robot,RESOLVED,,,2026-08-04 20:56:58 +07:00,00h 00m 01s,1,bd035eee-aad6-427a-972a-1919d35c9069
380211,TCF_EDU_3,MAG_FORKLIFT,TCF_EDU,EH6-6.1,Low Localization Score,Please try to set the correct pose of robot,RESOLVED,,,2026-08-04 20:56:51 +07:00,00h 00m 01s,1,74ce6fd1-b125-4279-9eb5-4350bfca32be
380210,TCF_EDU_3,MAG_FORKLIFT,TCF_EDU,EH6-6.1,Low Localization Score,Please try to set the correct pose of robot,RESOLVED,,,2026-08-04 20:56:41 +07:00,00h 00m 01s,1,37c5262f-026e-41e9-84ae-ea8f21e0c25d
380209,TCF_BOX_2,MAG_FORKLIFT,TCF_BOX,EH6-6.1,Low Localization Score,Please try to set the correct pose of robot,RESOLVED,,,2026-08-04 20:56:37 +07:00,00h 01m 47s,107,3ecefcf4-1570-44bc-bef6-88b25f37d8b7
380207,TCF_EDU_3,MAG_FORKLIFT,TCF_EDU,EH6-6.1,Low Localization Score,Please try to set the correct pose of robot,RESOLVED,,,2026-08-04 20:56:35 +07:00,00h 00m 01s,1,e2ca9137-0889-4c0e-aef5-bb3f57d8ca4d
380206,TCF_BOX_2,MAG_FORKLIFT,TCF_BOX,ESFL1-2.10,Software has crashed : Localization Node,,RESOLVED,,,2026-08-04 20:56:35 +07:00,00h 00m 02s,2,7354a04b-0edd-40a6-81bf-8aaf6035bc8d
380205,TCF_EDU_3,MAG_FORKLIFT,TCF_EDU,EH6-6.1,Low Localization Score,Please try to set the correct pose of robot,RESOLVED,,,2026-08-04 20:56:32 +07:00,00h 00m 01s,1,57ffab26-cd1e-4054-806b-6236296bcbc8
380204,TCF_EDU_3,MAG_FORKLIFT,TCF_EDU,EH6-6.1,Low Localization Score,Please try to set the correct pose of robot,RESOLVED,,,2026-08-04 20:56:23 +07:00,00h 00m 01s,1,de06718c-371b-405e-ac3a-92e1cf3520fa
380203,TCF_BOX_2,MAG_FORKLIFT,TCF_BOX,EH6-6.1,Low Localization Score,Please try to set the correct pose of robot,RESOLVED,,,2026-08-04 20:56:23 +07:00,00h 00m 12s,12,3ecefcf4-1570-44bc-bef6-88b25f37d8b7
380201,TCF_EDU_3,MAG_FORKLIFT,TCF_EDU,EH6-6.1,Low Localization Score,Please try to set the correct pose of robot,RESOLVED,,,2026-08-04 20:56:21 +07:00,00h 00m 00s,0,8d95fcc5-d816-4973-a888-3146921f761e
380200,TCF_BOX_2,MAG_FORKLIFT,TCF_BOX,ESFL1-2.11,Software has crashed : Navigation,,RESOLVED,,,2026-08-04 20:56:21 +07:00,00h 00m 02s,2,e1bd9a06-ba9c-433d-8fb5-0ceef87e0cee
380199,TCF_EDU_3,MAG_FORKLIFT,TCF_EDU,EH6-6.1,Low Localization Score,Please try to set the correct pose of robot,RESOLVED,,,2026-08-04 20:56:11 +07:00,00h 00m 01s,1,01ecf3ff-2eca-4998-aad6-961ec590d1a4
380198,TCF_EDU_3,MAG_FORKLIFT,TCF_EDU,EH6-6.1,Low Localization Score,Please try to set the correct pose of robot,RESOLVED,,,2026-08-04 20:55:59 +07:00,00h 00m 01s,1,0a6643e9-9af0-4229-ab1d-523621041689
380197,TCF_EDU_3,MAG_FORKLIFT,TCF_EDU,EH6-6.1,Low Localization Score,Please try to set the correct pose of robot,RESOLVED,,,2026-08-04 20:55:57 +07:00,00h 00m 00s,0,a495a2c6-759f-47a1-a631-580ca7306b7f
380196,TCF_EDU_3,MAG_FORKLIFT,TCF_EDU,EH6-6.1,Low Localization Score,Please try to set the correct pose of robot,RESOLVED,,,2026-08-04 20:55:50 +07:00,00h 00m 01s,1,4ddb618d-b389-4907-876b-f9351537c09b
380195,TCF_EDU_1,MAG_FORKLIFT,TCF_EDU,EH4-4.8,Brake Engaged,,RESOLVED,,,2026-08-04 20:55:28 +07:00,00h 00m 01s,1,8d6fde14-ff10-4227-a193-d3c263c7f78d
380194,TCF_EDU_1,MAG_FORKLIFT,TCF_EDU,ES4-4.5,Protective field breach,Protective field breach,RESOLVED,,,2026-08-04 20:55:26 +07:00,00h 00m 02s,2,e7020280-f475-4007-99d1-363cbaa64dad
380193,TCF_EDU_1,MAG_FORKLIFT,TCF_EDU,EH4-4.8,Brake Engaged,,RESOLVED,,,2026-08-04 20:55:25 +07:00,00h 00m 01s,1,6921f568-75cf-4985-a5d7-cfa6914104be
380192,TCF_EDU_1,MAG_FORKLIFT,TCF_EDU,ES4-4.5,Protective field breach,Protective field breach,RESOLVED,,,2026-08-04 20:55:24 +07:00,00h 00m 01s,1,8b3170f5-d42c-49cc-aef1-37d7667d5976
380191,TCF_EDU_1,MAG_FORKLIFT,TCF_EDU,EH4-4.8,Brake Engaged,,RESOLVED,,,2026-08-04 20:55:23 +07:00,00h 00m 00s,0,550c7715-f00c-4d30-bb81-761e498a1c23
380190,TCF_EDU_1,MAG_FORKLIFT,TCF_EDU,ES4-4.5,Protective field breach,Protective field breach,RESOLVED,,,2026-08-04 20:55:17 +07:00,00h 00m 06s,6,01bb9b10-6bb9-4211-a5df-89a5e191ab1e
380189,TCF_EDU_1,MAG_FORKLIFT,TCF_EDU,EH4-4.8,Brake Engaged,,RESOLVED,,,2026-08-04 20:55:16 +07:00,00h 00m 01s,1,910c0990-23ed-48a3-a090-f9205e2735a5
380188,TCF_EDU_1,MAG_FORKLIFT,TCF_EDU,ES4-4.5,Protective field breach,Protective field breach,RESOLVED,,,2026-08-04 20:55:14 +07:00,00h 00m 02s,2,e629de5e-9a97-4098-86b3-8c586caad9fa
380187,TCF_EDU_1,MAG_FORKLIFT,TCF_EDU,EH4-4.8,Brake Engaged,,RESOLVED,,,2026-08-04 20:55:12 +07:00,00h 00m 01s,1,baa79b2e-d667-422f-9ec0-5c2b9c68ea7b
380186,TCF_EDU_1,MAG_FORKLIFT,TCF_EDU,ES4-4.5,Protective field breach,Protective field breach,RESOLVED,,,2026-08-04 20:55:11 +07:00,00h 00m 01s,1,6b288909-a1e0-4d40-a15a-8e996cae4437
380185,TCF_EDU_1,MAG_FORKLIFT,TCF_EDU,EH4-4.8,Brake Engaged,,RESOLVED,,,2026-08-04 20:55:10 +07:00,00h 00m 00s,0,dfdbf99f-84e5-41df-9ab5-ea2725241ca2
380184,TCF_EDU_1,MAG_FORKLIFT,TCF_EDU,ES4-4.5,Protective field breach,Protective field breach,RESOLVED,,,2026-08-04 20:55:06 +07:00,00h 00m 04s,4,673d0a69-d91b-4ec3-8b21-59f958e3554b
380183,TCF_EDU_1,MAG_FORKLIFT,TCF_EDU,EH4-4.8,Brake Engaged,,RESOLVED,,,2026-08-04 20:55:04 +07:00,00h 00m 00s,0,482ffa6a-4f02-41f2-9469-ac839d975ffa
380182,TCF_EDU_1,MAG_FORKLIFT,TCF_EDU,ES4-4.5,Protective field breach,Protective field breach,RESOLVED,,,2026-08-04 20:55:03 +07:00,00h 00m 01s,1,15aa0f20-a2a1-44a3-9bb4-82792f60bfe0
380181,TCF_EDU_1,MAG_FORKLIFT,TCF_EDU,EH4-4.8,Brake Engaged,,RESOLVED,,,2026-08-04 20:55:00 +07:00,00h 00m 00s,0,13352ce1-18f1-430f-86b6-8c8a045887d2
380180,TCF_EDU_1,MAG_FORKLIFT,TCF_EDU,ES4-4.5,Protective field breach,Protective field breach,RESOLVED,,,2026-08-04 20:54:58 +07:00,00h 00m 01s,1,126b1052-fa96-4510-82e4-e7b8568b1b7d
380179,TCF_EDU_1,MAG_FORKLIFT,TCF_EDU,ES4-4.5,Protective field breach,Protective field breach,RESOLVED,,,2026-08-04 20:54:49 +07:00,00h 00m 07s,7,c3072dd5-4226-4a89-9ff5-4fd487d71fee
380178,TCF_BOX_2,MAG_FORKLIFT,TCF_BOX,EH6-6.1,Low Localization Score,Please try to set the correct pose of robot,RESOLVED,,,2026-08-04 20:54:27 +07:00,00h 01m 54s,114,3ecefcf4-1570-44bc-bef6-88b25f37d8b7
380177,TCF_EDU_3,MAG_FORKLIFT,TCF_EDU,EH4-4.8,Brake Engaged,,RESOLVED,,,2026-08-04 20:54:06 +07:00,00h 01m 41s,101,793b8bd1-6c0e-4c26-b080-aa375db74e53
380175,TCF_EDU_3,MAG_FORKLIFT,TCF_EDU,ESFL1-2.12,Software has crashed : obstacle stopper,,RESOLVED,,,2026-08-04 20:54:04 +07:00,00h 00m 01s,1,dc297796-22ba-4cd7-9472-82de520f4cd1
380173,TCF_EDU_3,MAG_FORKLIFT,TCF_EDU,EH4-4.8,Brake Engaged,,RESOLVED,,,2026-08-04 20:54:03 +07:00,00h 00m 01s,1,793b8bd1-6c0e-4c26-b080-aa375db74e53
380172,TCF_EDU_3,MAG_FORKLIFT,TCF_EDU,FMS1-1.1,SERVICE CALL RESPONSE,,RESOLVED,,"Service call failed with data: {'serialNumber': 'TCF_EDU_3', 'actions': [{'actionType': 'customInstantAction', 'actionId': '4d4034fd-0545-4e50-8e38-99edb3d740af', 'actionDescription': 'service_call', 'blockingType': 'HARD', 'actionParameters': [{'key': 'service', 'value': '/TCF_EDU_3/remove_error'}, {'key': 'data', 'value': {'error_id': 'dc297796-22ba-4cd7-9472-82de520f4cd1'}}, {'key': 'require_response', 'value': True}]}]}",2026-08-04 20:54:03 +07:00,00h 00m 00s,0,
380171,TCF_EDU_4,MAG_FORKLIFT,TCF_EDU,EHFL4-1.49,Drive Motor Fault - Main Driver Fault,"""Set: Main Contactor driver is either open or shorted. This fault can be set only when Main Enable = On.Clear: Restore/repair any external wiring or device coil to the correct state",RESOLVED,,,2026-08-04 20:54:03 +07:00,00h 00m 01s,1,2de17a8e-2fb7-4071-b262-a45bf77af8ae
380170,TCF_EDU_3,MAG_FORKLIFT,TCF_EDU,ESFL1-2.12,Software has crashed : obstacle stopper,,RESOLVED,,,2026-08-04 20:53:57 +07:00,00h 00m 05s,5,dc297796-22ba-4cd7-9472-82de520f4cd1
380169,TCF_EDU_4,MAG_FORKLIFT,TCF_EDU,FMS1-1.1,SERVICE CALL RESPONSE,,RESOLVED,,"Service call failed with data: {'serialNumber': 'TCF_EDU_4', 'actions': [{'actionType': 'customInstantAction', 'actionId': 'e25b384e-58db-44a5-acd4-22d30be32439', 'actionDescription': 'service_call', 'blockingType': 'HARD', 'actionParameters': [{'key': 'service', 'value': '/TCF_EDU_4/remove_error'}, {'key': 'data', 'value': {'error_id': '40e52129-04a2-4980-8520-d96d5185a7ee'}}, {'key': 'require_response', 'value': True}]}]}",2026-08-04 20:53:57 +07:00,00h 00m 00s,0,
380168,TCF_EDU_4,MAG_FORKLIFT,TCF_EDU,FMS1-1.1,SERVICE CALL RESPONSE,,RESOLVED,,"Service call failed with data: {'serialNumber': 'TCF_EDU_4', 'actions': [{'actionType': 'customInstantAction', 'actionId': '4404637c-1b1f-4c43-8dbb-6e49fa6b1a37', 'actionDescription': 'service_call', 'blockingType': 'HARD', 'actionParameters': [{'key': 'service', 'value': '/TCF_EDU_4/tms_retry'}, {'key': 'data', 'value': {}}, {'key': 'require_response', 'value': True}]}]}",2026-08-04 20:53:52 +07:00,00h 00m 04s,4,
380167,TCF_EDU_4,MAG_FORKLIFT,TCF_EDU,EH2-2.4,E-Stop not released properly. Press Resume button.,,RESOLVED,,,2026-08-04 20:53:47 +07:00,00h 00m 10s,10,40e52129-04a2-4980-8520-d96d5185a7ee
380166,TCF_EDU_4,MAG_FORKLIFT,TCF_EDU,ES5-5.1,AMR not on path,,RESOLVED,,,2026-08-04 20:53:25 +07:00,00h 00m 32s,32,d6aed302-4851-49a4-86dc-a76e856863db
380165,TCF_EDU_3,MAG_FORKLIFT,TCF_EDU,WF1-1.2,Robot is Offline,,RESOLVED,,,2026-08-04 20:52:01 +07:00,00h 01m 22s,82,
380164,TCF_EDU_3,MAG_FORKLIFT,TCF_EDU,EH8-8.2,Fork HW Timeout,,RESOLVED,,,2026-08-04 20:51:38 +07:00,00h 00m 23s,23,fbc23720-54dc-4ae9-bc23-caae204b1181
380163,TCF_EDU_3,MAG_FORKLIFT,TCF_EDU,EH4-4.8,Brake Engaged,,RESOLVED,,,2026-08-04 20:51:34 +07:00,00h 00m 04s,4,009ac47d-cfa4-41ea-8c0f-4b4a74a438e1
380162,TCF_EDU_3,MAG_FORKLIFT,TCF_EDU,ES4-4.5,Protective field breach,Protective field breach,RESOLVED,,,2026-08-04 20:51:33 +07:00,00h 00m 01s,1,3315a86b-1400-42da-9824-734e0c6ea910
380161,TCF_EDU_3,MAG_FORKLIFT,TCF_EDU,ES5-5.1,AMR not on path,,RESOLVED,,,2026-08-04 20:51:30 +07:00,00h 00m 01s,1,c5990331-f705-4f51-8080-727c4e3ba09f
380160,TCF_BOX_2,MAG_FORKLIFT,TCF_BOX,EH6-6.1,Low Localization Score,Please try to set the correct pose of robot,RESOLVED,,,2026-08-04 20:51:30 +07:00,00h 02m 55s,175,3533a512-f328-488b-bc5d-7bdad704578f
380159,TCF_EDU_3,MAG_FORKLIFT,TCF_EDU,ES4-4.5,Protective field breach,Protective field breach,RESOLVED,,,2026-08-04 20:51:11 +07:00,00h 00m 01s,1,c784e816-7668-42e3-9090-77b20b1ff8fc
380158,TCF_EDU_3,MAG_FORKLIFT,TCF_EDU,EH4-4.11,Steering lock detected,,RESOLVED,,,2026-08-04 20:50:59 +07:00,00h 00m 12s,12,d124c16b-2521-40dc-adc9-41ddd6aaf3f9
380157,TCF_EDU_3,MAG_FORKLIFT,TCF_EDU,EH4-4.11,Steering lock detected,,RESOLVED,,,2026-08-04 20:50:48 +07:00,00h 00m 07s,7,7f7b0e7d-d6dd-4709-8669-708defc27fe6
380156,TCF_EDU_3,MAG_FORKLIFT,TCF_EDU,FMS1-1.1,SERVICE CALL RESPONSE,,RESOLVED,,"Service call failed with data: {'serialNumber': 'TCF_EDU_3', 'actions': [{'actionType': 'customInstantAction', 'actionId': '6814112d-64cd-4dd5-835a-771bce41684b', 'actionDescription': 'service_call', 'blockingType': 'HARD', 'actionParameters': [{'key': 'service', 'value': '/TCF_EDU_3/remove_error'}, {'key': 'data', 'value': {'error_id': '533a8411-999d-400f-a56e-278759048ba0'}}, {'key': 'require_response', 'value': True}]}]}",2026-08-04 20:50:47 +07:00,00h 00m 00s,0,
380155,TCF_EDU_3,MAG_FORKLIFT,TCF_EDU,EH4-4.11,Steering lock detected,,RESOLVED,,,2026-08-04 20:50:41 +07:00,00h 00m 07s,7,533a8411-999d-400f-a56e-278759048ba0
380154,TCF_BOX_2,MAG_FORKLIFT,TCF_BOX,EH6-6.1,Low Localization Score,Please try to set the correct pose of robot,RESOLVED,,,2026-08-04 20:50:36 +07:00,00h 00m 52s,52,8849018d-f421-43f7-afba-cac0f93f6887
380153,TCF_EDU_3,MAG_FORKLIFT,TCF_EDU,EHFL4-1.49,Drive Motor Fault - Main Driver Fault,"""Set: Main Contactor driver is either open or shorted. This fault can be set only when Main Enable = On.Clear: Restore/repair any external wiring or device coil to the correct state",RESOLVED,,,2026-08-04 20:50:35 +07:00,00h 00m 01s,1,75c33332-86bd-44e1-9035-068a67f10959
380152,TCF_EDU_3,MAG_FORKLIFT,TCF_EDU,ES4-4.5,Protective field breach,Protective field breach,RESOLVED,,,2026-08-04 20:50:13 +07:00,00h 00m 00s,0,8631c131-ee26-43ec-8091-efc24e659e1a
380151,TCF_EDU_3,MAG_FORKLIFT,TCF_EDU,EH2-2.4,E-Stop not released properly. Press Resume button.,,RESOLVED,,,2026-08-04 20:50:12 +07:00,00h 00m 01s,1,de4f1e09-4b0d-4cc2-8cf8-ec621d7e79d8
380150,TCF_EDU_3,MAG_FORKLIFT,TCF_EDU,EH6-6.1,Low Localization Score,Please try to set the correct pose of robot,RESOLVED,,,2026-08-04 20:50:11 +07:00,00h 00m 00s,0,6d01b5e1-a8b8-4655-81cb-e7125a3c581b
380149,TCF_EDU_1,MAG_FORKLIFT,TCF_EDU,EH4-4.8,Brake Engaged,,RESOLVED,,,2026-08-04 20:50:11 +07:00,00h 00m 05s,5,8fa32d15-dc60-4fd7-b422-22f0ce1daba7
380148,TCF_EDU_1,MAG_FORKLIFT,TCF_EDU,ES4-4.5,Protective field breach,Protective field breach,RESOLVED,,,2026-08-04 20:50:10 +07:00,00h 00m 00s,0,dd82acd1-aca4-41f8-ae7c-e1ee5821471f
380147,TCF_EDU_3,MAG_FORKLIFT,TCF_EDU,FMS1-1.1,SERVICE CALL RESPONSE,,RESOLVED,,"Service call failed with data: {'serialNumber': 'TCF_EDU_3', 'actions': [{'actionType': 'customInstantAction', 'actionId': 'c59fd115-ef5a-4065-8a7c-f37d2aa95dee', 'actionDescription': 'service_call', 'blockingType': 'HARD', 'actionParameters': [{'key': 'service', 'value': '/TCF_EDU_3/remove_error'}, {'key': 'data', 'value': {'error_id': '2383ff37-7567-4281-a039-cd3da417eddf'}}, {'key': 'require_response', 'value': True}]}]}",2026-08-04 20:50:10 +07:00,00h 00m 00s,0,
380146,TCF_EDU_3,MAG_FORKLIFT,TCF_EDU,EH4-4.11,Steering lock detected,,RESOLVED,,,2026-08-04 20:50:05 +07:00,00h 00m 06s,6,2383ff37-7567-4281-a039-cd3da417eddf
380145,TCF_EDU_3,MAG_FORKLIFT,TCF_EDU,EHFL4-1.49,Drive Motor Fault - Main Driver Fault,"""Set: Main Contactor driver is either open or shorted. This fault can be set only when Main Enable = On.Clear: Restore/repair any external wiring or device coil to the correct state",RESOLVED,,,2026-08-04 20:50:04 +07:00,00h 00m 05s,5,66ccf290-d75b-4951-bbbd-0a4e1f87a8da
380144,TCF_EDU_3,MAG_FORKLIFT,TCF_EDU,FMS1-1.1,SERVICE CALL RESPONSE,,RESOLVED,,"Service call failed with data: {'serialNumber': 'TCF_EDU_3', 'actions': [{'actionType': 'customInstantAction', 'actionId': '9735edeb-de94-4f64-aeb4-9954ba3467df', 'actionDescription': 'service_call', 'blockingType': 'HARD', 'actionParameters': [{'key': 'service', 'value': '/TCF_EDU_3/remove_error'}, {'key': 'data', 'value': {'error_id': '6af13249-98b8-4aa6-a39c-a7a10d832cea'}}, {'key': 'require_response', 'value': True}]}]}",2026-08-04 20:50:04 +07:00,00h 00m 00s,0,
380143,TCF_EDU_3,MAG_FORKLIFT,TCF_EDU,FMS1-1.1,SERVICE CALL RESPONSE,,RESOLVED,,"Service call failed with data: {'serialNumber': 'TCF_EDU_3', 'actions': [{'actionType': 'customInstantAction', 'actionId': 'ae53ebf4-0f9c-49c9-a8cf-e10301731547', 'actionDescription': 'service_call', 'blockingType': 'HARD', 'actionParameters': [{'key': 'service', 'value': '/TCF_EDU_3/tms_retry'}, {'key': 'data', 'value': {}}, {'key': 'require_response', 'value': True}]}]}",2026-08-04 20:49:59 +07:00,00h 00m 04s,4,
380142,TCF_EDU_3,MAG_FORKLIFT,TCF_EDU,EH2-2.4,E-Stop not released properly. Press Resume button.,,RESOLVED,,,2026-08-04 20:49:53 +07:00,00h 00m 10s,10,6af13249-98b8-4aa6-a39c-a7a10d832cea
380141,TCF_EDU_1,MAG_FORKLIFT,TCF_EDU,EH4-4.8,Brake Engaged,,RESOLVED,,,2026-08-04 20:49:45 +07:00,00h 00m 01s,1,f74ba523-0b04-4a4f-b6f4-be409859924a
380140,TCF_EDU_1,MAG_FORKLIFT,TCF_EDU,ES4-4.5,Protective field breach,Protective field breach,RESOLVED,,,2026-08-04 20:49:44 +07:00,00h 00m 01s,1,6ab271a0-62ca-4a53-a773-044880e9d5db
380139,TCF_BOX_2,MAG_FORKLIFT,TCF_BOX,EH6-6.1,Low Localization Score,Please try to set the correct pose of robot,RESOLVED,,,2026-08-04 20:49:43 +07:00,00h 00m 51s,51,b1868af6-90f3-4c7b-ae13-1b933e27e693
380137,TCF_BOX_2,MAG_FORKLIFT,TCF_BOX,EH4-4.8,Brake Engaged,,RESOLVED,,,2026-08-04 20:49:41 +07:00,00h 00m 02s,2,91c6fa32-d910-4c79-adb3-5f820e0eeee0
380136,TCF_BOX_2,MAG_FORKLIFT,TCF_BOX,ES4-4.5,Protective field breach,Protective field breach,RESOLVED,,,2026-08-04 20:49:39 +07:00,00h 00m 02s,2,363bf4a7-b314-41ae-86f7-69601fb5f193
380135,TCF_EDU_3,MAG_FORKLIFT,TCF_EDU,ES4-4.5,Protective field breach,Protective field breach,RESOLVED,,,2026-08-04 20:49:35 +07:00,00h 00m 00s,0,cb69a180-3121-449e-b60f-3bd990416229
380134,TCF_EDU_3,MAG_FORKLIFT,TCF_EDU,EH4-4.11,Steering lock detected,,RESOLVED,,,2026-08-04 20:49:34 +07:00,00h 00m 00s,0,359cf9fb-162d-4160-a98f-0cac9b7df20b
380133,TCF_EDU_3,MAG_FORKLIFT,TCF_EDU,FMS1-1.1,SERVICE CALL RESPONSE,,RESOLVED,,"Service call failed with data: {'serialNumber': 'TCF_EDU_3', 'actions': [{'actionType': 'customInstantAction', 'actionId': '0d780ec0-f226-4168-97cd-eec89f95add5', 'actionDescription': 'service_call', 'blockingType': 'HARD', 'actionParameters': [{'key': 'service', 'value': '/TCF_EDU_3/remove_error'}, {'key': 'data', 'value': {'error_id': 'c3b8c794-14c0-4473-92f0-0668cb39c10d'}}, {'key': 'require_response', 'value': True}]}]}",2026-08-04 20:49:34 +07:00,00h 00m 00s,0,
380132,TCF_EDU_3,MAG_FORKLIFT,TCF_EDU,EH4-4.11,Steering lock detected,,RESOLVED,,,2026-08-04 20:49:28 +07:00,00h 00m 05s,5,c3b8c794-14c0-4473-92f0-0668cb39c10d
380131,TCF_EDU_3,MAG_FORKLIFT,TCF_EDU,EHFL4-1.49,Drive Motor Fault - Main Driver Fault,"""Set: Main Contactor driver is either open or shorted. This fault can be set only when Main Enable = On.Clear: Restore/repair any external wiring or device coil to the correct state",RESOLVED,,,2026-08-04 20:49:25 +07:00,00h 00m 01s,1,d57d7ad2-5f1d-4c9d-9573-ec3afda86d14
380130,TCF_EDU_3,MAG_FORKLIFT,TCF_EDU,EH6-6.1,Low Localization Score,Please try to set the correct pose of robot,RESOLVED,,,2026-08-04 20:49:14 +07:00,00h 00m 01s,1,868bb860-0c02-46d3-9cc0-93fc63d804a7
380129,TCF_BOX_2,MAG_FORKLIFT,TCF_BOX,EH6-6.1,Low Localization Score,Please try to set the correct pose of robot,RESOLVED,,,2026-08-04 20:49:11 +07:00,00h 00m 28s,28,b1868af6-90f3-4c7b-ae13-1b933e27e693
380128,TCF_EDU_3,MAG_FORKLIFT,TCF_EDU,ES4-4.5,Protective field breach,Protective field breach,RESOLVED,,,2026-08-04 20:49:07 +07:00,00h 00m 02s,2,6b41d401-58c5-478b-aea0-5ad131901d03
380127,TCF_BOX_2,MAG_FORKLIFT,TCF_BOX,EH6-6.1,Low Localization Score,Please try to set the correct pose of robot,RESOLVED,,,2026-08-04 20:49:03 +07:00,00h 00m 06s,6,a39e249b-0d7e-40bd-bfa9-63588944cc2c
380126,TCF_EDU_3,MAG_FORKLIFT,TCF_EDU,EH4-4.11,Steering lock detected,,RESOLVED,,,2026-08-04 20:49:02 +07:00,00h 00m 05s,5,5630bd2e-be26-4d13-9f21-e8e0fbacf5d2
380125,TCF_EDU_3,MAG_FORKLIFT,TCF_EDU,EH6-6.1,Low Localization Score,Please try to set the correct pose of robot,RESOLVED,,,2026-08-04 20:49:01 +07:00,00h 00m 00s,0,47cc94ec-4bfe-4113-9544-35b6443b62a4
380124,TCF_EDU_3,MAG_FORKLIFT,TCF_EDU,FMS1-1.1,SERVICE CALL RESPONSE,,RESOLVED,,"Service call failed with data: {'serialNumber': 'TCF_EDU_3', 'actions': [{'actionType': 'customInstantAction', 'actionId': '555d6de8-21f4-4126-b6dd-03a288de5b5c', 'actionDescription': 'service_call', 'blockingType': 'HARD', 'actionParameters': [{'key': 'service', 'value': '/TCF_EDU_3/remove_error'}, {'key': 'data', 'value': {'error_id': '58c2f974-416b-45b0-9702-093da4a3509f'}}, {'key': 'require_response', 'value': True}]}]}",2026-08-04 20:49:01 +07:00,00h 00m 00s,0,
380123,TCF_EDU_1,MAG_FORKLIFT,TCF_EDU,FMS1-1.1,SERVICE CALL RESPONSE,,RESOLVED,,"Service call failed with data: {'serialNumber': 'TCF_EDU_1', 'actions': [{'actionType': 'customInstantAction', 'actionId': '17d7b751-1844-4fc9-ba0f-f0ef5854e5a4', 'actionDescription': 'service_call', 'blockingType': 'HARD', 'actionParameters': [{'key': 'service', 'value': '/TCF_EDU_1/remove_error'}, {'key': 'data', 'value': {'error_id': '1e01da9b-84e6-4277-acc0-f6bcf6b89f61'}}, {'key': 'require_response', 'value': True}]}]}",2026-08-04 20:48:57 +07:00,00h 00m 03s,3,
380122,TCF_EDU_3,MAG_FORKLIFT,TCF_EDU,EH4-4.11,Steering lock detected,,RESOLVED,,,2026-08-04 20:48:55 +07:00,00h 00m 05s,5,58c2f974-416b-45b0-9702-093da4a3509f
380121,TCF_EDU_3,MAG_FORKLIFT,TCF_EDU,EHFL4-1.49,Drive Motor Fault - Main Driver Fault,"""Set: Main Contactor driver is either open or shorted. This fault can be set only when Main Enable = On.Clear: Restore/repair any external wiring or device coil to the correct state",RESOLVED,,,2026-08-04 20:48:52 +07:00,00h 00m 00s,0,63cdcfe6-c4e9-41da-8ddf-2d43599ad601
380120,TCF_EDU_3,MAG_FORKLIFT,TCF_EDU,EH6-6.1,Low Localization Score,Please try to set the correct pose of robot,RESOLVED,,,2026-08-04 20:48:49 +07:00,00h 00m 01s,1,198116da-1c70-40f0-9392-ccd06d7a2373
380119,TCF_EDU_3,MAG_FORKLIFT,TCF_EDU,EH6-6.1,Low Localization Score,Please try to set the correct pose of robot,RESOLVED,,,2026-08-04 20:48:37 +07:00,00h 00m 00s,0,7a21a6e3-94c3-48d5-bfb4-78611e264169
380118,TCF_EDU_1,MAG_FORKLIFT,TCF_EDU,ES5-5.8,Navigation failed due to unknown reason,,RESOLVED,,,2026-08-04 20:48:32 +07:00,00h 00m 22s,22,1e01da9b-84e6-4277-acc0-f6bcf6b89f61
380117,TCF_EDU_1,MAG_FORKLIFT,TCF_EDU,ESFL1-2.11,Software has crashed : Navigation,,RESOLVED,,,2026-08-04 20:48:27 +07:00,00h 00m 04s,4,b007708d-eec3-42f8-8d65-43d2060b8545
380116,TCF_EDU_3,MAG_FORKLIFT,TCF_EDU,EH6-6.1,Low Localization Score,Please try to set the correct pose of robot,RESOLVED,,,2026-08-04 20:48:24 +07:00,00h 00m 01s,1,6eb75956-5e36-4960-a1e0-4ee0ce9b29a9
380115,TCF_EDU_3,MAG_FORKLIFT,TCF_EDU,EH6-6.1,Low Localization Score,Please try to set the correct pose of robot,RESOLVED,,,2026-08-04 20:48:22 +07:00,00h 00m 00s,0,93ce17b8-b25a-43bc-80bb-39070831206f
380114,TCF_EDU_3,MAG_FORKLIFT,TCF_EDU,EH6-6.1,Low Localization Score,Please try to set the correct pose of robot,RESOLVED,,,2026-08-04 20:48:11 +07:00,00h 00m 00s,0,76bf53cc-fa30-413f-8b46-d27c924ba1ab
380113,TCF_EDU_3,MAG_FORKLIFT,TCF_EDU,EH4-4.11,Steering lock detected,,RESOLVED,,,2026-08-04 20:48:06 +07:00,00h 00m 05s,5,9bfa9c69-1691-4503-adfc-5c2ffb97f38e
380112,TCF_EDU_3,MAG_FORKLIFT,TCF_EDU,ES4-4.5,Protective field breach,Protective field breach,RESOLVED,,,2026-08-04 20:48:04 +07:00,00h 00m 01s,1,a9413758-6225-4927-91b3-687b579d717b
380111,TCF_EDU_3,MAG_FORKLIFT,TCF_EDU,FMS1-1.1,SERVICE CALL RESPONSE,,RESOLVED,,"Service call failed with data: {'serialNumber': 'TCF_EDU_3', 'actions': [{'actionType': 'customInstantAction', 'actionId': 'cfb81aad-0817-4cd6-a432-3891772c6fcb', 'actionDescription': 'service_call', 'blockingType': 'HARD', 'actionParameters': [{'key': 'service', 'value': '/TCF_EDU_3/remove_error'}, {'key': 'data', 'value': {'error_id': 'cdd202d4-d569-45ba-b0a8-7649b99672d6'}}, {'key': 'require_response', 'value': True}]}]}",2026-08-04 20:48:04 +07:00,00h 00m 00s,0,
380110,TCF_EDU_3,MAG_FORKLIFT,TCF_EDU,EH4-4.11,Steering lock detected,,RESOLVED,,,2026-08-04 20:47:58 +07:00,00h 00m 05s,5,cdd202d4-d569-45ba-b0a8-7649b99672d6
380109,TCF_EDU_3,MAG_FORKLIFT,TCF_EDU,EH6-6.1,Low Localization Score,Please try to set the correct pose of robot,RESOLVED,,,2026-08-04 20:47:47 +07:00,00h 00m 00s,0,f89aef5c-b3a3-4ed6-847a-3a90d44d193f
380108,TCF_EDU_3,MAG_FORKLIFT,TCF_EDU,EH6-6.1,Low Localization Score,Please try to set the correct pose of robot,RESOLVED,,,2026-08-04 20:47:44 +07:00,00h 00m 01s,1,a995b79e-793d-4881-9d18-be07b5cc72b1
380107,TCF_EDU_3,MAG_FORKLIFT,TCF_EDU,ES4-4.5,Protective field breach,Protective field breach,RESOLVED,,,2026-08-04 20:47:40 +07:00,00h 00m 04s,4,1d2303e9-bdb6-4c60-a504-da4e6a546b73
380106,TCF_EDU_1,MAG_FORKLIFT,TCF_EDU,EH4-4.8,Brake Engaged,,RESOLVED,,,2026-08-04 20:47:39 +07:00,00h 00m 00s,0,acc92355-7898-457d-ae64-2bb49e8981a1
380105,TCF_EDU_3,MAG_FORKLIFT,TCF_EDU,EH6-6.1,Low Localization Score,Please try to set the correct pose of robot,RESOLVED,,,2026-08-04 20:47:33 +07:00,00h 00m 00s,0,c4e8ad01-2491-4952-8934-cb0b410b6450
380104,TCF_EDU_3,MAG_FORKLIFT,TCF_EDU,EH6-6.1,Low Localization Score,Please try to set the correct pose of robot,RESOLVED,,,2026-08-04 20:47:31 +07:00,00h 00m 01s,1,6834253f-9a35-40f8-8826-9765af9becc4
380103,TCF_EDU_3,MAG_FORKLIFT,TCF_EDU,ES4-4.5,Protective field breach,Protective field breach,RESOLVED,,,2026-08-04 20:47:24 +07:00,00h 00m 00s,0,4b7c511b-2ac2-4bd9-a606-2d668021cf35
380102,TCF_EDU_3,MAG_FORKLIFT,TCF_EDU,EH6-6.1,Low Localization Score,Please try to set the correct pose of robot,RESOLVED,,,2026-08-04 20:47:22 +07:00,00h 00m 01s,1,85b38871-f331-4d3f-89a7-03b92144976d
380101,TCF_EDU_1,MAG_FORKLIFT,TCF_EDU,ES4-4.5,Protective field breach,Protective field breach,RESOLVED,,,2026-08-04 20:47:12 +07:00,00h 00m 26s,26,7b1d4e37-e741-4ac7-9d0c-49e05faa99c0
380100,TCF_EDU_1,MAG_FORKLIFT,TCF_EDU,EH4-4.8,Brake Engaged,,RESOLVED,,,2026-08-04 20:47:10 +07:00,00h 00m 01s,1,524dc3c8-4b68-48ad-a155-1eb13582b4a5
380099,TCF_EDU_3,MAG_FORKLIFT,TCF_EDU,EH6-6.1,Low Localization Score,Please try to set the correct pose of robot,RESOLVED,,,2026-08-04 20:46:55 +07:00,00h 00m 02s,2,15f8aad8-625d-44d0-a32b-667f116664aa
380098,TCF_EDU_1,MAG_FORKLIFT,TCF_EDU,ES4-4.5,Protective field breach,Protective field breach,RESOLVED,,,2026-08-04 20:46:52 +07:00,00h 00m 18s,18,b307603c-7839-40ef-830d-c0719f378c05
380097,TCF_EDU_3,MAG_FORKLIFT,TCF_EDU,EH6-6.1,Low Localization Score,Please try to set the correct pose of robot,RESOLVED,,,2026-08-04 20:46:50 +07:00,00h 00m 01s,1,6507db80-3859-437a-bd62-c9c7849a6504
380096,TCF_EDU_3,MAG_FORKLIFT,TCF_EDU,EH6-6.1,Low Localization Score,Please try to set the correct pose of robot,RESOLVED,,,2026-08-04 20:46:29 +07:00,00h 00m 00s,0,22c6f445-8ec0-4032-8abe-fbbaf5070255
380095,TCF_EDU_3,MAG_FORKLIFT,TCF_EDU,EH4-4.11,Steering lock detected,,RESOLVED,,,2026-08-04 20:46:26 +07:00,00h 00m 03s,3,0f6f3bd3-375e-4df8-be08-9207f681f8f8
380094,TCF_EDU_3,MAG_FORKLIFT,TCF_EDU,FMS1-1.1,SERVICE CALL RESPONSE,,RESOLVED,,"Service call failed with data: {'serialNumber': 'TCF_EDU_3', 'actions': [{'actionType': 'customInstantAction', 'actionId': '0a4a5e4e-0173-429a-9b3a-c5d4547a5df6', 'actionDescription': 'service_call', 'blockingType': 'HARD', 'actionParameters': [{'key': 'service', 'value': '/TCF_EDU_3/remove_error'}, {'key': 'data', 'value': {'error_id': 'f4dedf9b-4f03-49a2-852d-7d856b03e561'}}, {'key': 'require_response', 'value': True}]}]}",2026-08-04 20:46:25 +07:00,00h 00m 00s,0,
380093,TCF_EDU_3,MAG_FORKLIFT,TCF_EDU,EH4-4.11,Steering lock detected,,RESOLVED,,,2026-08-04 20:46:19 +07:00,00h 00m 07s,7,f4dedf9b-4f03-49a2-852d-7d856b03e561
380092,TCF_EDU_3,MAG_FORKLIFT,TCF_EDU,EH6-6.1,Low Localization Score,Please try to set the correct pose of robot,RESOLVED,,,2026-08-04 20:46:12 +07:00,00h 00m 00s,0,ca088358-b910-4e3b-8eec-efc1af90cad2
380091,TCF_EDU_3,MAG_FORKLIFT,TCF_EDU,EH6-6.1,Low Localization Score,Please try to set the correct pose of robot,RESOLVED,,,2026-08-04 20:46:08 +07:00,00h 00m 00s,0,e6c556b7-09db-4bf6-bd95-ccbc8afdddcc
380090,TCF_EDU_1,MAG_FORKLIFT,TCF_EDU,FMS1-1.1,SERVICE CALL RESPONSE,,RESOLVED,,"Service call failed with data: {'serialNumber': 'TCF_EDU_1', 'actions': [{'actionType': 'customInstantAction', 'actionId': '94254987-d7f3-4069-8c69-ce6a90915655', 'actionDescription': 'service_call', 'blockingType': 'HARD', 'actionParameters': [{'key': 'service', 'value': '/TCF_EDU_1/remove_error'}, {'key': 'data', 'value': {'error_id': '21c09fdb-6cce-457e-9f99-e61ad7a2375f'}}, {'key': 'require_response', 'value': True}]}]}",2026-08-04 20:45:44 +07:00,00h 00m 00s,0,
380089,TCF_EDU_3,MAG_FORKLIFT,TCF_EDU,EH6-6.1,Low Localization Score,Please try to set the correct pose of robot,RESOLVED,,,2026-08-04 20:45:35 +07:00,00h 00m 00s,0,2b06d050-202a-491c-9a1e-f9633abc6f18
380088,TCF_EDU_3,MAG_FORKLIFT,TCF_EDU,EH4-4.11,Steering lock detected,,RESOLVED,,,2026-08-04 20:45:21 +07:00,00h 00m 14s,14,ea0a01be-5e58-4480-a419-7c99738e2d78
380087,TCF_EDU_3,MAG_FORKLIFT,TCF_EDU,EH2-2.4,E-Stop not released properly. Press Resume button.,,RESOLVED,,,2026-08-04 20:45:19 +07:00,00h 00m 01s,1,12e2128b-7479-4abe-bc3a-459893889737
380086,TCF_EDU_3,MAG_FORKLIFT,TCF_EDU,FMS1-1.1,SERVICE CALL RESPONSE,,RESOLVED,,"Service call failed with data: {'serialNumber': 'TCF_EDU_3', 'actions': [{'actionType': 'customInstantAction', 'actionId': 'b32fa040-62d0-4fd2-9ce7-9b45adae5ce1', 'actionDescription': 'service_call', 'blockingType': 'HARD', 'actionParameters': [{'key': 'service', 'value': '/TCF_EDU_3/remove_error'}, {'key': 'data', 'value': {'error_id': 'ab08a83e-4f71-4753-8319-e3e312def871'}}, {'key': 'require_response', 'value': True}]}]}",2026-08-04 20:45:18 +07:00,00h 00m 00s,0,
380085,TCF_EDU_3,MAG_FORKLIFT,TCF_EDU,EH4-4.11,Steering lock detected,,RESOLVED,,,2026-08-04 20:45:13 +07:00,00h 00m 06s,6,ab08a83e-4f71-4753-8319-e3e312def871
380084,TCF_EDU_3,MAG_FORKLIFT,TCF_EDU,EH4-4.8,Brake Engaged,,RESOLVED,,,2026-08-04 20:45:12 +07:00,00h 00m 06s,6,02bc8a15-4f79-4a7a-93f6-85b229915581
380083,TCF_EDU_3,MAG_FORKLIFT,TCF_EDU,FMS1-1.1,SERVICE CALL RESPONSE,,RESOLVED,,"Service call failed with data: {'serialNumber': 'TCF_EDU_3', 'actions': [{'actionType': 'customInstantAction', 'actionId': 'b9797260-0f9e-48ef-a959-b09825283c64', 'actionDescription': 'service_call', 'blockingType': 'HARD', 'actionParameters': [{'key': 'service', 'value': '/TCF_EDU_3/remove_error'}, {'key': 'data', 'value': {'error_id': '6fa7c197-84a6-47f2-b071-f6bc8782c02f'}}, {'key': 'require_response', 'value': True}]}]}",2026-08-04 20:45:12 +07:00,00h 00m 00s,0,
380082,TCF_EDU_3,MAG_FORKLIFT,TCF_EDU,FMS1-1.1,SERVICE CALL RESPONSE,,RESOLVED,,"Service call failed with data: {'serialNumber': 'TCF_EDU_3', 'actions': [{'actionType': 'customInstantAction', 'actionId': 'df633338-b04a-4f1f-a651-50ba8b0a9523', 'actionDescription': 'service_call', 'blockingType': 'HARD', 'actionParameters': [{'key': 'service', 'value': '/TCF_EDU_3/tms_retry'}, {'key': 'data', 'value': {}}, {'key': 'require_response', 'value': True}]}]}",2026-08-04 20:45:07 +07:00,00h 00m 04s,4,
380081,TCF_EDU_3,MAG_FORKLIFT,TCF_EDU,EH2-2.4,E-Stop not released properly. Press Resume button.,,RESOLVED,,,2026-08-04 20:45:01 +07:00,00h 00m 10s,10,6fa7c197-84a6-47f2-b071-f6bc8782c02f
380080,TCF_EDU_4,MAG_FORKLIFT,TCF_EDU,FMS1-1.1,SERVICE CALL RESPONSE,,RESOLVED,,"Service call failed with data: {'serialNumber': 'TCF_EDU_4', 'actions': [{'actionType': 'customInstantAction', 'actionId': 'b74f5b37-4076-4993-839f-81f41c4a0548', 'actionDescription': 'service_call', 'blockingType': 'HARD', 'actionParameters': [{'key': 'service', 'value': '/TCF_EDU_4/remove_error'}, {'key': 'data', 'value': {'error_id': '48a7aa81-0dee-43a4-9f2d-9f915405dcb4'}}, {'key': 'require_response', 'value': True}]}]}",2026-08-04 20:44:10 +07:00,00h 00m 00s,0,
380079,TCF_EDU_4,MAG_FORKLIFT,TCF_EDU,FMS1-1.1,SERVICE CALL RESPONSE,,RESOLVED,,"Service call failed with data: {'serialNumber': 'TCF_EDU_4', 'actions': [{'actionType': 'customInstantAction', 'actionId': '97eabe3d-018c-4180-99fe-45f801ae3303', 'actionDescription': 'service_call', 'blockingType': 'HARD', 'actionParameters': [{'key': 'service', 'value': '/TCF_EDU_4/tms_retry'}, {'key': 'data', 'value': {}}, {'key': 'require_response', 'value': True}]}]}",2026-08-04 20:44:05 +07:00,00h 00m 04s,4,
380078,TCF_EDU_4,MAG_FORKLIFT,TCF_EDU,EH2-2.4,E-Stop not released properly. Press Resume button.,,RESOLVED,,,2026-08-04 20:44:00 +07:00,00h 00m 11s,11,48a7aa81-0dee-43a4-9f2d-9f915405dcb4
380077,TCF_EDU_4,MAG_FORKLIFT,TCF_EDU,EH4-4.8,Brake Engaged,,RESOLVED,,,2026-08-04 20:43:59 +07:00,00h 00m 11s,11,d35e38e5-04cf-40af-ab13-f07cef3fb290
380076,TCF_BOX_2,MAG_FORKLIFT,TCF_BOX,EH6-6.1,Low Localization Score,Please try to set the correct pose of robot,RESOLVED,,,2026-08-04 20:43:41 +07:00,00h 05m 21s,321,14cfacf6-fdd0-4c32-8131-634837f71f61
380074,TCF_BOX_2,MAG_FORKLIFT,TCF_BOX,EH4-4.8,Brake Engaged,,RESOLVED,,,2026-08-04 20:43:39 +07:00,00h 00m 02s,2,327d8c47-d1de-45e7-9404-4915528b0a7d
380073,TCF_BOX_2,MAG_FORKLIFT,TCF_BOX,ES4-4.5,Protective field breach,Protective field breach,RESOLVED,,,2026-08-04 20:43:35 +07:00,00h 00m 04s,4,6366305c-3988-4dd9-b6e6-3e7688d7aa35
380072,TCF_BOX_2,MAG_FORKLIFT,TCF_BOX,EH6-6.1,Low Localization Score,Please try to set the correct pose of robot,RESOLVED,,,2026-08-04 20:43:26 +07:00,00h 00m 08s,8,14cfacf6-fdd0-4c32-8131-634837f71f61
380070,TCF_BOX_2,MAG_FORKLIFT,TCF_BOX,EH4-4.8,Brake Engaged,,RESOLVED,,,2026-08-04 20:43:25 +07:00,00h 00m 01s,1,8e760973-c5b2-4555-b152-b2f74d8443b9
380069,TCF_BOX_2,MAG_FORKLIFT,TCF_BOX,ES4-4.5,Protective field breach,Protective field breach,RESOLVED,,,2026-08-04 20:43:24 +07:00,00h 00m 01s,1,dc59fbab-3e03-43f6-9014-01019c983c83
380068,TCF_BOX_2,MAG_FORKLIFT,TCF_BOX,EH6-6.1,Low Localization Score,Please try to set the correct pose of robot,RESOLVED,,,2026-08-04 20:43:16 +07:00,00h 00m 08s,8,14cfacf6-fdd0-4c32-8131-634837f71f61
380066,TCF_BOX_2,MAG_FORKLIFT,TCF_BOX,EH4-4.8,Brake Engaged,,RESOLVED,,,2026-08-04 20:43:14 +07:00,00h 00m 02s,2,4d5e19c0-f20b-46ea-9646-92dc5eba6d8e
380065,TCF_BOX_2,MAG_FORKLIFT,TCF_BOX,ES4-4.5,Protective field breach,Protective field breach,RESOLVED,,,2026-08-04 20:43:07 +07:00,00h 00m 07s,7,5f0931cf-ec54-4dc8-a7ca-524bd3f4bd7c
380064,TCF_BOX_2,MAG_FORKLIFT,TCF_BOX,EH6-6.1,Low Localization Score,Please try to set the correct pose of robot,RESOLVED,,,2026-08-04 20:43:05 +07:00,00h 00m 02s,2,14cfacf6-fdd0-4c32-8131-634837f71f61
380062,TCF_BOX_2,MAG_FORKLIFT,TCF_BOX,EH4-4.8,Brake Engaged,,RESOLVED,,,2026-08-04 20:43:04 +07:00,00h 00m 01s,1,b72b2b24-833c-4850-882e-58fd0305bcad
380061,TCF_BOX_2,MAG_FORKLIFT,TCF_BOX,ES4-4.5,Protective field breach,Protective field breach,RESOLVED,,,2026-08-04 20:43:03 +07:00,00h 00m 01s,1,363265d5-3888-4c49-93a8-fc39164ec5be
380060,TCF_EDU_4,MAG_FORKLIFT,TCF_EDU,EH4-4.8,Brake Engaged,,RESOLVED,,,2026-08-04 20:42:40 +07:00,00h 01m 14s,74,c98a262b-8447-4355-b8bd-650c4f57ca86
380059,TCF_EDU_4,MAG_FORKLIFT,TCF_EDU,ES4-4.5,Protective field breach,Protective field breach,RESOLVED,,,2026-08-04 20:42:40 +07:00,00h 00m 00s,0,92ab2d14-3071-409f-b0b4-4434ae25c569
380058,TCF_EDU_4,MAG_FORKLIFT,TCF_EDU,EHFL4-1.49,Drive Motor Fault - Main Driver Fault,"""Set: Main Contactor driver is either open or shorted. This fault can be set only when Main Enable = On.Clear: Restore/repair any external wiring or device coil to the correct state",RESOLVED,,,2026-08-04 20:42:38 +07:00,00h 00m 00s,0,4f1d8ae9-15b5-4ac9-9d82-0a4bef9d6299
380057,TCF_EDU_4,MAG_FORKLIFT,TCF_EDU,FMS1-1.1,SERVICE CALL RESPONSE,,RESOLVED,,"Service call failed with data: {'serialNumber': 'TCF_EDU_4', 'actions': [{'actionType': 'customInstantAction', 'actionId': 'e0bf85e9-7fa6-4060-b121-db0f600918b7', 'actionDescription': 'service_call', 'blockingType': 'HARD', 'actionParameters': [{'key': 'service', 'value': '/TCF_EDU_4/remove_error'}, {'key': 'data', 'value': {'error_id': '55d18f15-e5c2-4e4a-a25a-9168fef24ce9'}}, {'key': 'require_response', 'value': True}]}]}",2026-08-04 20:42:38 +07:00,00h 00m 00s,0,
380056,TCF_EDU_4,MAG_FORKLIFT,TCF_EDU,FMS1-1.1,SERVICE CALL RESPONSE,,RESOLVED,,"Service call failed with data: {'serialNumber': 'TCF_EDU_4', 'actions': [{'actionType': 'customInstantAction', 'actionId': 'e2670104-7085-4941-989d-bd7a86f5083d', 'actionDescription': 'service_call', 'blockingType': 'HARD', 'actionParameters': [{'key': 'service', 'value': '/TCF_EDU_4/tms_retry'}, {'key': 'data', 'value': {}}, {'key': 'require_response', 'value': True}]}]}",2026-08-04 20:42:33 +07:00,00h 00m 04s,4,
380055,TCF_EDU_4,MAG_FORKLIFT,TCF_EDU,EH2-2.4,E-Stop not released properly. Press Resume button.,,RESOLVED,,,2026-08-04 20:42:28 +07:00,00h 00m 10s,10,55d18f15-e5c2-4e4a-a25a-9168fef24ce9
380054,TCF_EDU_4,MAG_FORKLIFT,TCF_EDU,EH4-4.8,Brake Engaged,,RESOLVED,,,2026-08-04 20:42:27 +07:00,00h 00m 11s,11,c8834f67-ffe4-4ee1-b24d-f2c863329719
380053,TCF_EDU_3,MAG_FORKLIFT,TCF_EDU,ESFL1-2.20,Monitoring Topic Error,,RESOLVED,,,2026-08-04 20:41:53 +07:00,00h 00m 01s,1,0498aba2-d172-4ef0-9f00-eb1862781f62
380052,TCF_EDU_4,MAG_FORKLIFT,TCF_EDU,EH4-4.8,Brake Engaged,,RESOLVED,,,2026-08-04 20:38:28 +07:00,00h 00m 02s,2,2f459809-3fce-48f1-8617-14228e2d27dd
380051,TCF_EDU_4,MAG_FORKLIFT,TCF_EDU,ES4-4.5,Protective field breach,Protective field breach,RESOLVED,,,2026-08-04 20:38:27 +07:00,00h 00m 01s,1,581b5194-1608-4e92-b2bb-358963f0f12a
380050,TCF_EDU_1,MAG_FORKLIFT,TCF_EDU,EH4-4.8,Brake Engaged,,RESOLVED,,,2026-08-04 20:37:33 +07:00,00h 00m 00s,0,77e95a90-074c-4abd-b9ad-9143a27df5da
380049,TCF_EDU_1,MAG_FORKLIFT,TCF_EDU,ES4-4.5,Protective field breach,Protective field breach,RESOLVED,,,2026-08-04 20:37:32 +07:00,00h 00m 00s,0,71c92746-4d55-4971-993a-56f1eacfd416
380048,TCF_EDU_1,MAG_FORKLIFT,TCF_EDU,EH4-4.8,Brake Engaged,,RESOLVED,,,2026-08-04 20:37:24 +07:00,00h 00m 01s,1,defbd2ed-505d-4521-b283-b3f1f14f97bf
380047,TCF_EDU_1,MAG_FORKLIFT,TCF_EDU,ES4-4.5,Protective field breach,Protective field breach,RESOLVED,,,2026-08-04 20:37:22 +07:00,00h 00m 02s,2,1f0023ac-9587-4f9d-99ed-99bc31a7e8a6
380046,TCF_EDU_1,MAG_FORKLIFT,TCF_EDU,EH4-4.8,Brake Engaged,,RESOLVED,,,2026-08-04 20:36:55 +07:00,00h 00m 04s,4,b8ce1a6e-0126-4add-ae2d-cacb71dfc9ad
380045,TCF_EDU_1,MAG_FORKLIFT,TCF_EDU,EH4-4.8,Brake Engaged,,RESOLVED,,,2026-08-04 20:36:45 +07:00,00h 00m 00s,0,ccaaaafb-db03-46cc-91db-75a3dcdbc08d
380044,TCF_EDU_1,MAG_FORKLIFT,TCF_EDU,ES4-4.5,Protective field breach,Protective field breach,RESOLVED,,,2026-08-04 20:36:44 +07:00,00h 00m 01s,1,443b9c21-607b-4e76-8234-0b5c5621f3aa
380043,TCF_EDU_1,MAG_FORKLIFT,TCF_EDU,EH4-4.8,Brake Engaged,,RESOLVED,,,2026-08-04 20:34:18 +07:00,00h 00m 00s,0,a696ea2d-f3af-4029-b6b4-75c260a60095
380042,TCF_EDU_1,MAG_FORKLIFT,TCF_EDU,ES4-4.5,Protective field breach,Protective field breach,RESOLVED,,,2026-08-04 20:34:15 +07:00,00h 00m 03s,3,b5e5ea3c-01ac-40dd-8099-c86574b97384
380041,TCF_EDU_1,MAG_FORKLIFT,TCF_EDU,ES4-4.5,Protective field breach,Protective field breach,RESOLVED,,,2026-08-04 20:33:50 +07:00,00h 00m 01s,1,2ee6d7c9-7f5d-4964-a977-1661330d151b
380040,TCF_EDU_1,MAG_FORKLIFT,TCF_EDU,ES4-4.5,Protective field breach,Protective field breach,RESOLVED,,,2026-08-04 20:33:42 +07:00,00h 00m 01s,1,73b658db-dfac-4fdf-a0d3-a659a1c0b88e
380039,TCF_EDU_2,MAG_FORKLIFT,TCF_EDU,EH4-4.8,Brake Engaged,,RESOLVED,,,2026-08-04 20:33:12 +07:00,00h 00m 01s,1,5fdcf26e-b909-42e6-bde0-1d459287d4ce
380038,TCF_EDU_2,MAG_FORKLIFT,TCF_EDU,ES4-4.5,Protective field breach,Protective field breach,RESOLVED,,,2026-08-04 20:33:11 +07:00,00h 00m 01s,1,a2d197f9-ea50-4d5e-a7b4-21baab9e051e
380037,TCF_EDU_2,MAG_FORKLIFT,TCF_EDU,EH4-4.8,Brake Engaged,,RESOLVED,,,2026-08-04 20:31:34 +07:00,00h 00m 00s,0,cd1052b4-a008-4a77-837c-5e5f1cf7232d
380036,TCF_EDU_2,MAG_FORKLIFT,TCF_EDU,ES4-4.5,Protective field breach,Protective field breach,RESOLVED,,,2026-08-04 20:31:33 +07:00,00h 00m 01s,1,029f25ed-5df0-45ce-bf2c-c8ad83810e61
380035,TCF_BOX_2,MAG_FORKLIFT,TCF_BOX,EH6-6.1,Low Localization Score,Please try to set the correct pose of robot,RESOLVED,,,2026-08-04 20:23:21 +07:00,00h 19m 41s,1181,14cfacf6-fdd0-4c32-8131-634837f71f61
380033,TCF_BOX_2,MAG_FORKLIFT,TCF_BOX,EH4-4.8,Brake Engaged,,RESOLVED,,,2026-08-04 20:23:20 +07:00,00h 00m 01s,1,4103e00b-6d7d-4a47-b54f-b755fdebed92
380032,TCF_BOX_2,MAG_FORKLIFT,TCF_BOX,EH6-6.1,Low Localization Score,Please try to set the correct pose of robot,RESOLVED,,,2026-08-04 20:23:19 +07:00,00h 00m 01s,1,14cfacf6-fdd0-4c32-8131-634837f71f61
380030,TCF_BOX_2,MAG_FORKLIFT,TCF_BOX,ES4-4.5,Protective field breach,Protective field breach,RESOLVED,,,2026-08-04 20:23:18 +07:00,00h 00m 01s,1,247cb920-5a64-4772-a492-d2c995088c3b
380029,TCF_EDU_2,MAG_FORKLIFT,TCF_EDU,EH4-4.8,Brake Engaged,,RESOLVED,,,2026-08-04 20:21:26 +07:00,00h 00m 00s,0,99b69a3a-99a5-4588-bffa-4ba0ad01257b
380028,TCF_EDU_2,MAG_FORKLIFT,TCF_EDU,ES4-4.5,Protective field breach,Protective field breach,RESOLVED,,,2026-08-04 20:21:15 +07:00,00h 00m 11s,11,e62ce80e-b0fa-45d5-af0b-e53729b799a8
380027,TCF_EDU_2,MAG_FORKLIFT,TCF_EDU,EH4-4.8,Brake Engaged,,RESOLVED,,,2026-08-04 20:21:04 +07:00,00h 00m 01s,1,e861699e-d148-4573-a1d8-f4b286a7a036
380026,TCF_EDU_2,MAG_FORKLIFT,TCF_EDU,ES4-4.5,Protective field breach,Protective field breach,RESOLVED,,,2026-08-04 20:21:03 +07:00,00h 00m 01s,1,6e38f559-45b3-4ed0-88c7-0c61974552f5
380025,TCF_BOX_2,MAG_FORKLIFT,TCF_BOX,EH6-6.1,Low Localization Score,Please try to set the correct pose of robot,RESOLVED,,,2026-08-04 20:20:37 +07:00,00h 02m 41s,161,14cfacf6-fdd0-4c32-8131-634837f71f61
380023,TCF_BOX_2,MAG_FORKLIFT,TCF_BOX,EH4-4.8,Brake Engaged,,RESOLVED,,,2026-08-04 20:20:36 +07:00,00h 00m 01s,1,b729bde1-f38e-44bb-a837-3a64c4bff9b5
380022,TCF_BOX_2,MAG_FORKLIFT,TCF_BOX,ES4-4.5,Protective field breach,Protective field breach,RESOLVED,,,2026-08-04 20:20:35 +07:00,00h 00m 01s,1,85d64805-0e54-43f5-94a5-a12b1853f5d5
380021,TCF_BOX_2,MAG_FORKLIFT,TCF_BOX,EH6-6.1,Low Localization Score,Please try to set the correct pose of robot,RESOLVED,,,2026-08-04 20:20:33 +07:00,00h 00m 02s,2,14cfacf6-fdd0-4c32-8131-634837f71f61
380019,TCF_BOX_2,MAG_FORKLIFT,TCF_BOX,EH4-4.8,Brake Engaged,,RESOLVED,,,2026-08-04 20:20:32 +07:00,00h 00m 01s,1,a5ceb446-4b65-46e7-b5fd-aebf975183f7
380018,TCF_BOX_2,MAG_FORKLIFT,TCF_BOX,EH6-6.1,Low Localization Score,Please try to set the correct pose of robot,RESOLVED,,,2026-08-04 20:20:31 +07:00,00h 00m 01s,1,14cfacf6-fdd0-4c32-8131-634837f71f61
380016,TCF_BOX_2,MAG_FORKLIFT,TCF_BOX,ES4-4.5,Protective field breach,Protective field breach,RESOLVED,,,2026-08-04 20:20:30 +07:00,00h 00m 01s,1,5160858d-342a-4c72-9274-05b0734577a5
380015,TCF_BOX_2,MAG_FORKLIFT,TCF_BOX,EH4-4.8,Brake Engaged,,RESOLVED,,,2026-08-04 20:20:29 +07:00,00h 00m 01s,1,3ccad8d1-7ce3-4a86-b67a-68b23c0f652b
380014,TCF_BOX_2,MAG_FORKLIFT,TCF_BOX,EH6-6.1,Low Localization Score,Please try to set the correct pose of robot,RESOLVED,,,2026-08-04 20:20:28 +07:00,00h 00m 01s,1,14cfacf6-fdd0-4c32-8131-634837f71f61
380012,TCF_BOX_2,MAG_FORKLIFT,TCF_BOX,ES4-4.5,Protective field breach,Protective field breach,RESOLVED,,,2026-08-04 20:20:27 +07:00,00h 00m 01s,1,b0ab9875-8f3b-4f03-8dd2-79d063141f60
380011,TCF_EDU_1,MAG_FORKLIFT,TCF_EDU,EH4-4.8,Brake Engaged,,RESOLVED,,,2026-08-04 20:20:18 +07:00,00h 00m 01s,1,be1a7250-a005-4133-8faf-b9e4e93ba7c2
380010,TCF_EDU_1,MAG_FORKLIFT,TCF_EDU,ES4-4.5,Protective field breach,Protective field breach,RESOLVED,,,2026-08-04 20:20:11 +07:00,00h 00m 06s,6,ac5b9bf2-c6b6-440b-aa3d-38118884fe2f
380009,TCF_EDU_1,MAG_FORKLIFT,TCF_EDU,EH4-4.8,Brake Engaged,,RESOLVED,,,2026-08-04 20:20:10 +07:00,00h 00m 01s,1,657fcb9e-e2dc-4797-9a6a-bd97ed51495c
380008,TCF_BOX_2,MAG_FORKLIFT,TCF_BOX,EH6-6.1,Low Localization Score,Please try to set the correct pose of robot,RESOLVED,,,2026-08-04 20:20:07 +07:00,00h 00m 20s,20,14cfacf6-fdd0-4c32-8131-634837f71f61
380006,TCF_EDU_1,MAG_FORKLIFT,TCF_EDU,ES4-4.5,Protective field breach,Protective field breach,RESOLVED,,,2026-08-04 20:20:06 +07:00,00h 00m 03s,3,d28d2a08-bf26-4922-b55d-4074555daea6
380005,TCF_BOX_2,MAG_FORKLIFT,TCF_BOX,EH4-4.8,Brake Engaged,,RESOLVED,,,2026-08-04 20:20:06 +07:00,00h 00m 01s,1,6db19970-dd58-42ea-bac5-7297b164ada3
380004,TCF_BOX_2,MAG_FORKLIFT,TCF_BOX,ES4-4.5,Protective field breach,Protective field breach,RESOLVED,,,2026-08-04 20:20:05 +07:00,00h 00m 01s,1,9cd92231-17ab-4926-852d-cc703ce59768
380003,TCF_EDU_1,MAG_FORKLIFT,TCF_EDU,ES4-4.5,Protective field breach,Protective field breach,RESOLVED,,,2026-08-04 20:20:04 +07:00,00h 00m 00s,0,137110c8-5408-415a-9edc-c9e485960125
380002,TCF_EDU_1,MAG_FORKLIFT,TCF_EDU,ES4-4.5,Protective field breach,Protective field breach,RESOLVED,,,2026-08-04 20:19:54 +07:00,00h 00m 06s,6,6c3aae14-d8a6-4f99-bd6b-98d040a0e6c0
380001,TCF_BOX_2,MAG_FORKLIFT,TCF_BOX,EH6-6.1,Low Localization Score,Please try to set the correct pose of robot,RESOLVED,,,2026-08-04 20:19:54 +07:00,00h 00m 10s,10,14cfacf6-fdd0-4c32-8131-634837f71f61
379999,TCF_BOX_2,MAG_FORKLIFT,TCF_BOX,EH4-4.8,Brake Engaged,,RESOLVED,,,2026-08-04 20:19:53 +07:00,00h 00m 01s,1,dcb19d86-4efc-4d26-aa6a-d42621473858
379998,TCF_EDU_1,MAG_FORKLIFT,TCF_EDU,EH4-4.8,Brake Engaged,,RESOLVED,,,2026-08-04 20:19:52 +07:00,00h 00m 00s,0,7a2f8d66-35cf-42b3-bb2f-5e58af5ac315
379997,TCF_BOX_2,MAG_FORKLIFT,TCF_BOX,ES4-4.5,Protective field breach,Protective field breach,RESOLVED,,,2026-08-04 20:19:52 +07:00,00h 00m 00s,0,e5607902-f5f5-4efb-88d0-2f53607b745e
379996,TCF_EDU_3,MAG_FORKLIFT,TCF_EDU,ESFL1-2.12,Software has crashed : obstacle stopper,,RESOLVED,,,2026-08-04 20:19:51 +07:00,00h 00m 04s,4,1c488620-2b15-4144-a480-2c54a7f9a912
379995,TCF_EDU_1,MAG_FORKLIFT,TCF_EDU,ES4-4.5,Protective field breach,Protective field breach,RESOLVED,,,2026-08-04 20:19:51 +07:00,00h 00m 01s,1,5642f1d2-8bb8-47f9-842c-d2f63c9a3f5e
379994,TCF_EDU_1,MAG_FORKLIFT,TCF_EDU,EH4-4.8,Brake Engaged,,RESOLVED,,,2026-08-04 20:19:50 +07:00,00h 00m 00s,0,079a7a21-5fbc-48f6-b858-99027bee4dea
379993,TCF_EDU_1,MAG_FORKLIFT,TCF_EDU,ES4-4.5,Protective field breach,Protective field breach,RESOLVED,,,2026-08-04 20:19:50 +07:00,00h 00m 00s,0,7b422147-9c1f-43b9-9e74-585819dcafd7
379992,TCF_EDU_3,MAG_FORKLIFT,TCF_EDU,FMS1-1.1,SERVICE CALL RESPONSE,,RESOLVED,,"Service call failed with data: {'serialNumber': 'TCF_EDU_3', 'actions': [{'actionType': 'customInstantAction', 'actionId': '0306ced3-47cb-40e9-8ff4-2388cfe340d0', 'actionDescription': 'service_call', 'blockingType': 'HARD', 'actionParameters': [{'key': 'service', 'value': '/TCF_EDU_3/remove_error'}, {'key': 'data', 'value': {'error_id': '5f055d1f-91a6-4302-95d9-ce584aa9f8f2'}}, {'key': 'require_response', 'value': True}]}]}",2026-08-04 20:19:50 +07:00,00h 00m 00s,0,
379991,TCF_EDU_3,MAG_FORKLIFT,TCF_EDU,ESFL1-2.12,Software has crashed : obstacle stopper,,RESOLVED,,,2026-08-04 20:19:44 +07:00,00h 00m 06s,6,5f055d1f-91a6-4302-95d9-ce584aa9f8f2
379990,TCF_EDU_1,MAG_FORKLIFT,TCF_EDU,EH4-4.8,Brake Engaged,,RESOLVED,,,2026-08-04 20:19:39 +07:00,00h 00m 00s,0,6aa254f2-cee3-4590-a89d-5943dbd7fcd3
379989,TCF_EDU_1,MAG_FORKLIFT,TCF_EDU,ES4-4.5,Protective field breach,Protective field breach,RESOLVED,,,2026-08-04 20:19:28 +07:00,00h 00m 10s,10,3908be76-c456-4cdf-815f-3f94074e8a5a
379988,TCF_BOX_2,MAG_FORKLIFT,TCF_BOX,EH6-6.1,Low Localization Score,Please try to set the correct pose of robot,RESOLVED,,,2026-08-04 20:19:24 +07:00,00h 00m 28s,28,14cfacf6-fdd0-4c32-8131-634837f71f61
379986,TCF_BOX_2,MAG_FORKLIFT,TCF_BOX,EH4-4.8,Brake Engaged,,RESOLVED,,,2026-08-04 20:19:22 +07:00,00h 00m 02s,2,a453f095-ee3c-4038-968e-5e1d3c938cd1
379985,TCF_BOX_2,MAG_FORKLIFT,TCF_BOX,ES4-4.5,Protective field breach,Protective field breach,RESOLVED,,,2026-08-04 20:19:02 +07:00,00h 00m 20s,20,c10c04b6-e5f9-4791-b797-f0df2e804af8
379984,TCF_BOX_2,MAG_FORKLIFT,TCF_BOX,EH6-6.1,Low Localization Score,Please try to set the correct pose of robot,RESOLVED,,,2026-08-04 20:18:49 +07:00,00h 00m 13s,13,14cfacf6-fdd0-4c32-8131-634837f71f61
379982,TCF_BOX_2,MAG_FORKLIFT,TCF_BOX,EH4-4.8,Brake Engaged,,RESOLVED,,,2026-08-04 20:18:48 +07:00,00h 00m 01s,1,72030bd3-36a5-42e2-81e0-0be87d541221
379981,TCF_EDU_3,MAG_FORKLIFT,TCF_EDU,WF1-1.2,Robot is Offline,,RESOLVED,,,2026-08-04 20:15:46 +07:00,00h 03m 33s,213,
379980,TCF_EDU_4,MAG_FORKLIFT,TCF_EDU,EH8-8.2,Fork HW Timeout,,RESOLVED,,,2026-08-04 20:14:17 +07:00,00h 03m 37s,217,3b3fff6d-489a-4fa1-bb60-68833b2f2dc1
379979,TCF_EDU_4,MAG_FORKLIFT,TCF_EDU,ESFL1-2.12,Software has crashed : obstacle stopper,,RESOLVED,,,2026-08-04 20:14:12 +07:00,00h 00m 05s,5,a83a139d-1960-43ac-a8f9-3dd210b8354e
379978,TCF_EDU_4,MAG_FORKLIFT,TCF_EDU,FMS1-1.1,SERVICE CALL RESPONSE,,RESOLVED,,"Service call failed with data: {'serialNumber': 'TCF_EDU_4', 'actions': [{'actionType': 'customInstantAction', 'actionId': '9e83de5b-1278-4371-afe4-a613c354b86b', 'actionDescription': 'service_call', 'blockingType': 'HARD', 'actionParameters': [{'key': 'service', 'value': '/TCF_EDU_4/remove_error'}, {'key': 'data', 'value': {'error_id': 'bc800fa9-37ae-438f-a194-15c3515bcf9d'}}, {'key': 'require_response', 'value': True}]}]}",2026-08-04 20:14:10 +07:00,00h 00m 00s,0,
379977,TCF_EDU_4,MAG_FORKLIFT,TCF_EDU,ESFL1-2.12,Software has crashed : obstacle stopper,,RESOLVED,,,2026-08-04 20:14:05 +07:00,00h 00m 07s,7,bc800fa9-37ae-438f-a194-15c3515bcf9d
379976,TCF_EDU_1,MAG_FORKLIFT,TCF_EDU,EH4-4.8,Brake Engaged,,RESOLVED,,,2026-08-04 20:12:48 +07:00,00h 00m 00s,0,979116b7-bd97-4701-9e72-f9c7bb30b222
379975,TCF_EDU_1,MAG_FORKLIFT,TCF_EDU,ES4-4.5,Protective field breach,Protective field breach,RESOLVED,,,2026-08-04 20:12:47 +07:00,00h 00m 01s,1,b9b0466b-d4ab-49f5-8005-97244807b6bb
379974,TCF_EDU_1,MAG_FORKLIFT,TCF_EDU,EH4-4.8,Brake Engaged,,RESOLVED,,,2026-08-04 20:12:45 +07:00,00h 00m 00s,0,bd420ad2-3419-4b34-af6d-cfce3e4d3b9e
379973,TCF_EDU_1,MAG_FORKLIFT,TCF_EDU,ES4-4.5,Protective field breach,Protective field breach,RESOLVED,,,2026-08-04 20:12:42 +07:00,00h 00m 03s,3,bc5ae75b-feb8-430c-aae5-d77526e8ebc0
379972,TCF_EDU_1,MAG_FORKLIFT,TCF_EDU,EH4-4.8,Brake Engaged,,RESOLVED,,,2026-08-04 20:12:41 +07:00,00h 00m 01s,1,f2a1e8f6-d4fc-4221-9031-3a55d480a70f
379971,TCF_EDU_1,MAG_FORKLIFT,TCF_EDU,ES4-4.5,Protective field breach,Protective field breach,RESOLVED,,,2026-08-04 20:12:40 +07:00,00h 00m 01s,1,f0937424-7ac6-453e-bef1-04d51a13ffb6
379970,TCF_EDU_2,MAG_FORKLIFT,TCF_EDU,EH4-4.8,Brake Engaged,,RESOLVED,,,2026-08-04 20:12:29 +07:00,00h 00m 01s,1,7c7bc7ef-60ad-476c-bc10-880cd3bc936d
379969,TCF_EDU_2,MAG_FORKLIFT,TCF_EDU,ES4-4.5,Protective field breach,Protective field breach,RESOLVED,,,2026-08-04 20:12:27 +07:00,00h 00m 00s,0,20887e68-d0bd-42ac-93a0-0ff6dc1bb585
379968,TCF_EDU_2,MAG_FORKLIFT,TCF_EDU,EH4-4.8,Brake Engaged,,RESOLVED,,,2026-08-04 20:12:18 +07:00,00h 00m 00s,0,db06d977-f47f-41dd-9457-355b70662ec1
379967,TCF_EDU_2,MAG_FORKLIFT,TCF_EDU,ES4-4.5,Protective field breach,Protective field breach,RESOLVED,,,2026-08-04 20:12:16 +07:00,00h 00m 01s,1,29bee4a6-43e6-4cdd-b12e-7236c83f67ba
379966,TCF_EDU_1,MAG_FORKLIFT,TCF_EDU,ES6-6.38,Fork limit activated before goal reached,,RESOLVED,,,2026-08-04 20:11:12 +07:00,00h 01m 27s,87,8a48c8b6-9aa9-469f-a27a-a537a479519a
379965,TCF_BOX_2,MAG_FORKLIFT,TCF_BOX,EH6-6.1,Low Localization Score,Please try to set the correct pose of robot,RESOLVED,,,2026-08-04 20:11:03 +07:00,00h 07m 45s,465,14cfacf6-fdd0-4c32-8131-634837f71f61
379964,TCF_BOX_2,MAG_FORKLIFT,TCF_BOX,EH4-4.8,Brake Engaged,,RESOLVED,,,2026-08-04 20:11:01 +07:00,00h 00m 02s,2,6d64b1c2-0cd5-45cd-97d3-b5552fcc9155
379962,TCF_BOX_2,MAG_FORKLIFT,TCF_BOX,ES4-4.5,Protective field breach,Protective field breach,RESOLVED,,,2026-08-04 20:10:32 +07:00,00h 00m 29s,29,8cc88c59-8f76-4f02-b6c2-5d3bf84407e2
379961,TCF_EDU_4,MAG_FORKLIFT,TCF_EDU,WF1-1.2,Robot is Offline,,RESOLVED,,,2026-08-04 20:10:23 +07:00,00h 03m 15s,195,
379960,TCF_EDU_4,MAG_FORKLIFT,TCF_EDU,EH8-8.2,Fork HW Timeout,,RESOLVED,,,2026-08-04 20:09:17 +07:00,00h 01m 06s,66,317a1997-d195-4ae7-a041-df4b2a1dfdbc
379959,TCF_EDU_4,MAG_FORKLIFT,TCF_EDU,EH1-1.15,Unable to talk to motor driver,,RESOLVED,,,2026-08-04 20:09:08 +07:00,00h 00m 00s,0,69413b67-6905-403c-bcac-bd6dbba0f33c
379958,TCF_EDU_4,MAG_FORKLIFT,TCF_EDU,EH8-8.2,Fork HW Timeout,,RESOLVED,,,2026-08-04 20:09:08 +07:00,00h 00m 00s,0,0ae1984c-ce4c-40fa-a8df-4cfa4a170a5d
379956,TCF_EDU_4,MAG_FORKLIFT,TCF_EDU,EH4-4.8,Brake Engaged,,RESOLVED,,,2026-08-04 20:09:08 +07:00,00h 00m 00s,0,137d28dc-e54c-42e5-938a-b290d1863727
379955,TCF_EDU_4,MAG_FORKLIFT,TCF_EDU,ES4-4.5,Protective field breach,Protective field breach,RESOLVED,,,2026-08-04 20:09:03 +07:00,00h 00m 04s,4,400c1479-9a6c-4544-b8ac-ace95672804b
379954,TCF_EDU_4,MAG_FORKLIFT,TCF_EDU,EH8-8.2,Fork HW Timeout,,RESOLVED,,,2026-08-04 20:09:03 +07:00,00h 00m 00s,0,0ae1984c-ce4c-40fa-a8df-4cfa4a170a5d
379952,TCF_EDU_4,MAG_FORKLIFT,TCF_EDU,EH4-4.8,Brake Engaged,,RESOLVED,,,2026-08-04 20:09:00 +07:00,00h 00m 03s,3,2bc1cd1c-7175-430e-b92e-2eaec7226ddf
379951,TCF_EDU_4,MAG_FORKLIFT,TCF_EDU,ES4-4.5,Protective field breach,Protective field breach,RESOLVED,,,2026-08-04 20:08:59 +07:00,00h 00m 00s,0,31f53b1b-49ce-4de0-bb91-2ac38449113a
379950,TCF_BOX_1,MAG_FORKLIFT,TCF_BOX,ES4-4.5,Protective field breach,Protective field breach,RESOLVED,,,2026-08-04 20:08:58 +07:00,01h 02m 57s,3777,7f9ce18e-a38c-46ec-b67a-26ad060beb35
379949,TCF_EDU_4,MAG_FORKLIFT,TCF_EDU,EH8-8.2,Fork HW Timeout,,RESOLVED,,,2026-08-04 20:08:55 +07:00,00h 00m 04s,4,0ae1984c-ce4c-40fa-a8df-4cfa4a170a5d
379947,TCF_EDU_4,MAG_FORKLIFT,TCF_EDU,EH4-4.8,Brake Engaged,,RESOLVED,,,2026-08-04 20:08:54 +07:00,00h 00m 01s,1,fc0ce8cb-435f-41a5-8478-6b7a52629659
379946,TCF_EDU_4,MAG_FORKLIFT,TCF_EDU,ES4-4.5,Protective field breach,Protective field breach,RESOLVED,,,2026-08-04 20:08:53 +07:00,00h 00m 01s,1,aa6f97c2-fac9-40ee-8938-fd27a24c6cb5
379945,TCF_EDU_4,MAG_FORKLIFT,TCF_EDU,EH8-8.2,Fork HW Timeout,,RESOLVED,,,2026-08-04 20:08:42 +07:00,00h 00m 11s,11,0ae1984c-ce4c-40fa-a8df-4cfa4a170a5d
379943,TCF_EDU_4,MAG_FORKLIFT,TCF_EDU,ES4-4.5,Protective field breach,Protective field breach,RESOLVED,,,2026-08-04 20:08:40 +07:00,00h 00m 01s,1,3a2149b1-2db9-442a-99cd-6b5b9f30bfa3
379942,TCF_EDU_4,MAG_FORKLIFT,TCF_EDU,EH8-8.2,Fork HW Timeout,,RESOLVED,,,2026-08-04 20:08:37 +07:00,00h 00m 03s,3,0ae1984c-ce4c-40fa-a8df-4cfa4a170a5d
379940,TCF_EDU_4,MAG_FORKLIFT,TCF_EDU,ES4-4.5,Protective field breach,Protective field breach,RESOLVED,,,2026-08-04 20:08:34 +07:00,00h 00m 03s,3,3d8ca365-413a-4912-97dd-647b2df4fc30
379939,TCF_EDU_4,MAG_FORKLIFT,TCF_EDU,EH8-8.2,Fork HW Timeout,,RESOLVED,,,2026-08-04 20:08:29 +07:00,00h 00m 05s,5,0ae1984c-ce4c-40fa-a8df-4cfa4a170a5d
379937,TCF_EDU_4,MAG_FORKLIFT,TCF_EDU,EH4-4.8,Brake Engaged,,RESOLVED,,,2026-08-04 20:08:28 +07:00,00h 00m 01s,1,dcaac24f-119f-47d8-b2f9-30e662d531d9
379936,TCF_EDU_4,MAG_FORKLIFT,TCF_EDU,ES4-4.5,Protective field breach,Protective field breach,RESOLVED,,,2026-08-04 20:08:27 +07:00,00h 00m 01s,1,5a7caa92-91a2-4a81-be7f-d1c21bd51e9f
379935,TCF_EDU_4,MAG_FORKLIFT,TCF_EDU,EH8-8.2,Fork HW Timeout,,RESOLVED,,,2026-08-04 20:08:22 +07:00,00h 00m 04s,4,0ae1984c-ce4c-40fa-a8df-4cfa4a170a5d
379933,TCF_EDU_4,MAG_FORKLIFT,TCF_EDU,EH4-4.8,Brake Engaged,,RESOLVED,,,2026-08-04 20:08:21 +07:00,00h 00m 01s,1,c33e1f6f-77d2-4f0f-8d88-a538b486a0c3
379932,TCF_EDU_4,MAG_FORKLIFT,TCF_EDU,ES4-4.5,Protective field breach,Protective field breach,RESOLVED,,,2026-08-04 20:08:17 +07:00,00h 00m 04s,4,8ea8e34e-a4cd-4a36-b66d-6a3ba31a8f76
379931,TCF_EDU_4,MAG_FORKLIFT,TCF_EDU,EH8-8.2,Fork HW Timeout,,RESOLVED,,,2026-08-04 20:08:11 +07:00,00h 00m 06s,6,0ae1984c-ce4c-40fa-a8df-4cfa4a170a5d
379929,TCF_EDU_4,MAG_FORKLIFT,TCF_EDU,ES4-4.5,Protective field breach,Protective field breach,RESOLVED,,,2026-08-04 20:08:09 +07:00,00h 00m 01s,1,b10036bc-ca62-4123-9312-8b3001a99211
379928,TCF_EDU_4,MAG_FORKLIFT,TCF_EDU,EH8-8.2,Fork HW Timeout,,RESOLVED,,,2026-08-04 20:08:04 +07:00,00h 00m 05s,5,0ae1984c-ce4c-40fa-a8df-4cfa4a170a5d
379926,TCF_EDU_4,MAG_FORKLIFT,TCF_EDU,EH4-4.8,Brake Engaged,,RESOLVED,,,2026-08-04 20:08:03 +07:00,00h 00m 01s,1,f837fc92-1be7-4f7b-9123-c2d67d57f802
379925,TCF_EDU_4,MAG_FORKLIFT,TCF_EDU,ES4-4.5,Protective field breach,Protective field breach,RESOLVED,,,2026-08-04 20:08:01 +07:00,00h 00m 02s,2,9f0c3fa5-b114-44e6-a419-819ec4c33800
379924,TCF_EDU_4,MAG_FORKLIFT,TCF_EDU,EH4-4.8,Brake Engaged,,RESOLVED,,,2026-08-04 20:08:00 +07:00,00h 00m 00s,0,642edebc-8cfb-455a-89c9-924c4b278e2f
379923,TCF_EDU_4,MAG_FORKLIFT,TCF_EDU,ES4-4.5,Protective field breach,Protective field breach,RESOLVED,,,2026-08-04 20:07:59 +07:00,00h 00m 01s,1,2b7874d9-a879-43ee-9b55-49f2c755d38f
379922,TCF_EDU_4,MAG_FORKLIFT,TCF_EDU,EH8-8.2,Fork HW Timeout,,RESOLVED,,,2026-08-04 20:07:53 +07:00,00h 00m 06s,6,0ae1984c-ce4c-40fa-a8df-4cfa4a170a5d
379920,TCF_EDU_4,MAG_FORKLIFT,TCF_EDU,EH4-4.8,Brake Engaged,,RESOLVED,,,2026-08-04 20:07:52 +07:00,00h 00m 01s,1,0c10308d-471e-4ca6-a3ef-1966b00fff24
379919,TCF_EDU_4,MAG_FORKLIFT,TCF_EDU,ES4-4.5,Protective field breach,Protective field breach,RESOLVED,,,2026-08-04 20:07:51 +07:00,00h 00m 01s,1,786c19df-a573-41e1-862e-861e0e3d6444
379918,TCF_EDU_4,MAG_FORKLIFT,TCF_EDU,EH8-8.2,Fork HW Timeout,,RESOLVED,,,2026-08-04 20:07:49 +07:00,00h 00m 01s,1,0ae1984c-ce4c-40fa-a8df-4cfa4a170a5d
379916,TCF_EDU_4,MAG_FORKLIFT,TCF_EDU,EH4-4.8,Brake Engaged,,RESOLVED,,,2026-08-04 20:07:48 +07:00,00h 00m 01s,1,308b057e-d2af-42b0-9657-5d9b3da039a5
379915,TCF_EDU_4,MAG_FORKLIFT,TCF_EDU,ES4-4.5,Protective field breach,Protective field breach,RESOLVED,,,2026-08-04 20:07:47 +07:00,00h 00m 00s,0,439770f4-de8e-4f07-aed8-9ef08f87b780
379914,TCF_EDU_4,MAG_FORKLIFT,TCF_EDU,EH8-8.2,Fork HW Timeout,,RESOLVED,,,2026-08-04 20:07:46 +07:00,00h 00m 00s,0,0ae1984c-ce4c-40fa-a8df-4cfa4a170a5d
379913,TCF_EDU_4,MAG_FORKLIFT,TCF_EDU,EH4-4.8,Brake Engaged,,RESOLVED,,,2026-08-04 20:07:37 +07:00,00h 00m 01s,1,e1ee823e-4c37-466b-9e0a-bb962f4721e9
379912,TCF_EDU_4,MAG_FORKLIFT,TCF_EDU,ES4-4.5,Protective field breach,Protective field breach,RESOLVED,,,2026-08-04 20:07:35 +07:00,00h 00m 02s,2,70cc5560-8ae2-4bca-99ae-4b4c7e18640a
379911,TCF_EDU_4,MAG_FORKLIFT,TCF_EDU,EH4-4.8,Brake Engaged,,RESOLVED,,,2026-08-04 20:07:21 +07:00,00h 00m 00s,0,fa6a1707-cb4c-4744-86f7-b21c48352693
379910,TCF_EDU_4,MAG_FORKLIFT,TCF_EDU,ES4-4.5,Protective field breach,Protective field breach,RESOLVED,,,2026-08-04 20:07:19 +07:00,00h 00m 02s,2,bf69dde0-86ec-4104-b902-5fe5cc76d69e
379909,TCF_EDU_4,MAG_FORKLIFT,TCF_EDU,EH4-4.8,Brake Engaged,,RESOLVED,,,2026-08-04 20:07:13 +07:00,00h 00m 00s,0,2e0b9e79-bff6-4ace-97e1-831a738d47fb
379908,TCF_EDU_4,MAG_FORKLIFT,TCF_EDU,ES4-4.5,Protective field breach,Protective field breach,RESOLVED,,,2026-08-04 20:07:00 +07:00,00h 00m 12s,12,308f2926-6fcf-403d-b290-d610f4ceea19
379907,TCF_BOX_2,MAG_FORKLIFT,TCF_BOX,EH4-4.8,Brake Engaged,,RESOLVED,,,2026-08-04 20:06:48 +07:00,00h 03m 44s,224,6d64b1c2-0cd5-45cd-97d3-b5552fcc9155
379906,TCF_EDU_4,MAG_FORKLIFT,TCF_EDU,ES4-4.5,Protective field breach,Protective field breach,RESOLVED,,,2026-08-04 20:06:40 +07:00,00h 00m 05s,5,c3845cee-bd17-4fbf-baa5-5dfa539347c0
379905,TCF_EDU_4,MAG_FORKLIFT,TCF_EDU,ES4-4.5,Protective field breach,Protective field breach,RESOLVED,,,2026-08-04 20:06:35 +07:00,00h 00m 01s,1,819dff7b-c527-448a-820e-d2e889159b04
379904,TCF_EDU_4,MAG_FORKLIFT,TCF_EDU,EH4-4.8,Brake Engaged,,RESOLVED,,,2026-08-04 20:06:32 +07:00,00h 00m 00s,0,1a566538-0bce-4b7d-ac44-9cb98d82ce2b
379903,TCF_EDU_4,MAG_FORKLIFT,TCF_EDU,ES4-4.5,Protective field breach,Protective field breach,RESOLVED,,,2026-08-04 20:06:28 +07:00,00h 00m 04s,4,a8ef5844-0852-4cc3-9d97-5779a728a501
379902,TCF_BOX_1,MAG_FORKLIFT,TCF_BOX,EH4-4.8,Brake Engaged,,RESOLVED,,,2026-08-04 20:06:24 +07:00,00h 02m 34s,154,b5f8c197-5d93-4d7f-82d8-443d8ebc0726
379901,TCF_BOX_1,MAG_FORKLIFT,TCF_BOX,FMS1-1.1,SERVICE CALL RESPONSE,,RESOLVED,,"Service call failed with data: {'serialNumber': 'TCF_BOX_1', 'actions': [{'actionType': 'customInstantAction', 'actionId': '9c4c6ce8-461c-4161-ae97-e0c2d058dd4b', 'actionDescription': 'service_call', 'blockingType': 'HARD', 'actionParameters': [{'key': 'service', 'value': '/TCF_BOX_1/remove_error'}, {'key': 'data', 'value': {'error_id': '65278a57-446e-4f01-872b-ad74b5d4d43d'}}, {'key': 'require_response', 'value': True}]}]}",2026-08-04 20:06:22 +07:00,00h 00m 00s,0,
379900,TCF_BOX_1,MAG_FORKLIFT,TCF_BOX,ESFL1-2.12,Software has crashed : obstacle stopper,,RESOLVED,,,2026-08-04 20:06:17 +07:00,00h 00m 07s,7,65278a57-446e-4f01-872b-ad74b5d4d43d
379899,TCF_EDU_1,MAG_FORKLIFT,TCF_EDU,EHFL4-1.49,Drive Motor Fault - Main Driver Fault,"""Set: Main Contactor driver is either open or shorted. This fault can be set only when Main Enable = On.Clear: Restore/repair any external wiring or device coil to the correct state",RESOLVED,,,2026-08-04 20:05:53 +07:00,00h 00m 04s,4,87b6b72d-3630-4b57-8557-84b7c2afa243
379898,TCF_EDU_1,MAG_FORKLIFT,TCF_EDU,EH4-4.8,Brake Engaged,,RESOLVED,,,2026-08-04 20:05:52 +07:00,00h 00m 00s,0,adf49826-fe67-4a9b-a020-805a2edb6b24
379897,TCF_EDU_2,MAG_FORKLIFT,TCF_EDU,EH4-4.8,Brake Engaged,,RESOLVED,,,2026-08-04 20:05:00 +07:00,00h 00m 00s,0,0ba59a46-baa5-4a9a-ad03-c1fb33addffe
379896,TCF_EDU_2,MAG_FORKLIFT,TCF_EDU,ES4-4.5,Protective field breach,Protective field breach,RESOLVED,,,2026-08-04 20:04:59 +07:00,00h 00m 00s,0,e1913b46-aa5d-4f1f-99d8-d04bf213c36e
379895,TCF_EDU_2,MAG_FORKLIFT,TCF_EDU,EH4-4.8,Brake Engaged,,RESOLVED,,,2026-08-04 20:04:53 +07:00,00h 00m 01s,1,5b13eb85-081b-4fde-9ee4-fe7bb7d50030
379894,TCF_EDU_2,MAG_FORKLIFT,TCF_EDU,ES4-4.5,Protective field breach,Protective field breach,RESOLVED,,,2026-08-04 20:04:51 +07:00,00h 00m 02s,2,4627c01e-d96e-4623-87b1-1e3d03a24dbf
379893,TCF_EDU_2,MAG_FORKLIFT,TCF_EDU,EH4-4.8,Brake Engaged,,RESOLVED,,,2026-08-04 20:04:44 +07:00,00h 00m 00s,0,17eaf53e-7ed3-45d6-bed4-327762176f78
379892,TCF_EDU_2,MAG_FORKLIFT,TCF_EDU,ES4-4.5,Protective field breach,Protective field breach,RESOLVED,,,2026-08-04 20:04:43 +07:00,00h 00m 01s,1,b59c3b5d-2b6e-4476-b125-ef533b2950c0
379891,TCF_EDU_2,MAG_FORKLIFT,TCF_EDU,ES4-4.5,Protective field breach,Protective field breach,RESOLVED,,,2026-08-04 20:04:22 +07:00,00h 00m 00s,0,8f36ae10-a22e-467f-a9c2-9125dca55cec
379890,TCF_EDU_3,MAG_FORKLIFT,TCF_EDU,EH4-4.8,Brake Engaged,,RESOLVED,,,2026-08-04 20:03:31 +07:00,00h 00m 00s,0,2c64c683-2abd-4049-9b9b-9febbd7a1a8e
379889,TCF_EDU_3,MAG_FORKLIFT,TCF_EDU,ES4-4.5,Protective field breach,Protective field breach,RESOLVED,,,2026-08-04 20:03:30 +07:00,00h 00m 00s,0,51c03533-44cb-4e44-8e43-7c89e769d0e5
379888,TCF_EDU_3,MAG_FORKLIFT,TCF_EDU,EH4-4.8,Brake Engaged,,RESOLVED,,,2026-08-04 20:03:26 +07:00,00h 00m 02s,2,50968ba5-56f8-4784-a1e5-3d347806724c
379887,TCF_EDU_3,MAG_FORKLIFT,TCF_EDU,ES4-4.5,Protective field breach,Protective field breach,RESOLVED,,,2026-08-04 20:03:25 +07:00,00h 00m 00s,0,15ca7b6d-42ae-485c-9316-e3a03dc7854a
379886,TCF_EDU_2,MAG_FORKLIFT,TCF_EDU,EH4-4.8,Brake Engaged,,RESOLVED,,,2026-08-04 20:03:10 +07:00,00h 00m 02s,2,7fb26d2f-9ec5-498a-8195-17d5a99aea8e
379885,TCF_EDU_3,MAG_FORKLIFT,TCF_EDU,EH4-4.8,Brake Engaged,,RESOLVED,,,2026-08-04 20:03:04 +07:00,00h 00m 01s,1,e3ac0e74-d221-4ac0-950a-98e451877215
379884,TCF_EDU_3,MAG_FORKLIFT,TCF_EDU,ES4-4.5,Protective field breach,Protective field breach,RESOLVED,,,2026-08-04 20:03:03 +07:00,00h 00m 01s,1,078689a6-1c4e-4bfb-beab-8f29775e2a34
379883,TCF_EDU_3,MAG_FORKLIFT,TCF_EDU,EH4-4.8,Brake Engaged,,RESOLVED,,,2026-08-04 20:02:55 +07:00,00h 00m 02s,2,065d3cf5-ce83-43e7-bdb3-704b8e372fe2
379882,TCF_EDU_3,MAG_FORKLIFT,TCF_EDU,ES4-4.5,Protective field breach,Protective field breach,RESOLVED,,,2026-08-04 20:02:54 +07:00,00h 00m 00s,0,977750fa-789e-4608-9b69-233fc0ae2432
379881,TCF_EDU_2,MAG_FORKLIFT,TCF_EDU,ES4-4.5,Protective field breach,Protective field breach,RESOLVED,,,2026-08-04 20:02:10 +07:00,00h 01m 00s,60,b70c19a8-2c4f-4ee3-aa55-76b7c49650ea
379880,TCF_EDU_2,MAG_FORKLIFT,TCF_EDU,EH4-4.8,Brake Engaged,,RESOLVED,,,2026-08-04 20:02:08 +07:00,00h 00m 02s,2,8cbc11de-a2d8-4f63-9531-e34ef3033a4d
379879,TCF_EDU_2,MAG_FORKLIFT,TCF_EDU,ES4-4.5,Protective field breach,Protective field breach,RESOLVED,,,2026-08-04 20:01:52 +07:00,00h 00m 16s,16,7ac367a1-dd22-48ae-a9e8-82f111d2ae21
379878,TCF_EDU_1,MAG_FORKLIFT,TCF_EDU,EH6-6.1,Low Localization Score,Please try to set the correct pose of robot,RESOLVED,,,2026-08-04 20:01:47 +07:00,00h 01m 55s,115,21c09fdb-6cce-457e-9f99-e61ad7a2375f
379876,TCF_EDU_1,MAG_FORKLIFT,TCF_EDU,EH4-4.8,Brake Engaged,,RESOLVED,,,2026-08-04 20:01:46 +07:00,00h 00m 01s,1,b7582c9f-1a35-4dfd-959d-f9cfc0491b08
379875,TCF_EDU_1,MAG_FORKLIFT,TCF_EDU,ES4-4.5,Protective field breach,Protective field breach,RESOLVED,,,2026-08-04 20:01:45 +07:00,00h 00m 00s,0,6772aeb1-22b5-4fdf-a703-d482f0097d21
379874,TCF_EDU_1,MAG_FORKLIFT,TCF_EDU,EH6-6.1,Low Localization Score,Please try to set the correct pose of robot,RESOLVED,,,2026-08-04 20:01:39 +07:00,00h 00m 06s,6,21c09fdb-6cce-457e-9f99-e61ad7a2375f
379872,TCF_EDU_1,MAG_FORKLIFT,TCF_EDU,EH4-4.8,Brake Engaged,,RESOLVED,,,2026-08-04 20:01:38 +07:00,00h 00m 01s,1,1da9963c-fe9b-4a21-b098-e11565ccc663
379871,TCF_EDU_1,MAG_FORKLIFT,TCF_EDU,ES4-4.5,Protective field breach,Protective field breach,RESOLVED,,,2026-08-04 20:01:35 +07:00,00h 00m 03s,3,cb4bc3e8-d12b-4221-82e2-dc680a8caf1e
379870,TCF_EDU_1,MAG_FORKLIFT,TCF_EDU,EH6-6.1,Low Localization Score,Please try to set the correct pose of robot,RESOLVED,,,2026-08-04 20:01:29 +07:00,00h 00m 06s,6,21c09fdb-6cce-457e-9f99-e61ad7a2375f
379868,TCF_EDU_1,MAG_FORKLIFT,TCF_EDU,EH4-4.8,Brake Engaged,,RESOLVED,,,2026-08-04 20:01:28 +07:00,00h 00m 00s,0,fb699a12-d5e5-48db-9e13-f1551e2d22d9
379867,TCF_EDU_1,MAG_FORKLIFT,TCF_EDU,ES4-4.5,Protective field breach,Protective field breach,RESOLVED,,,2026-08-04 20:01:13 +07:00,00h 00m 15s,15,961c4bb7-efdb-4346-99f4-1f25d68ee9da
379866,TCF_EDU_1,MAG_FORKLIFT,TCF_EDU,EH6-6.1,Low Localization Score,Please try to set the correct pose of robot,RESOLVED,,,2026-08-04 20:01:06 +07:00,00h 00m 07s,7,21c09fdb-6cce-457e-9f99-e61ad7a2375f
379864,TCF_EDU_1,MAG_FORKLIFT,TCF_EDU,EH4-4.8,Brake Engaged,,RESOLVED,,,2026-08-04 20:01:05 +07:00,00h 00m 01s,1,59abcead-0ace-4bbe-ab54-dedb69831fb0
379863,TCF_EDU_1,MAG_FORKLIFT,TCF_EDU,ES4-4.5,Protective field breach,Protective field breach,RESOLVED,,,2026-08-04 20:01:04 +07:00,00h 00m 00s,0,545498ef-faf7-4fe6-8b84-0c147ac0c991
379862,TCF_EDU_1,MAG_FORKLIFT,TCF_EDU,EH6-6.1,Low Localization Score,Please try to set the correct pose of robot,RESOLVED,,,2026-08-04 20:00:04 +07:00,00h 01m 00s,60,21c09fdb-6cce-457e-9f99-e61ad7a2375f
379860,TCF_EDU_1,MAG_FORKLIFT,TCF_EDU,EH4-4.8,Brake Engaged,,RESOLVED,,,2026-08-04 20:00:03 +07:00,00h 00m 00s,0,e159928d-015f-4333-af8e-d9f7cf9ff788
379859,TCF_EDU_1,MAG_FORKLIFT,TCF_EDU,ES4-4.5,Protective field breach,Protective field breach,RESOLVED,,,2026-08-04 20:00:02 +07:00,00h 00m 01s,1,ded3014f-445a-421f-a124-1fff1ec5b88d
379858,TCF_EDU_1,MAG_FORKLIFT,TCF_EDU,EH6-6.1,Low Localization Score,Please try to set the correct pose of robot,RESOLVED,,,2026-08-04 20:00:01 +07:00,00h 00m 00s,0,21c09fdb-6cce-457e-9f99-e61ad7a2375f
379856,TCF_EDU_2,MAG_FORKLIFT,TCF_EDU,EH4-4.8,Brake Engaged,,RESOLVED,,,2026-08-04 20:00:01 +07:00,00h 00m 02s,2,6392e675-2966-46a4-8698-e0fccefd6343
379855,TCF_EDU_1,MAG_FORKLIFT,TCF_EDU,EH4-4.8,Brake Engaged,,RESOLVED,,,2026-08-04 20:00:00 +07:00,00h 00m 01s,1,a7f489c7-9fd6-405a-b426-fc0e26040a15
379854,TCF_EDU_1,MAG_FORKLIFT,TCF_EDU,ES4-4.5,Protective field breach,Protective field breach,RESOLVED,,,2026-08-04 19:59:57 +07:00,00h 00m 02s,2,660c2a06-4815-4f91-be07-a10471885c2d
379853,TCF_EDU_2,MAG_FORKLIFT,TCF_EDU,ES4-4.5,Protective field breach,Protective field breach,RESOLVED,,,2026-08-04 19:59:57 +07:00,00h 00m 03s,3,f57c796e-6808-49df-890d-1882c6b3338b
379852,TCF_EDU_4,MAG_FORKLIFT,TCF_EDU,EHFL4-1.24,Drive Motor Fault - Severe KSI Overvoltage,"""Set: KSI voltage exceeded the Severe Overvoltage limit.Clear: Bring KSI voltage below the Severe Overvoltage limit",RESOLVED,,,2026-08-04 19:59:57 +07:00,00h 00m 02s,2,a9ee8f0f-49bb-40d1-81c2-73d32b84eecc
379851,TCF_EDU_2,MAG_FORKLIFT,TCF_EDU,EH4-4.8,Brake Engaged,,RESOLVED,,,2026-08-04 19:59:54 +07:00,00h 00m 01s,1,a9c3c1ad-1b3f-428c-963b-ae7a28379947
379850,TCF_EDU_2,MAG_FORKLIFT,TCF_EDU,ES4-4.5,Protective field breach,Protective field breach,RESOLVED,,,2026-08-04 19:59:52 +07:00,00h 00m 02s,2,4cd4e478-2a25-4e3c-8015-c5f02aebfad6
379849,TCF_EDU_2,MAG_FORKLIFT,TCF_EDU,EH4-4.8,Brake Engaged,,RESOLVED,,,2026-08-04 19:59:49 +07:00,00h 00m 02s,2,cd750700-91ba-4a6a-9933-7ab38efca7b5
379848,TCF_EDU_1,MAG_FORKLIFT,TCF_EDU,EH6-6.1,Low Localization Score,Please try to set the correct pose of robot,RESOLVED,,,2026-08-04 19:59:42 +07:00,00h 00m 15s,15,21c09fdb-6cce-457e-9f99-e61ad7a2375f
379846,TCF_EDU_1,MAG_FORKLIFT,TCF_EDU,EH4-4.8,Brake Engaged,,RESOLVED,,,2026-08-04 19:59:41 +07:00,00h 00m 01s,1,e97a3c89-db3e-4bb4-b58d-09a9dbeeae2e
379845,TCF_EDU_1,MAG_FORKLIFT,TCF_EDU,ES4-4.5,Protective field breach,Protective field breach,RESOLVED,,,2026-08-04 19:59:40 +07:00,00h 00m 00s,0,fe7c17db-c2a4-458e-8448-b307ca2d2b62
379844,TCF_EDU_2,MAG_FORKLIFT,TCF_EDU,ES4-4.5,Protective field breach,Protective field breach,RESOLVED,,,2026-08-04 19:59:40 +07:00,00h 00m 09s,9,f882eb8e-b163-4f06-a57c-558af6f1e396
379843,TCF_EDU_2,MAG_FORKLIFT,TCF_EDU,EH4-4.8,Brake Engaged,,RESOLVED,,,2026-08-04 19:59:35 +07:00,00h 00m 02s,2,99307056-0234-490a-b895-21eeb1c1636a
379842,TCF_EDU_2,MAG_FORKLIFT,TCF_EDU,ES4-4.5,Protective field breach,Protective field breach,RESOLVED,,,2026-08-04 19:59:34 +07:00,00h 00m 00s,0,16c69be4-be51-41fb-a3bc-8c48f7f6bdf6
379841,TCF_EDU_2,MAG_FORKLIFT,TCF_EDU,EH4-4.8,Brake Engaged,,RESOLVED,,,2026-08-04 19:59:32 +07:00,00h 00m 02s,2,652a12c5-e392-4148-81df-478316124555
379840,TCF_EDU_2,MAG_FORKLIFT,TCF_EDU,ES4-4.5,Protective field breach,Protective field breach,RESOLVED,,,2026-08-04 19:59:27 +07:00,00h 00m 05s,5,e27399a7-badb-4826-9f92-6aaf7b51b94c
379839,TCF_EDU_2,MAG_FORKLIFT,TCF_EDU,EH4-4.8,Brake Engaged,,RESOLVED,,,2026-08-04 19:59:25 +07:00,00h 00m 02s,2,e22fd702-1547-467f-a1e7-3760ac705819
379838,TCF_EDU_2,MAG_FORKLIFT,TCF_EDU,ES4-4.5,Protective field breach,Protective field breach,RESOLVED,,,2026-08-04 19:59:16 +07:00,00h 00m 09s,9,bedac2fa-e10d-4b70-9f27-1e1eb4e3d6d3
379837,TCF_EDU_2,MAG_FORKLIFT,TCF_EDU,EH4-4.8,Brake Engaged,,RESOLVED,,,2026-08-04 19:58:59 +07:00,00h 00m 06s,6,ebfddaa8-549c-47e1-9e03-9a70869cb0ba
379836,TCF_EDU_2,MAG_FORKLIFT,TCF_EDU,ES4-4.5,Protective field breach,Protective field breach,RESOLVED,,,2026-08-04 19:58:57 +07:00,00h 00m 00s,0,a56130ad-091e-46d3-9d08-2cdf6edf58e3
379835,TCF_EDU_1,MAG_FORKLIFT,TCF_EDU,EH6-6.1,Low Localization Score,Please try to set the correct pose of robot,RESOLVED,,,2026-08-04 19:58:56 +07:00,00h 00m 44s,44,21c09fdb-6cce-457e-9f99-e61ad7a2375f
379833,TCF_EDU_1,MAG_FORKLIFT,TCF_EDU,EH4-4.8,Brake Engaged,,RESOLVED,,,2026-08-04 19:58:55 +07:00,00h 00m 01s,1,5cacd301-1c80-44d7-9817-da82482170eb
379832,TCF_EDU_1,MAG_FORKLIFT,TCF_EDU,ES4-4.5,Protective field breach,Protective field breach,RESOLVED,,,2026-08-04 19:58:53 +07:00,00h 00m 02s,2,c369ec8e-12bf-4921-8472-560d3990e5f7
379831,TCF_EDU_1,MAG_FORKLIFT,TCF_EDU,EH6-6.1,Low Localization Score,Please try to set the correct pose of robot,RESOLVED,,,2026-08-04 19:58:15 +07:00,00h 00m 37s,37,21c09fdb-6cce-457e-9f99-e61ad7a2375f
379829,TCF_EDU_1,MAG_FORKLIFT,TCF_EDU,ES4-4.5,Protective field breach,Protective field breach,RESOLVED,,,2026-08-04 19:58:14 +07:00,00h 00m 01s,1,b9cc11ca-006e-49f2-8dc5-66edbb5a47db
379828,TCF_EDU_4,MAG_FORKLIFT,TCF_EDU,EH4-4.8,Brake Engaged,,RESOLVED,,,2026-08-04 19:56:45 +07:00,00h 00m 03s,3,e0532781-718e-4ccc-ace1-1ca14464c371
379826,TCF_EDU_4,MAG_FORKLIFT,TCF_EDU,ES4-4.5,Protective field breach,Protective field breach,RESOLVED,,,2026-08-04 19:54:57 +07:00,00h 01m 48s,108,2a1754fa-a202-4bfe-a876-e18cf6a2d630
379824,TCF_EDU_4,MAG_FORKLIFT,TCF_EDU,EH4-4.8,Brake Engaged,,RESOLVED,,,2026-08-04 19:54:56 +07:00,00h 00m 01s,1,e0532781-718e-4ccc-ace1-1ca14464c371
379822,TCF_EDU_4,MAG_FORKLIFT,TCF_EDU,ES4-4.5,Protective field breach,Protective field breach,RESOLVED,,,2026-08-04 19:54:34 +07:00,00h 00m 22s,22,2a1754fa-a202-4bfe-a876-e18cf6a2d630
379820,TCF_EDU_4,MAG_FORKLIFT,TCF_EDU,EH4-4.8,Brake Engaged,,RESOLVED,,,2026-08-04 19:54:33 +07:00,00h 00m 01s,1,e0532781-718e-4ccc-ace1-1ca14464c371
379818,TCF_EDU_4,MAG_FORKLIFT,TCF_EDU,ES4-4.5,Protective field breach,Protective field breach,RESOLVED,,,2026-08-04 19:52:43 +07:00,00h 01m 50s,110,2a1754fa-a202-4bfe-a876-e18cf6a2d630
379816,TCF_EDU_1,MAG_FORKLIFT,TCF_EDU,EH6-6.1,Low Localization Score,Please try to set the correct pose of robot,RESOLVED,,,2026-08-04 19:51:31 +07:00,00h 06m 43s,403,21c09fdb-6cce-457e-9f99-e61ad7a2375f
379814,TCF_EDU_1,MAG_FORKLIFT,TCF_EDU,ESFL1-2.12,Software has crashed : obstacle stopper,,RESOLVED,,,2026-08-04 19:51:26 +07:00,00h 00m 05s,5,739b3f11-4df9-48b4-ba20-2b4991b67bdf
379813,TCF_EDU_1,MAG_FORKLIFT,TCF_EDU,EH6-6.1,Low Localization Score,Please try to set the correct pose of robot,RESOLVED,,,2026-08-04 19:51:25 +07:00,00h 00m 00s,0,21c09fdb-6cce-457e-9f99-e61ad7a2375f
379812,TCF_EDU_1,MAG_FORKLIFT,TCF_EDU,FMS1-1.1,SERVICE CALL RESPONSE,,RESOLVED,,"Service call failed with data: {'serialNumber': 'TCF_EDU_1', 'actions': [{'actionType': 'customInstantAction', 'actionId': 'a9c8f4e6-8c37-4f78-95b9-3ad08dc800df', 'actionDescription': 'service_call', 'blockingType': 'HARD', 'actionParameters': [{'key': 'service', 'value': '/TCF_EDU_1/remove_error'}, {'key': 'data', 'value': {'error_id': '36ff965b-400c-4ab7-a1be-3d4abb9ae031'}}, {'key': 'require_response', 'value': True}]}]}",2026-08-04 19:51:24 +07:00,00h 00m 00s,0,
379811,TCF_EDU_1,MAG_FORKLIFT,TCF_EDU,ESFL1-2.12,Software has crashed : obstacle stopper,,RESOLVED,,,2026-08-04 19:51:19 +07:00,00h 00m 06s,6,36ff965b-400c-4ab7-a1be-3d4abb9ae031
379810,TCF_EDU_3,MAG_FORKLIFT,TCF_EDU,EH4-4.8,Brake Engaged,,RESOLVED,,,2026-08-04 19:49:49 +07:00,00h 00m 01s,1,9e994037-e3e4-4ec9-81af-3c4f27c6f35f
379809,TCF_EDU_3,MAG_FORKLIFT,TCF_EDU,ES4-4.5,Protective field breach,Protective field breach,RESOLVED,,,2026-08-04 19:49:48 +07:00,00h 00m 01s,1,125622a6-08f5-424d-b066-bc73f7304c01
379808,TCF_EDU_4,MAG_FORKLIFT,TCF_EDU,EH4-4.8,Brake Engaged,,RESOLVED,,,2026-08-04 19:49:24 +07:00,00h 03m 19s,199,e0532781-718e-4ccc-ace1-1ca14464c371
379807,TCF_EDU_3,MAG_FORKLIFT,TCF_EDU,EH4-4.8,Brake Engaged,,RESOLVED,,,2026-08-04 19:49:19 +07:00,00h 00m 04s,4,63354f79-c19c-423d-b41a-6bce51c13f95
379806,TCF_EDU_3,MAG_FORKLIFT,TCF_EDU,ES4-4.5,Protective field breach,Protective field breach,RESOLVED,,,2026-08-04 19:49:18 +07:00,00h 00m 01s,1,e2ce9730-8f9b-4e97-94a2-884de7c70bd6
379805,TCF_EDU_3,MAG_FORKLIFT,TCF_EDU,EH4-4.8,Brake Engaged,,RESOLVED,,,2026-08-04 19:48:54 +07:00,00h 00m 05s,5,5f27f84d-d923-4290-8b09-f284de24798f
379804,TCF_EDU_3,MAG_FORKLIFT,TCF_EDU,EH4-4.8,Brake Engaged,,RESOLVED,,,2026-08-04 19:48:07 +07:00,00h 00m 15s,15,a706deb8-3018-4df4-821b-f8824630c2f5
379803,TCF_EDU_3,MAG_FORKLIFT,TCF_EDU,ES4-4.5,Protective field breach,Protective field breach,RESOLVED,,,2026-08-04 19:48:06 +07:00,00h 00m 00s,0,8d2b4115-b56c-45b3-b505-3e946d1b19d5
379802,TCF_EDU_3,MAG_FORKLIFT,TCF_EDU,FMS1-1.1,SERVICE CALL RESPONSE,,RESOLVED,,"Service call failed with data: {'serialNumber': 'TCF_EDU_3', 'actions': [{'actionType': 'customInstantAction', 'actionId': '154d5a59-1545-4aa9-a944-7d83fc281621', 'actionDescription': 'service_call', 'blockingType': 'HARD', 'actionParameters': [{'key': 'service', 'value': '/TCF_EDU_3/remove_error'}, {'key': 'data', 'value': {'error_id': '7408a79c-90db-4815-8ec6-1005b4b6a1f8'}}, {'key': 'require_response', 'value': True}]}]}",2026-08-04 19:47:59 +07:00,00h 00m 00s,0,
379801,TCF_EDU_3,MAG_FORKLIFT,TCF_EDU,FMS1-1.1,SERVICE CALL RESPONSE,,RESOLVED,,"Service call failed with data: {'serialNumber': 'TCF_EDU_3', 'actions': [{'actionType': 'customInstantAction', 'actionId': 'f207d650-ac0c-40da-9c75-ec660964c401', 'actionDescription': 'service_call', 'blockingType': 'HARD', 'actionParameters': [{'key': 'service', 'value': '/TCF_EDU_3/tms_retry'}, {'key': 'data', 'value': {}}, {'key': 'require_response', 'value': True}]}]}",2026-08-04 19:47:54 +07:00,00h 00m 04s,4,
379800,TCF_EDU_3,MAG_FORKLIFT,TCF_EDU,EH2-2.4,E-Stop not released properly. Press Resume button.,,RESOLVED,,,2026-08-04 19:47:49 +07:00,00h 00m 11s,11,7408a79c-90db-4815-8ec6-1005b4b6a1f8
379799,TCF_EDU_3,MAG_FORKLIFT,TCF_EDU,EH4-4.8,Brake Engaged,,RESOLVED,,,2026-08-04 19:47:40 +07:00,00h 00m 02s,2,4e349ec0-83a2-4d94-9768-6e1d0facaf09
379798,TCF_EDU_3,MAG_FORKLIFT,TCF_EDU,EH4-4.8,Brake Engaged,,RESOLVED,,,2026-08-04 19:47:37 +07:00,00h 00m 03s,3,7c53b048-ed97-409e-a542-fae098e0090c
379797,TCF_EDU_3,MAG_FORKLIFT,TCF_EDU,EH4-4.8,Brake Engaged,,RESOLVED,,,2026-08-04 19:47:35 +07:00,00h 00m 01s,1,69f81e53-d274-4a0c-a8ae-1a401d5a541e
379796,TCF_EDU_3,MAG_FORKLIFT,TCF_EDU,EH4-4.8,Brake Engaged,,RESOLVED,,,2026-08-04 19:46:41 +07:00,00h 00m 06s,6,54788e16-0778-4099-8838-6384eabbc03d
379795,TCF_EDU_3,MAG_FORKLIFT,TCF_EDU,ES4-4.5,Protective field breach,Protective field breach,RESOLVED,,,2026-08-04 19:46:40 +07:00,00h 00m 00s,0,c9a49d50-842d-4972-81c8-02a8879bf551
379794,TCF_EDU_3,MAG_FORKLIFT,TCF_EDU,EH4-4.8,Brake Engaged,,RESOLVED,,,2026-08-04 19:43:59 +07:00,00h 00m 08s,8,6eec0a31-676e-411d-9b68-afb553d51685
379793,TCF_EDU_3,MAG_FORKLIFT,TCF_EDU,ES4-4.5,Protective field breach,Protective field breach,RESOLVED,,,2026-08-04 19:43:58 +07:00,00h 00m 01s,1,3d5531d0-63cf-43d2-b6c8-d5136c51c394
379792,TCF_EDU_4,MAG_FORKLIFT,TCF_EDU,ES4-4.5,Protective field breach,Protective field breach,RESOLVED,,,2026-08-04 19:43:38 +07:00,00h 05m 46s,346,2a1754fa-a202-4bfe-a876-e18cf6a2d630
379791,TCF_EDU_2,MAG_FORKLIFT,TCF_EDU,EH4-4.8,Brake Engaged,,RESOLVED,,,2026-08-04 19:41:36 +07:00,00h 00m 00s,0,b53f2e75-ef2e-4cd0-862c-ef81926c2da3
379790,TCF_EDU_2,MAG_FORKLIFT,TCF_EDU,FMS1-1.1,SERVICE CALL RESPONSE,,RESOLVED,,"Service call failed with data: {'serialNumber': 'TCF_EDU_2', 'actions': [{'actionType': 'customInstantAction', 'actionId': 'f44b6d20-1cde-40cd-a953-d03f716ae1cd', 'actionDescription': 'service_call', 'blockingType': 'HARD', 'actionParameters': [{'key': 'service', 'value': '/TCF_EDU_2/remove_error'}, {'key': 'data', 'value': {'error_id': 'f5868ff1-086f-48bd-8a46-712f013d0b1a'}}, {'key': 'require_response', 'value': True}]}]}",2026-08-04 19:41:36 +07:00,00h 00m 00s,0,
379789,TCF_EDU_2,MAG_FORKLIFT,TCF_EDU,FMS1-1.1,SERVICE CALL RESPONSE,,RESOLVED,,"Service call failed with data: {'serialNumber': 'TCF_EDU_2', 'actions': [{'actionType': 'customInstantAction', 'actionId': '57af06ac-2654-452a-98f5-33c80cf5f0a8', 'actionDescription': 'service_call', 'blockingType': 'HARD', 'actionParameters': [{'key': 'service', 'value': '/TCF_EDU_2/tms_retry'}, {'key': 'data', 'value': {}}, {'key': 'require_response', 'value': True}]}]}",2026-08-04 19:41:31 +07:00,00h 00m 04s,4,
379788,TCF_EDU_2,MAG_FORKLIFT,TCF_EDU,EH2-2.4,E-Stop not released properly. Press Resume button.,,RESOLVED,,,2026-08-04 19:41:26 +07:00,00h 00m 10s,10,f5868ff1-086f-48bd-8a46-712f013d0b1a
379787,TCF_EDU_4,MAG_FORKLIFT,TCF_EDU,FMS1-1.1,SERVICE CALL RESPONSE,,RESOLVED,,"Service call failed with data: {'serialNumber': 'TCF_EDU_4', 'actions': [{'actionType': 'customInstantAction', 'actionId': '069bfdb1-773d-49cd-a6c6-eb1ed6117413', 'actionDescription': 'service_call', 'blockingType': 'HARD', 'actionParameters': [{'key': 'service', 'value': '/TCF_EDU_4/remove_error'}, {'key': 'data', 'value': {'error_id': '21f78026-14f8-496d-8e2c-e6d320463212'}}, {'key': 'require_response', 'value': True}]}]}",2026-08-04 19:40:29 +07:00,00h 00m 00s,0,
379786,TCF_EDU_4,MAG_FORKLIFT,TCF_EDU,FMS1-1.1,SERVICE CALL RESPONSE,,RESOLVED,,"Service call failed with data: {'serialNumber': 'TCF_EDU_4', 'actions': [{'actionType': 'customInstantAction', 'actionId': '59369712-357c-4170-92b3-ecba3a0e3197', 'actionDescription': 'service_call', 'blockingType': 'HARD', 'actionParameters': [{'key': 'service', 'value': '/TCF_EDU_4/tms_retry'}, {'key': 'data', 'value': {}}, {'key': 'require_response', 'value': True}]}]}",2026-08-04 19:40:24 +07:00,00h 00m 04s,4,
379785,TCF_EDU_4,MAG_FORKLIFT,TCF_EDU,EH2-2.4,E-Stop not released properly. Press Resume button.,,RESOLVED,,,2026-08-04 19:40:19 +07:00,00h 00m 10s,10,21f78026-14f8-496d-8e2c-e6d320463212
379784,TCF_EDU_4,MAG_FORKLIFT,TCF_EDU,EH4-4.8,Brake Engaged,,RESOLVED,,,2026-08-04 19:40:11 +07:00,00h 00m 18s,18,8e183f10-f9ae-4bfe-9759-53095ac23ccd
379783,TCF_EDU_4,MAG_FORKLIFT,TCF_EDU,ES4-4.5,Protective field breach,Protective field breach,RESOLVED,,,2026-08-04 19:40:10 +07:00,00h 00m 01s,1,323e7ebb-23bc-40b2-980f-9e0d5fb45eee
379782,TCF_EDU_4,MAG_FORKLIFT,TCF_EDU,EH4-4.8,Brake Engaged,,RESOLVED,,,2026-08-04 19:38:46 +07:00,00h 00m 01s,1,468deb2d-39d7-478d-9366-3778828ead46
379781,TCF_EDU_4,MAG_FORKLIFT,TCF_EDU,ES4-4.5,Protective field breach,Protective field breach,RESOLVED,,,2026-08-04 19:38:45 +07:00,00h 00m 01s,1,35e9fd50-c10f-46d9-aac0-6aaf3caceb07
379780,TCF_EDU_4,MAG_FORKLIFT,TCF_EDU,EH1-1.15,Unable to talk to motor driver,,RESOLVED,,,2026-08-04 19:37:57 +07:00,00h 00m 00s,0,795d7578-71ae-4de7-b49a-71f62c0d734f
379779,TCF_EDU_4,MAG_FORKLIFT,TCF_EDU,EH4-4.8,Brake Engaged,,RESOLVED,,,2026-08-04 19:37:45 +07:00,00h 00m 01s,1,f13960d2-6d96-4ae5-a35c-b2a370713a9b
379778,TCF_EDU_4,MAG_FORKLIFT,TCF_EDU,ES4-4.5,Protective field breach,Protective field breach,RESOLVED,,,2026-08-04 19:37:44 +07:00,00h 00m 00s,0,d87910f7-cfc5-40d2-b42f-1ca651390551
379777,TCF_EDU_4,MAG_FORKLIFT,TCF_EDU,EH4-4.8,Brake Engaged,,RESOLVED,,,2026-08-04 19:37:32 +07:00,00h 00m 00s,0,e68954b0-b21c-4763-94dd-38181fa885cb
379776,TCF_EDU_4,MAG_FORKLIFT,TCF_EDU,ES4-4.5,Protective field breach,Protective field breach,RESOLVED,,,2026-08-04 19:37:30 +07:00,00h 00m 02s,2,b2a973e1-d297-4a7a-9bc1-d924c3d6437c
379775,TCF_EDU_4,MAG_FORKLIFT,TCF_EDU,EH4-4.8,Brake Engaged,,RESOLVED,,,2026-08-04 19:37:27 +07:00,00h 00m 00s,0,32d396b4-26f4-4822-af76-b26cc8f2001d
379774,TCF_EDU_4,MAG_FORKLIFT,TCF_EDU,ES4-4.5,Protective field breach,Protective field breach,RESOLVED,,,2026-08-04 19:37:18 +07:00,00h 00m 09s,9,c106c0c4-c00e-4581-ac7e-1f0e56e492ee
379773,TCF_EDU_3,MAG_FORKLIFT,TCF_EDU,EH6-6.1,Low Localization Score,Please try to set the correct pose of robot,RESOLVED,,,2026-08-04 19:35:23 +07:00,00h 00m 01s,1,c48cd107-2522-48f0-96b2-34529058b3fe
379772,TCF_EDU_3,MAG_FORKLIFT,TCF_EDU,EH6-6.1,Low Localization Score,Please try to set the correct pose of robot,RESOLVED,,,2026-08-04 19:35:16 +07:00,00h 00m 05s,5,adb9a17c-6a01-4f27-8a52-dc6f5047785a
379771,TCF_EDU_3,MAG_FORKLIFT,TCF_EDU,EH6-6.1,Low Localization Score,Please try to set the correct pose of robot,RESOLVED,,,2026-08-04 19:35:09 +07:00,00h 00m 02s,2,cf354db0-db97-4353-977a-016838920bf8
379770,TCF_EDU_3,MAG_FORKLIFT,TCF_EDU,EH4-4.8,Brake Engaged,,RESOLVED,,,2026-08-04 19:34:59 +07:00,00h 00m 07s,7,66dc4924-6bb3-454b-b12d-dbdb368ef9f3
379769,TCF_EDU_3,MAG_FORKLIFT,TCF_EDU,EH6-6.1,Low Localization Score,Please try to set the correct pose of robot,RESOLVED,,,2026-08-04 19:34:54 +07:00,00h 00m 03s,3,e888d379-4739-4fba-8543-0bd9ca68a7d7
379768,TCF_EDU_3,MAG_FORKLIFT,TCF_EDU,EH6-6.1,Low Localization Score,Please try to set the correct pose of robot,RESOLVED,,,2026-08-04 19:34:45 +07:00,00h 00m 07s,7,53a2b51e-6993-49b5-bb06-7a3e9f4c0ffe
379767,TCF_EDU_3,MAG_FORKLIFT,TCF_EDU,EH4-4.8,Brake Engaged,,RESOLVED,,,2026-08-04 19:34:43 +07:00,00h 00m 00s,0,ffd68b16-c312-4159-9aae-a98d8e95ae2f
379766,TCF_EDU_3,MAG_FORKLIFT,TCF_EDU,EH6-6.1,Low Localization Score,Please try to set the correct pose of robot,RESOLVED,,,2026-08-04 19:34:37 +07:00,00h 00m 03s,3,662efdf8-488d-4d6d-b8bd-5005226805eb
379765,TCF_EDU_3,MAG_FORKLIFT,TCF_EDU,EH6-6.1,Low Localization Score,Please try to set the correct pose of robot,RESOLVED,,,2026-08-04 19:34:35 +07:00,00h 00m 00s,0,b3839a15-0e81-4baa-84b5-b16814a340f4
379764,TCF_EDU_3,MAG_FORKLIFT,TCF_EDU,EH6-6.1,Low Localization Score,Please try to set the correct pose of robot,RESOLVED,,,2026-08-04 19:34:33 +07:00,00h 00m 01s,1,892f5745-2f0a-4b52-9158-46721e9a0b1e
379763,TCF_EDU_3,MAG_FORKLIFT,TCF_EDU,EH6-6.1,Low Localization Score,Please try to set the correct pose of robot,RESOLVED,,,2026-08-04 19:34:16 +07:00,00h 00m 16s,16,b62f49a0-7d4e-4b28-bc74-470adeb71afb
379762,TCF_EDU_3,MAG_FORKLIFT,TCF_EDU,EH6-6.1,Low Localization Score,Please try to set the correct pose of robot,RESOLVED,,,2026-08-04 19:34:02 +07:00,00h 00m 13s,13,666122ab-ddb1-4126-bfbd-8785b39432ce
379761,TCF_EDU_3,MAG_FORKLIFT,TCF_EDU,EH6-6.1,Low Localization Score,Please try to set the correct pose of robot,RESOLVED,,,2026-08-04 19:33:48 +07:00,00h 00m 12s,12,56758736-866b-4473-b4ee-c71a3659fd98
379760,TCF_EDU_3,MAG_FORKLIFT,TCF_EDU,EH6-6.1,Low Localization Score,Please try to set the correct pose of robot,RESOLVED,,,2026-08-04 19:33:44 +07:00,00h 00m 02s,2,6e009496-d0c7-4598-aa53-85e3e51900f9
379759,TCF_EDU_1,MAG_FORKLIFT,TCF_EDU,WF1-1.2,Robot is Offline,,RESOLVED,,,2026-08-04 19:33:30 +07:00,00h 17m 23s,1043,
379758,TCF_EDU_1,MAG_FORKLIFT,TCF_EDU,EH6-6.1,Low Localization Score,Please try to set the correct pose of robot,RESOLVED,,,2026-08-04 19:33:29 +07:00,00h 00m 01s,1,7225246c-6112-4f61-ba27-4f8714a90cc5
379757,TCF_EDU_1,MAG_FORKLIFT,TCF_EDU,EH6-6.1,Low Localization Score,Please try to set the correct pose of robot,RESOLVED,,,2026-08-04 19:33:27 +07:00,00h 00m 01s,1,d8d2bdf8-7675-4520-8c3a-8ef19d72efb1
379756,TCF_EDU_1,MAG_FORKLIFT,TCF_EDU,EH6-6.1,Low Localization Score,Please try to set the correct pose of robot,RESOLVED,,,2026-08-04 19:33:22 +07:00,00h 00m 01s,1,3d99f66e-80f0-4972-bd81-9f4546416195
379755,TCF_EDU_1,MAG_FORKLIFT,TCF_EDU,EH6-6.1,Low Localization Score,Please try to set the correct pose of robot,RESOLVED,,,2026-08-04 19:33:18 +07:00,00h 00m 02s,2,90d4c612-031a-41aa-b1ff-43cfe90faa8e
379754,TCF_EDU_1,MAG_FORKLIFT,TCF_EDU,EH6-6.1,Low Localization Score,Please try to set the correct pose of robot,RESOLVED,,,2026-08-04 19:33:13 +07:00,00h 00m 01s,1,171066bf-8d89-44a3-bdb5-4879e09d67ed
379753,TCF_EDU_1,MAG_FORKLIFT,TCF_EDU,EH6-6.1,Low Localization Score,Please try to set the correct pose of robot,RESOLVED,,,2026-08-04 19:33:10 +07:00,00h 00m 02s,2,49fbb80a-8ec9-4c6c-81e2-fab24c1e8207
379752,TCF_EDU_3,MAG_FORKLIFT,TCF_EDU,EH6-6.1,Low Localization Score,Please try to set the correct pose of robot,RESOLVED,,,2026-08-04 19:33:08 +07:00,00h 00m 35s,35,910cdf8d-44d5-4b25-81d2-5ad9ccdfe0fb
379751,TCF_EDU_1,MAG_FORKLIFT,TCF_EDU,EH6-6.1,Low Localization Score,Please try to set the correct pose of robot,RESOLVED,,,2026-08-04 19:33:05 +07:00,00h 00m 02s,2,fb206063-3a34-4b30-86ba-eaff61700ec2
379750,TCF_EDU_1,MAG_FORKLIFT,TCF_EDU,EH6-6.1,Low Localization Score,Please try to set the correct pose of robot,RESOLVED,,,2026-08-04 19:33:02 +07:00,00h 00m 00s,0,89a20af6-4f6d-4a10-857b-931731b606f8
379749,TCF_EDU_1,MAG_FORKLIFT,TCF_EDU,EH6-6.1,Low Localization Score,Please try to set the correct pose of robot,RESOLVED,,,2026-08-04 19:32:58 +07:00,00h 00m 01s,1,de6cb703-a6ef-43a5-b95d-963b5b6052c9
379748,TCF_EDU_1,MAG_FORKLIFT,TCF_EDU,EH6-6.1,Low Localization Score,Please try to set the correct pose of robot,RESOLVED,,,2026-08-04 19:32:56 +07:00,00h 00m 01s,1,3aff5ebc-74f0-4fa4-854f-dfeb0f6504fb
379747,TCF_EDU_1,MAG_FORKLIFT,TCF_EDU,EH6-6.1,Low Localization Score,Please try to set the correct pose of robot,RESOLVED,,,2026-08-04 19:32:54 +07:00,00h 00m 00s,0,30ad330c-453d-45ff-8a6e-43479e7b03b4
379746,TCF_EDU_1,MAG_FORKLIFT,TCF_EDU,EH6-6.1,Low Localization Score,Please try to set the correct pose of robot,RESOLVED,,,2026-08-04 19:32:51 +07:00,00h 00m 01s,1,4a6ff87b-d8cb-4f73-aa6d-e403f1b158be
379745,TCF_EDU_3,MAG_FORKLIFT,TCF_EDU,EH6-6.1,Low Localization Score,Please try to set the correct pose of robot,RESOLVED,,,2026-08-04 19:32:47 +07:00,00h 00m 20s,20,11586aad-e272-47b9-9970-15ae389c1ac5
379744,TCF_EDU_1,MAG_FORKLIFT,TCF_EDU,EH6-6.1,Low Localization Score,Please try to set the correct pose of robot,RESOLVED,,,2026-08-04 19:32:47 +07:00,00h 00m 01s,1,a081d534-ddc2-459b-bf0b-5aaaa97ec64c
379743,TCF_EDU_3,MAG_FORKLIFT,TCF_EDU,ES5-5.1,AMR not on path,,RESOLVED,,,2026-08-04 19:32:46 +07:00,00h 00m 00s,0,710a5da3-cfe4-4575-b0d9-f688c4695083
379742,TCF_EDU_3,MAG_FORKLIFT,TCF_EDU,EH6-6.1,Low Localization Score,Please try to set the correct pose of robot,RESOLVED,,,2026-08-04 19:32:45 +07:00,00h 00m 01s,1,eaccd6db-aa8c-43b0-a32a-263f5f78aa80
379741,TCF_EDU_1,MAG_FORKLIFT,TCF_EDU,EH6-6.1,Low Localization Score,Please try to set the correct pose of robot,RESOLVED,,,2026-08-04 19:32:45 +07:00,00h 00m 01s,1,79f7dae0-c57b-4fc6-9ffd-cb1e06f0fa0a
379740,TCF_EDU_1,MAG_FORKLIFT,TCF_EDU,EHFL4-2.1,Steer Motor Fault - Extended Error,Errors occurs in Error_State2. Press the SET key to enter Error_State2.,RESOLVED,,,2026-08-04 19:32:44 +07:00,00h 00m 00s,0,105db236-7369-4c06-b9f8-9a8b0aa89b2c
379739,TCF_EDU_3,MAG_FORKLIFT,TCF_EDU,EH6-6.1,Low Localization Score,Please try to set the correct pose of robot,RESOLVED,,,2026-08-04 19:32:42 +07:00,00h 00m 00s,0,397607b6-0e2a-4597-bba0-1a220875c0e4
379738,TCF_EDU_1,MAG_FORKLIFT,TCF_EDU,EH6-6.1,Low Localization Score,Please try to set the correct pose of robot,RESOLVED,,,2026-08-04 19:32:42 +07:00,00h 00m 02s,2,0e0da385-f169-464e-9307-d7fab2d1777e
379737,TCF_EDU_1,MAG_FORKLIFT,TCF_EDU,EH6-6.1,Low Localization Score,Please try to set the correct pose of robot,RESOLVED,,,2026-08-04 19:32:39 +07:00,00h 00m 00s,0,eeddab6f-c8e8-42fe-b0cc-a481b4396d19
379736,TCF_EDU_1,MAG_FORKLIFT,TCF_EDU,EH6-6.1,Low Localization Score,Please try to set the correct pose of robot,RESOLVED,,,2026-08-04 19:32:36 +07:00,00h 00m 02s,2,c1977d4b-2e3f-49ba-bf71-3cb1fdeb7d00
379735,TCF_EDU_1,MAG_FORKLIFT,TCF_EDU,EH6-6.1,Low Localization Score,Please try to set the correct pose of robot,RESOLVED,,,2026-08-04 19:32:27 +07:00,00h 00m 02s,2,34443c6d-7ca0-4dbb-a86c-b09a983850ee
379734,TCF_EDU_3,MAG_FORKLIFT,TCF_EDU,EH6-6.1,Low Localization Score,Please try to set the correct pose of robot,RESOLVED,,,2026-08-04 19:32:26 +07:00,00h 00m 00s,0,9bc0ac7a-3386-4b8a-bc71-3a7c1933d0e8
379733,TCF_EDU_1,MAG_FORKLIFT,TCF_EDU,EH6-6.1,Low Localization Score,Please try to set the correct pose of robot,RESOLVED,,,2026-08-04 19:32:20 +07:00,00h 00m 01s,1,9f655c1d-d00a-426f-b951-824ebf3ea461
379732,TCF_EDU_1,MAG_FORKLIFT,TCF_EDU,EH6-6.1,Low Localization Score,Please try to set the correct pose of robot,RESOLVED,,,2026-08-04 19:32:17 +07:00,00h 00m 00s,0,67d8722b-6f08-494d-8a60-5fb2b75ea43a
379731,TCF_EDU_3,MAG_FORKLIFT,TCF_EDU,EH6-6.1,Low Localization Score,Please try to set the correct pose of robot,RESOLVED,,,2026-08-04 19:32:16 +07:00,00h 00m 00s,0,6a8d67ac-a213-4898-ad29-0e5fb9f96fb7
379730,TCF_EDU_1,MAG_FORKLIFT,TCF_EDU,EH6-6.1,Low Localization Score,Please try to set the correct pose of robot,RESOLVED,,,2026-08-04 19:32:16 +07:00,00h 00m 00s,0,1df4fb4f-fb84-47bf-8ca9-7c26c91ab9c3
379729,TCF_EDU_1,MAG_FORKLIFT,TCF_EDU,EH6-6.1,Low Localization Score,Please try to set the correct pose of robot,RESOLVED,,,2026-08-04 19:32:15 +07:00,00h 00m 00s,0,8b027ed9-d82c-4037-8e60-b4b41314355d
379728,TCF_EDU_3,MAG_FORKLIFT,TCF_EDU,EH6-6.1,Low Localization Score,Please try to set the correct pose of robot,RESOLVED,,,2026-08-04 19:32:15 +07:00,00h 00m 00s,0,838674c4-f92a-4e58-9d7a-fc8c6e595b6f
379727,TCF_EDU_1,MAG_FORKLIFT,TCF_EDU,EH6-6.1,Low Localization Score,Please try to set the correct pose of robot,RESOLVED,,,2026-08-04 19:32:14 +07:00,00h 00m 00s,0,75765815-d0c1-4a54-90d7-7019e2d071f7
379726,TCF_EDU_3,MAG_FORKLIFT,TCF_EDU,EH6-6.1,Low Localization Score,Please try to set the correct pose of robot,RESOLVED,,,2026-08-04 19:32:14 +07:00,00h 00m 00s,0,1af0a53d-9e55-4b81-8d59-ee359237ac33
379725,TCF_EDU_1,MAG_FORKLIFT,TCF_EDU,EH6-6.1,Low Localization Score,Please try to set the correct pose of robot,RESOLVED,,,2026-08-04 19:32:13 +07:00,00h 00m 00s,0,ff151f5e-e4b9-4af8-b95a-1348c56276f5
379724,TCF_EDU_2,MAG_FORKLIFT,TCF_EDU,FMS1-1.1,SERVICE CALL RESPONSE,,RESOLVED,,"Service call failed with data: {'serialNumber': 'TCF_EDU_2', 'actions': [{'actionType': 'customInstantAction', 'actionId': 'f5136f16-8e70-4713-9611-3d70e79ecfe7', 'actionDescription': 'service_call', 'blockingType': 'HARD', 'actionParameters': [{'key': 'service', 'value': '/TCF_EDU_2/remove_error'}, {'key': 'data', 'value': {'error_id': '4195d232-cc06-4f01-82a2-32befe6398cb'}}, {'key': 'require_response', 'value': True}]}]}",2026-08-04 19:32:13 +07:00,00h 00m 00s,0,
379723,TCF_EDU_2,MAG_FORKLIFT,TCF_EDU,FMS1-1.1,SERVICE CALL RESPONSE,,RESOLVED,,"Service call failed with data: {'serialNumber': 'TCF_EDU_2', 'actions': [{'actionType': 'customInstantAction', 'actionId': 'f77eb158-49e2-4cbf-9d72-02e1c46ba172', 'actionDescription': 'service_call', 'blockingType': 'HARD', 'actionParameters': [{'key': 'service', 'value': '/TCF_EDU_2/tms_retry'}, {'key': 'data', 'value': {}}, {'key': 'require_response', 'value': True}]}]}",2026-08-04 19:32:08 +07:00,00h 00m 04s,4,
379722,TCF_EDU_2,MAG_FORKLIFT,TCF_EDU,EH2-2.4,E-Stop not released properly. Press Resume button.,,RESOLVED,,,2026-08-04 19:32:03 +07:00,00h 00m 11s,11,4195d232-cc06-4f01-82a2-32befe6398cb
379721,TCF_EDU_3,MAG_FORKLIFT,TCF_EDU,EH6-6.1,Low Localization Score,Please try to set the correct pose of robot,RESOLVED,,,2026-08-04 19:32:03 +07:00,00h 00m 10s,10,c0ef3e1b-22a3-4393-8eab-061b86a3e732
379720,TCF_EDU_1,MAG_FORKLIFT,TCF_EDU,EH6-6.1,Low Localization Score,Please try to set the correct pose of robot,RESOLVED,,,2026-08-04 19:32:03 +07:00,00h 00m 10s,10,3d51692d-6e6e-48dd-8826-504b786de563
379719,TCF_EDU_2,MAG_FORKLIFT,TCF_EDU,EHFL4-2.1,Steer Motor Fault - Extended Error,Errors occurs in Error_State2. Press the SET key to enter Error_State2.,RESOLVED,,,2026-08-04 19:32:00 +07:00,00h 00m 00s,0,2c26acfa-b877-4454-bf78-c0c8ab932a2e
379718,TCF_EDU_1,MAG_FORKLIFT,TCF_EDU,EH6-6.1,Low Localization Score,Please try to set the correct pose of robot,RESOLVED,,,2026-08-04 19:31:58 +07:00,00h 00m 02s,2,bcd9382d-2934-427a-b75b-1b1625ea921f
379717,TCF_EDU_1,MAG_FORKLIFT,TCF_EDU,EH6-6.1,Low Localization Score,Please try to set the correct pose of robot,RESOLVED,,,2026-08-04 19:31:56 +07:00,00h 00m 00s,0,b71282f8-db0a-4587-8a5b-0157b8b4f0bb
379716,TCF_EDU_3,MAG_FORKLIFT,TCF_EDU,EH6-6.1,Low Localization Score,Please try to set the correct pose of robot,RESOLVED,,,2026-08-04 19:31:55 +07:00,00h 00m 01s,1,a800d151-957a-4e0f-a806-dcb6cf6950fb
379715,TCF_EDU_3,MAG_FORKLIFT,TCF_EDU,EH6-6.1,Low Localization Score,Please try to set the correct pose of robot,RESOLVED,,,2026-08-04 19:31:53 +07:00,00h 00m 00s,0,0d4416db-f35a-4d5a-9f59-3987963d55a1
379714,TCF_EDU_1,MAG_FORKLIFT,TCF_EDU,EH6-6.1,Low Localization Score,Please try to set the correct pose of robot,RESOLVED,,,2026-08-04 19:31:47 +07:00,00h 00m 01s,1,10169d56-3af2-4db3-a2ec-edc809c5cad4
379713,TCF_EDU_1,MAG_FORKLIFT,TCF_EDU,EH6-6.1,Low Localization Score,Please try to set the correct pose of robot,RESOLVED,,,2026-08-04 19:31:44 +07:00,00h 00m 00s,0,9bd775d9-5469-4025-93c9-97f744aa9469
379712,TCF_EDU_1,MAG_FORKLIFT,TCF_EDU,EH6-6.1,Low Localization Score,Please try to set the correct pose of robot,RESOLVED,,,2026-08-04 19:31:42 +07:00,00h 00m 00s,0,d2a982e0-3ce9-4e80-8e86-f4ff02bf05d7
379711,TCF_EDU_3,MAG_FORKLIFT,TCF_EDU,EH6-6.1,Low Localization Score,Please try to set the correct pose of robot,RESOLVED,,,2026-08-04 19:31:42 +07:00,00h 00m 00s,0,7170085b-0536-4226-9435-0fa015e0d531
379710,TCF_EDU_1,MAG_FORKLIFT,TCF_EDU,EH6-6.1,Low Localization Score,Please try to set the correct pose of robot,RESOLVED,,,2026-08-04 19:31:42 +07:00,00h 00m 00s,0,c4811e94-9995-4529-99e5-ede11573f5d4
379709,TCF_EDU_3,MAG_FORKLIFT,TCF_EDU,EH6-6.1,Low Localization Score,Please try to set the correct pose of robot,RESOLVED,,,2026-08-04 19:31:41 +07:00,00h 00m 00s,0,2f704fe0-8142-4a2f-8308-083fe5880d3c
379708,TCF_EDU_3,MAG_FORKLIFT,TCF_EDU,EH6-6.1,Low Localization Score,Please try to set the correct pose of robot,RESOLVED,,,2026-08-04 19:31:41 +07:00,00h 00m 00s,0,f6127b28-f19b-4e5c-b16c-5f1f13308add
379707,TCF_EDU_1,MAG_FORKLIFT,TCF_EDU,EH6-6.1,Low Localization Score,Please try to set the correct pose of robot,RESOLVED,,,2026-08-04 19:31:40 +07:00,00h 00m 00s,0,da6d93c1-ef0e-497b-8bb1-0970f9c9b201
379706,TCF_EDU_3,MAG_FORKLIFT,TCF_EDU,FMS1-1.1,SERVICE CALL RESPONSE,,RESOLVED,,"Service call failed with data: {'serialNumber': 'TCF_EDU_3', 'actions': [{'actionType': 'customInstantAction', 'actionId': 'ab86cdfe-7d73-44c0-a51c-9c3cb3046c5e', 'actionDescription': 'service_call', 'blockingType': 'HARD', 'actionParameters': [{'key': 'service', 'value': '/TCF_EDU_3/remove_error'}, {'key': 'data', 'value': {'error_id': 'aa65506d-0654-4558-86ef-8c9578bd918f'}}, {'key': 'require_response', 'value': True}]}]}",2026-08-04 19:31:40 +07:00,00h 00m 00s,0,
379705,TCF_EDU_3,MAG_FORKLIFT,TCF_EDU,FMS1-1.1,SERVICE CALL RESPONSE,,RESOLVED,,"Service call failed with data: {'serialNumber': 'TCF_EDU_3', 'actions': [{'actionType': 'customInstantAction', 'actionId': '219ec73e-47ce-4477-b70f-c69fa86d5e97', 'actionDescription': 'service_call', 'blockingType': 'HARD', 'actionParameters': [{'key': 'service', 'value': '/TCF_EDU_3/tms_retry'}, {'key': 'data', 'value': {}}, {'key': 'require_response', 'value': True}]}]}",2026-08-04 19:31:35 +07:00,00h 00m 04s,4,
379704,TCF_EDU_3,MAG_FORKLIFT,TCF_EDU,EH2-2.4,E-Stop not released properly. Press Resume button.,,RESOLVED,,,2026-08-04 19:31:30 +07:00,00h 00m 10s,10,aa65506d-0654-4558-86ef-8c9578bd918f
379703,TCF_EDU_1,MAG_FORKLIFT,TCF_EDU,EH6-6.1,Low Localization Score,Please try to set the correct pose of robot,RESOLVED,,,2026-08-04 19:31:30 +07:00,00h 00m 10s,10,d73d70de-eecd-48a4-84ef-7b071f6103e3
379702,TCF_EDU_3,MAG_FORKLIFT,TCF_EDU,EHFL4-1.49,Drive Motor Fault - Main Driver Fault,"""Set: Main Contactor driver is either open or shorted. This fault can be set only when Main Enable = On.Clear: Restore/repair any external wiring or device coil to the correct state",RESOLVED,,,2026-08-04 19:31:29 +07:00,00h 00m 11s,11,676ba8fd-0624-46c6-8486-7120a232fe7e
379701,TCF_EDU_1,MAG_FORKLIFT,TCF_EDU,EH6-6.1,Low Localization Score,Please try to set the correct pose of robot,RESOLVED,,,2026-08-04 19:31:27 +07:00,00h 00m 01s,1,914ebe88-262e-4ab3-a772-593fe51865c5
379700,TCF_EDU_3,MAG_FORKLIFT,TCF_EDU,EH6-6.1,Low Localization Score,Please try to set the correct pose of robot,RESOLVED,,,2026-08-04 19:31:23 +07:00,00h 00m 01s,1,24a66b50-886f-457a-90f9-551bc6b1c08b
379699,TCF_EDU_1,MAG_FORKLIFT,TCF_EDU,EH6-6.1,Low Localization Score,Please try to set the correct pose of robot,RESOLVED,,,2026-08-04 19:31:23 +07:00,00h 00m 01s,1,a2eb8f43-26ab-42f5-90e9-4f994ad2af4f
379698,TCF_EDU_1,MAG_FORKLIFT,TCF_EDU,EH6-6.1,Low Localization Score,Please try to set the correct pose of robot,RESOLVED,,,2026-08-04 19:31:19 +07:00,00h 00m 01s,1,80aa5036-ad30-4aca-b916-e7944f35c3de
379697,TCF_EDU_1,MAG_FORKLIFT,TCF_EDU,EH6-6.1,Low Localization Score,Please try to set the correct pose of robot,RESOLVED,,,2026-08-04 19:31:15 +07:00,00h 00m 00s,0,bfe9ea23-afe5-41aa-8813-874074838deb
379696,TCF_EDU_3,MAG_FORKLIFT,TCF_EDU,FMS1-1.1,SERVICE CALL RESPONSE,,RESOLVED,,"Service call failed with data: {'serialNumber': 'TCF_EDU_3', 'actions': [{'actionType': 'customInstantAction', 'actionId': 'bb3a402e-3fda-420d-8c6b-262b98602516', 'actionDescription': 'service_call', 'blockingType': 'HARD', 'actionParameters': [{'key': 'service', 'value': '/TCF_EDU_3/remove_error'}, {'key': 'data', 'value': {'error_id': 'a6d5f101-f83e-4dab-9cc3-9eb0f2f80cba'}}, {'key': 'require_response', 'value': True}]}]}",2026-08-04 19:31:14 +07:00,00h 00m 00s,0,
379695,TCF_EDU_1,MAG_FORKLIFT,TCF_EDU,EH6-6.1,Low Localization Score,Please try to set the correct pose of robot,RESOLVED,,,2026-08-04 19:31:14 +07:00,00h 00m 00s,0,55ee7b5d-448c-435a-a5a2-db245f3d7310
379694,TCF_EDU_3,MAG_FORKLIFT,TCF_EDU,EH4-4.11,Steering lock detected,,RESOLVED,,,2026-08-04 19:31:09 +07:00,00h 00m 05s,5,a6d5f101-f83e-4dab-9cc3-9eb0f2f80cba
379693,TCF_EDU_3,MAG_FORKLIFT,TCF_EDU,ES4-4.5,Protective field breach,Protective field breach,RESOLVED,,,2026-08-04 19:31:07 +07:00,00h 00m 07s,7,2ad954b7-516d-4de3-a17a-8b6c5d3bba75
379692,TCF_EDU_1,MAG_FORKLIFT,TCF_EDU,EH6-6.1,Low Localization Score,Please try to set the correct pose of robot,RESOLVED,,,2026-08-04 19:31:07 +07:00,00h 00m 00s,0,78102254-de29-4a0c-a75c-18e08b2d3669
379691,TCF_EDU_3,MAG_FORKLIFT,TCF_EDU,EH4-4.8,Brake Engaged,,RESOLVED,,,2026-08-04 19:31:06 +07:00,00h 00m 01s,1,6cebb24d-b9df-4924-af96-3454477be4cb
379690,TCF_EDU_1,MAG_FORKLIFT,TCF_EDU,EH6-6.1,Low Localization Score,Please try to set the correct pose of robot,RESOLVED,,,2026-08-04 19:31:04 +07:00,00h 00m 00s,0,88a63fb7-c38b-41bc-86f6-a66a3b2836c9
379689,TCF_EDU_1,MAG_FORKLIFT,TCF_EDU,EHFL4-2.1,Steer Motor Fault - Extended Error,Errors occurs in Error_State2. Press the SET key to enter Error_State2.,RESOLVED,,,2026-08-04 19:30:59 +07:00,00h 00m 01s,1,88454dd5-0197-4b44-8fec-9b0b1a15deea
379688,TCF_EDU_1,MAG_FORKLIFT,TCF_EDU,EH6-6.1,Low Localization Score,Please try to set the correct pose of robot,RESOLVED,,,2026-08-04 19:30:53 +07:00,00h 00m 02s,2,114e1d13-2a86-4582-84f4-6bdb7f10486c
379687,TCF_EDU_1,MAG_FORKLIFT,TCF_EDU,EH6-6.1,Low Localization Score,Please try to set the correct pose of robot,RESOLVED,,,2026-08-04 19:30:51 +07:00,00h 00m 01s,1,3f423355-1a69-4e8f-b8b6-ef5f25a33916
379686,TCF_EDU_1,MAG_FORKLIFT,TCF_EDU,EH6-6.1,Low Localization Score,Please try to set the correct pose of robot,RESOLVED,,,2026-08-04 19:30:47 +07:00,00h 00m 01s,1,54998b56-3a08-46a5-9193-2ef7b8fde030
379685,TCF_EDU_1,MAG_FORKLIFT,TCF_EDU,EH6-6.1,Low Localization Score,Please try to set the correct pose of robot,RESOLVED,,,2026-08-04 19:30:43 +07:00,00h 00m 01s,1,58059892-6e7b-4b68-8cf1-930ada3ae103
379684,TCF_EDU_1,MAG_FORKLIFT,TCF_EDU,EH6-6.1,Low Localization Score,Please try to set the correct pose of robot,RESOLVED,,,2026-08-04 19:30:38 +07:00,00h 00m 01s,1,a1962948-82e3-4ee3-8b2d-a6190f3b01c9
379683,TCF_EDU_1,MAG_FORKLIFT,TCF_EDU,EH6-6.1,Low Localization Score,Please try to set the correct pose of robot,RESOLVED,,,2026-08-04 19:30:31 +07:00,00h 00m 01s,1,16a95876-aa48-4314-b4ec-254d43977c48
379682,TCF_EDU_1,MAG_FORKLIFT,TCF_EDU,EH6-6.1,Low Localization Score,Please try to set the correct pose of robot,RESOLVED,,,2026-08-04 19:30:29 +07:00,00h 00m 00s,0,a8579d7d-ca22-41ac-b3d1-24effa589cf9
379681,TCF_EDU_1,MAG_FORKLIFT,TCF_EDU,EH6-6.1,Low Localization Score,Please try to set the correct pose of robot,RESOLVED,,,2026-08-04 19:30:27 +07:00,00h 00m 00s,0,5685c253-dcfc-4ec5-b1d5-52917b2bf209
379680,TCF_EDU_1,MAG_FORKLIFT,TCF_EDU,EH6-6.1,Low Localization Score,Please try to set the correct pose of robot,RESOLVED,,,2026-08-04 19:30:25 +07:00,00h 00m 00s,0,9d5b4572-26c4-4652-bb63-33b8a54217b2
379679,TCF_EDU_1,MAG_FORKLIFT,TCF_EDU,EH6-6.1,Low Localization Score,Please try to set the correct pose of robot,RESOLVED,,,2026-08-04 19:30:22 +07:00,00h 00m 01s,1,f7596031-5000-4e8a-8676-76d33c84aae7
379678,TCF_EDU_1,MAG_FORKLIFT,TCF_EDU,EH6-6.1,Low Localization Score,Please try to set the correct pose of robot,RESOLVED,,,2026-08-04 19:30:19 +07:00,00h 00m 00s,0,4c039264-071b-44b3-853a-bed812185bcb
379677,TCF_EDU_1,MAG_FORKLIFT,TCF_EDU,EH6-6.1,Low Localization Score,Please try to set the correct pose of robot,RESOLVED,,,2026-08-04 19:30:12 +07:00,00h 00m 04s,4,7a0c2bfc-c6b5-439c-95ed-781ab7d4afd4
379676,TCF_EDU_1,MAG_FORKLIFT,TCF_EDU,EH6-6.1,Low Localization Score,Please try to set the correct pose of robot,RESOLVED,,,2026-08-04 19:30:03 +07:00,00h 00m 04s,4,9626a1fd-0d11-4040-b5ce-66b8424e4c9c
379675,TCF_EDU_1,MAG_FORKLIFT,TCF_EDU,EH6-6.1,Low Localization Score,Please try to set the correct pose of robot,RESOLVED,,,2026-08-04 19:30:00 +07:00,00h 00m 00s,0,69e87967-b9ff-4bdc-ac36-539344100b2c
379674,TCF_EDU_1,MAG_FORKLIFT,TCF_EDU,EH6-6.1,Low Localization Score,Please try to set the correct pose of robot,RESOLVED,,,2026-08-04 19:29:59 +07:00,00h 00m 00s,0,93456d02-deac-43a8-84fe-88adaeed0477
379673,TCF_EDU_1,MAG_FORKLIFT,TCF_EDU,EH6-6.1,Low Localization Score,Please try to set the correct pose of robot,RESOLVED,,,2026-08-04 19:29:59 +07:00,00h 00m 00s,0,883cb9d3-b98f-43a4-96cb-80f95a386f11
379672,TCF_EDU_2,MAG_FORKLIFT,TCF_EDU,FMS1-1.1,SERVICE CALL RESPONSE,,RESOLVED,,"Service call failed with data: {'serialNumber': 'TCF_EDU_2', 'actions': [{'actionType': 'customInstantAction', 'actionId': '9bcb74ae-92ae-4479-94fb-f83d0bec184a', 'actionDescription': 'service_call', 'blockingType': 'HARD', 'actionParameters': [{'key': 'service', 'value': '/TCF_EDU_2/remove_error'}, {'key': 'data', 'value': {'error_id': '112c6abc-1037-4623-9a75-7aa6d5eff43b'}}, {'key': 'require_response', 'value': True}]}]}",2026-08-04 19:29:58 +07:00,00h 00m 00s,0,
379671,TCF_EDU_2,MAG_FORKLIFT,TCF_EDU,FMS1-1.1,SERVICE CALL RESPONSE,,RESOLVED,,"Service call failed with data: {'serialNumber': 'TCF_EDU_2', 'actions': [{'actionType': 'customInstantAction', 'actionId': 'da7ae6cc-0279-4dcc-9e27-b2941858091e', 'actionDescription': 'service_call', 'blockingType': 'HARD', 'actionParameters': [{'key': 'service', 'value': '/TCF_EDU_2/tms_retry'}, {'key': 'data', 'value': {}}, {'key': 'require_response', 'value': True}]}]}",2026-08-04 19:29:53 +07:00,00h 00m 04s,4,
379670,TCF_EDU_2,MAG_FORKLIFT,TCF_EDU,EH2-2.4,E-Stop not released properly. Press Resume button.,,RESOLVED,,,2026-08-04 19:29:48 +07:00,00h 00m 11s,11,112c6abc-1037-4623-9a75-7aa6d5eff43b
379669,TCF_EDU_1,MAG_FORKLIFT,TCF_EDU,EH6-6.1,Low Localization Score,Please try to set the correct pose of robot,RESOLVED,,,2026-08-04 19:29:46 +07:00,00h 00m 01s,1,6e38212d-e65e-43a0-855e-ec2b4222ac29
379668,TCF_EDU_1,MAG_FORKLIFT,TCF_EDU,EH6-6.1,Low Localization Score,Please try to set the correct pose of robot,RESOLVED,,,2026-08-04 19:29:43 +07:00,00h 00m 02s,2,c3f807b4-e636-49df-8966-e1e1ebfde332
379667,TCF_EDU_1,MAG_FORKLIFT,TCF_EDU,EH6-6.1,Low Localization Score,Please try to set the correct pose of robot,RESOLVED,,,2026-08-04 19:29:33 +07:00,00h 00m 05s,5,b8d0a574-f6af-460b-b1ee-287b895e2476
379666,TCF_EDU_1,MAG_FORKLIFT,TCF_EDU,EH6-6.1,Low Localization Score,Please try to set the correct pose of robot,RESOLVED,,,2026-08-04 19:29:26 +07:00,00h 00m 01s,1,e5d99258-3ab9-496b-be3c-6d224d832bae
379665,TCF_EDU_1,MAG_FORKLIFT,TCF_EDU,EH6-6.1,Low Localization Score,Please try to set the correct pose of robot,RESOLVED,,,2026-08-04 19:29:22 +07:00,00h 00m 01s,1,79f8e5a7-1f45-4845-9adb-ce6b01f97071
379664,TCF_EDU_1,MAG_FORKLIFT,TCF_EDU,EH6-6.1,Low Localization Score,Please try to set the correct pose of robot,RESOLVED,,,2026-08-04 19:29:13 +07:00,00h 00m 02s,2,f474ee56-db4a-403b-879c-feb8a905121d
379663,TCF_EDU_1,MAG_FORKLIFT,TCF_EDU,EH6-6.1,Low Localization Score,Please try to set the correct pose of robot,RESOLVED,,,2026-08-04 19:29:06 +07:00,00h 00m 00s,0,bc2d120b-1f29-49e3-adc9-a6fafc345dc3
379662,TCF_EDU_1,MAG_FORKLIFT,TCF_EDU,EH6-6.1,Low Localization Score,Please try to set the correct pose of robot,RESOLVED,,,2026-08-04 19:29:01 +07:00,00h 00m 01s,1,ca9288d4-fa30-43b1-a45a-bbb5e4d61b99
379661,TCF_EDU_1,MAG_FORKLIFT,TCF_EDU,EH6-6.1,Low Localization Score,Please try to set the correct pose of robot,RESOLVED,,,2026-08-04 19:28:54 +07:00,00h 00m 00s,0,94100269-8024-42ef-8dce-6fe44af14ed9
379660,TCF_EDU_1,MAG_FORKLIFT,TCF_EDU,EH6-6.1,Low Localization Score,Please try to set the correct pose of robot,RESOLVED,,,2026-08-04 19:28:50 +07:00,00h 00m 03s,3,01f45c0f-5a4d-4cec-b04f-2ee5e2be0abd
379659,TCF_EDU_1,MAG_FORKLIFT,TCF_EDU,EH6-6.1,Low Localization Score,Please try to set the correct pose of robot,RESOLVED,,,2026-08-04 19:28:48 +07:00,00h 00m 00s,0,668fad9f-6937-4236-a6bb-2fc12d63871c
379658,TCF_EDU_1,MAG_FORKLIFT,TCF_EDU,EH6-6.1,Low Localization Score,Please try to set the correct pose of robot,RESOLVED,,,2026-08-04 19:28:45 +07:00,00h 00m 02s,2,5532da5e-684c-43ae-99ea-ab05d83c1403
379657,TCF_EDU_1,MAG_FORKLIFT,TCF_EDU,EH6-6.1,Low Localization Score,Please try to set the correct pose of robot,RESOLVED,,,2026-08-04 19:28:43 +07:00,00h 00m 01s,1,cabdbb7f-e8d6-4d0a-bb02-c2b4959cfd39
379656,TCF_EDU_1,MAG_FORKLIFT,TCF_EDU,EH6-6.1,Low Localization Score,Please try to set the correct pose of robot,RESOLVED,,,2026-08-04 19:28:37 +07:00,00h 00m 01s,1,6fba49f5-1bea-4e33-99a9-0665259a8d53
379655,TCF_EDU_3,MAG_FORKLIFT,TCF_EDU,EH6-6.1,Low Localization Score,Please try to set the correct pose of robot,RESOLVED,,,2026-08-04 19:28:27 +07:00,00h 00m 03s,3,bd9921aa-ed89-4aaf-b139-3356a63b28a7
379654,TCF_EDU_3,MAG_FORKLIFT,TCF_EDU,EH6-6.1,Low Localization Score,Please try to set the correct pose of robot,RESOLVED,,,2026-08-04 19:28:26 +07:00,00h 00m 00s,0,1cbfb3b3-ed4f-48ca-9760-669ba0f6d8ce
379653,TCF_EDU_1,MAG_FORKLIFT,TCF_EDU,EH6-6.1,Low Localization Score,Please try to set the correct pose of robot,RESOLVED,,,2026-08-04 19:28:26 +07:00,00h 00m 00s,0,06731eed-0bec-4ae1-8d47-e45c18516582
379652,TCF_EDU_1,MAG_FORKLIFT,TCF_EDU,EH6-6.1,Low Localization Score,Please try to set the correct pose of robot,RESOLVED,,,2026-08-04 19:28:24 +07:00,00h 00m 00s,0,115d5b85-3692-4459-b75b-a77b0b7a2226
379651,TCF_EDU_2,MAG_FORKLIFT,TCF_EDU,EHFL4-1.49,Drive Motor Fault - Main Driver Fault,"""Set: Main Contactor driver is either open or shorted. This fault can be set only when Main Enable = On.Clear: Restore/repair any external wiring or device coil to the correct state",RESOLVED,,,2026-08-04 19:28:24 +07:00,00h 00m 01s,1,c6e9c06d-b6fb-484b-9740-a8164708bdff
379650,TCF_EDU_2,MAG_FORKLIFT,TCF_EDU,FMS1-1.1,SERVICE CALL RESPONSE,,RESOLVED,,"Service call failed with data: {'serialNumber': 'TCF_EDU_2', 'actions': [{'actionType': 'customInstantAction', 'actionId': '1d162a94-6dc8-475d-bd58-15a8973d1c11', 'actionDescription': 'service_call', 'blockingType': 'HARD', 'actionParameters': [{'key': 'service', 'value': '/TCF_EDU_2/remove_error'}, {'key': 'data', 'value': {'error_id': 'b5846100-5a2c-48c6-8da2-7fff3c768048'}}, {'key': 'require_response', 'value': True}]}]}",2026-08-04 19:28:24 +07:00,00h 00m 00s,0,
379649,TCF_EDU_2,MAG_FORKLIFT,TCF_EDU,FMS1-1.1,SERVICE CALL RESPONSE,,RESOLVED,,"Service call failed with data: {'serialNumber': 'TCF_EDU_2', 'actions': [{'actionType': 'customInstantAction', 'actionId': 'c2554cde-bdd6-4112-bea2-ff355b48b468', 'actionDescription': 'service_call', 'blockingType': 'HARD', 'actionParameters': [{'key': 'service', 'value': '/TCF_EDU_2/tms_retry'}, {'key': 'data', 'value': {}}, {'key': 'require_response', 'value': True}]}]}",2026-08-04 19:28:19 +07:00,00h 00m 04s,4,
379648,TCF_EDU_2,MAG_FORKLIFT,TCF_EDU,EH2-2.4,E-Stop not released properly. Press Resume button.,,RESOLVED,,,2026-08-04 19:28:14 +07:00,00h 00m 10s,10,b5846100-5a2c-48c6-8da2-7fff3c768048
379647,TCF_EDU_1,MAG_FORKLIFT,TCF_EDU,EH6-6.1,Low Localization Score,Please try to set the correct pose of robot,RESOLVED,,,2026-08-04 19:28:12 +07:00,00h 00m 00s,0,c5927389-9b3a-4ed0-8e73-e0c6945d3606
379646,TCF_EDU_1,MAG_FORKLIFT,TCF_EDU,EH6-6.1,Low Localization Score,Please try to set the correct pose of robot,RESOLVED,,,2026-08-04 19:28:10 +07:00,00h 00m 01s,1,c2e0aa2c-5778-4067-a522-6f152eecf7d2
379645,TCF_EDU_3,MAG_FORKLIFT,TCF_EDU,EH6-6.1,Low Localization Score,Please try to set the correct pose of robot,RESOLVED,,,2026-08-04 19:28:07 +07:00,00h 00m 18s,18,4075aeb8-8654-4619-87d0-1a31263da693
379644,TCF_EDU_1,MAG_FORKLIFT,TCF_EDU,EH6-6.1,Low Localization Score,Please try to set the correct pose of robot,RESOLVED,,,2026-08-04 19:28:03 +07:00,00h 00m 02s,2,0d23a10b-0c3b-4409-963d-d6974db6d404
379643,TCF_EDU_1,MAG_FORKLIFT,TCF_EDU,EH6-6.1,Low Localization Score,Please try to set the correct pose of robot,RESOLVED,,,2026-08-04 19:27:59 +07:00,00h 00m 01s,1,dc2629ac-0f1e-42e3-84a7-6a1efbb59b51
379642,TCF_EDU_3,MAG_FORKLIFT,TCF_EDU,EH6-6.1,Low Localization Score,Please try to set the correct pose of robot,RESOLVED,,,2026-08-04 19:27:54 +07:00,00h 00m 12s,12,5b6bf728-d87e-4729-90aa-7b90852c4a74
379641,TCF_EDU_1,MAG_FORKLIFT,TCF_EDU,EH6-6.1,Low Localization Score,Please try to set the correct pose of robot,RESOLVED,,,2026-08-04 19:27:51 +07:00,00h 00m 00s,0,73ffa6d2-46df-48c5-9b9a-1f1ddda8f55e
379640,TCF_EDU_1,MAG_FORKLIFT,TCF_EDU,EH6-6.1,Low Localization Score,Please try to set the correct pose of robot,RESOLVED,,,2026-08-04 19:27:46 +07:00,00h 00m 00s,0,5cb4ea06-bca5-49ef-83c5-07c544792d0f
379639,TCF_EDU_1,MAG_FORKLIFT,TCF_EDU,EH6-6.1,Low Localization Score,Please try to set the correct pose of robot,RESOLVED,,,2026-08-04 19:27:44 +07:00,00h 00m 01s,1,188ef4da-37ed-4f87-868d-745b57862287
379638,TCF_EDU_1,MAG_FORKLIFT,TCF_EDU,EH6-6.1,Low Localization Score,Please try to set the correct pose of robot,RESOLVED,,,2026-08-04 19:27:41 +07:00,00h 00m 00s,0,ef6d6bb8-4602-45db-98fe-e3410ca9b531
379637,TCF_EDU_1,MAG_FORKLIFT,TCF_EDU,EH6-6.1,Low Localization Score,Please try to set the correct pose of robot,RESOLVED,,,2026-08-04 19:27:37 +07:00,00h 00m 01s,1,96166580-7c8d-4cf1-9318-5006b171a300
379636,TCF_EDU_1,MAG_FORKLIFT,TCF_EDU,EH6-6.1,Low Localization Score,Please try to set the correct pose of robot,RESOLVED,,,2026-08-04 19:27:33 +07:00,00h 00m 00s,0,22ed3e21-313b-46f6-a138-9a243ef1e931
379635,TCF_EDU_1,MAG_FORKLIFT,TCF_EDU,EH6-6.1,Low Localization Score,Please try to set the correct pose of robot,RESOLVED,,,2026-08-04 19:27:29 +07:00,00h 00m 01s,1,1df9a936-1707-407e-84ef-519de60df2b9
379634,TCF_EDU_1,MAG_FORKLIFT,TCF_EDU,EH6-6.1,Low Localization Score,Please try to set the correct pose of robot,RESOLVED,,,2026-08-04 19:27:26 +07:00,00h 00m 01s,1,3476e751-313d-4e2f-bc44-da9bbbb8d392
379633,TCF_EDU_1,MAG_FORKLIFT,TCF_EDU,EH6-6.1,Low Localization Score,Please try to set the correct pose of robot,RESOLVED,,,2026-08-04 19:27:22 +07:00,00h 00m 00s,0,148777a9-d578-4209-9790-525af139aae9
379632,TCF_EDU_1,MAG_FORKLIFT,TCF_EDU,EH6-6.1,Low Localization Score,Please try to set the correct pose of robot,RESOLVED,,,2026-08-04 19:27:20 +07:00,00h 00m 01s,1,f4c5b39d-6a98-44eb-8953-52459b068792
379631,TCF_EDU_3,MAG_FORKLIFT,TCF_EDU,ES5-5.6,Navigation unable to create path,,RESOLVED,,,2026-08-04 19:27:18 +07:00,00h 00m 34s,34,c085bf92-49f6-464f-988d-6d2e9153bc06
379630,TCF_EDU_1,MAG_FORKLIFT,TCF_EDU,EH6-6.1,Low Localization Score,Please try to set the correct pose of robot,RESOLVED,,,2026-08-04 19:27:15 +07:00,00h 00m 04s,4,6168b5c4-2b0b-4274-8d5e-92702a187d9e
379629,TCF_EDU_3,MAG_FORKLIFT,TCF_EDU,EH6-6.1,Low Localization Score,Please try to set the correct pose of robot,RESOLVED,,,2026-08-04 19:27:08 +07:00,00h 00m 08s,8,39ff527c-b2a3-46a6-8fa6-f1745ea873ef
379628,TCF_EDU_1,MAG_FORKLIFT,TCF_EDU,EH6-6.1,Low Localization Score,Please try to set the correct pose of robot,RESOLVED,,,2026-08-04 19:27:08 +07:00,00h 00m 00s,0,61024c22-02db-468a-b6f0-30f5e088c337
379627,TCF_EDU_1,MAG_FORKLIFT,TCF_EDU,EH6-6.1,Low Localization Score,Please try to set the correct pose of robot,RESOLVED,,,2026-08-04 19:27:06 +07:00,00h 00m 01s,1,ed957269-8f4c-4c2c-a9a8-d70256875315
379626,TCF_EDU_3,MAG_FORKLIFT,TCF_EDU,EH6-6.1,Low Localization Score,Please try to set the correct pose of robot,RESOLVED,,,2026-08-04 19:27:03 +07:00,00h 00m 04s,4,355df0e3-6c61-462c-8481-31ad329eb8d8
379625,TCF_EDU_1,MAG_FORKLIFT,TCF_EDU,EH6-6.1,Low Localization Score,Please try to set the correct pose of robot,RESOLVED,,,2026-08-04 19:27:02 +07:00,00h 00m 00s,0,48a0822a-6e80-4298-9561-5b29221debda
379624,TCF_EDU_1,MAG_FORKLIFT,TCF_EDU,EH6-6.1,Low Localization Score,Please try to set the correct pose of robot,RESOLVED,,,2026-08-04 19:26:53 +07:00,00h 00m 01s,1,9d33fa44-6b5b-4b64-b30a-aef3b555a061
379623,TCF_EDU_1,MAG_FORKLIFT,TCF_EDU,EH6-6.1,Low Localization Score,Please try to set the correct pose of robot,RESOLVED,,,2026-08-04 19:26:47 +07:00,00h 00m 00s,0,f1dbf487-030f-45d0-aa9a-8a807e7c67a5
379622,TCF_EDU_1,MAG_FORKLIFT,TCF_EDU,EH6-6.1,Low Localization Score,Please try to set the correct pose of robot,RESOLVED,,,2026-08-04 19:26:44 +07:00,00h 00m 02s,2,0634c8dd-d1ab-4f8d-9c07-3c2574c21339
379621,TCF_EDU_1,MAG_FORKLIFT,TCF_EDU,EH6-6.1,Low Localization Score,Please try to set the correct pose of robot,RESOLVED,,,2026-08-04 19:26:41 +07:00,00h 00m 01s,1,36672dd6-66a3-4395-970b-aebe26bf8f49
379620,TCF_EDU_1,MAG_FORKLIFT,TCF_EDU,EH6-6.1,Low Localization Score,Please try to set the correct pose of robot,RESOLVED,,,2026-08-04 19:26:38 +07:00,00h 00m 01s,1,193bea2d-3783-4384-bc75-9c97a8728b52
379619,TCF_EDU_1,MAG_FORKLIFT,TCF_EDU,EH6-6.1,Low Localization Score,Please try to set the correct pose of robot,RESOLVED,,,2026-08-04 19:26:35 +07:00,00h 00m 01s,1,bc342375-59c2-42bc-b91b-70377b6bda63
379618,TCF_EDU_1,MAG_FORKLIFT,TCF_EDU,EH6-6.1,Low Localization Score,Please try to set the correct pose of robot,RESOLVED,,,2026-08-04 19:26:31 +07:00,00h 00m 01s,1,4b2e917b-35f6-47e7-8133-6e1f635fb9f1
379617,TCF_EDU_1,MAG_FORKLIFT,TCF_EDU,EH6-6.1,Low Localization Score,Please try to set the correct pose of robot,RESOLVED,,,2026-08-04 19:26:25 +07:00,00h 00m 00s,0,c541e7dd-dad7-46b9-90a7-04cdd8c51fcf
379616,TCF_EDU_1,MAG_FORKLIFT,TCF_EDU,EH6-6.1,Low Localization Score,Please try to set the correct pose of robot,RESOLVED,,,2026-08-04 19:26:17 +07:00,00h 00m 00s,0,d04c2226-ba36-4dd8-abcf-732d2f1e1e83
379615,TCF_EDU_1,MAG_FORKLIFT,TCF_EDU,EH6-6.1,Low Localization Score,Please try to set the correct pose of robot,RESOLVED,,,2026-08-04 19:26:12 +07:00,00h 00m 01s,1,71a3dedd-fafd-4acd-9b97-41713116fb5f
379614,TCF_EDU_1,MAG_FORKLIFT,TCF_EDU,EH6-6.1,Low Localization Score,Please try to set the correct pose of robot,RESOLVED,,,2026-08-04 19:26:05 +07:00,00h 00m 04s,4,38af96ac-e6b4-4fb8-bc04-7e9485487273
379613,TCF_EDU_1,MAG_FORKLIFT,TCF_EDU,EH6-6.1,Low Localization Score,Please try to set the correct pose of robot,RESOLVED,,,2026-08-04 19:25:54 +07:00,00h 00m 00s,0,113cc707-2065-4665-8a35-2b274604f567
379612,TCF_EDU_1,MAG_FORKLIFT,TCF_EDU,EH6-6.1,Low Localization Score,Please try to set the correct pose of robot,RESOLVED,,,2026-08-04 19:25:49 +07:00,00h 00m 00s,0,23916748-31a7-454d-a1c0-cc4070c3c7b4
379611,TCF_EDU_3,MAG_FORKLIFT,TCF_EDU,EH6-6.1,Low Localization Score,Please try to set the correct pose of robot,RESOLVED,,,2026-08-04 19:25:46 +07:00,00h 01m 15s,75,2b6fcc79-2298-485c-a8cb-438def1334e4
379610,TCF_EDU_1,MAG_FORKLIFT,TCF_EDU,EH6-6.1,Low Localization Score,Please try to set the correct pose of robot,RESOLVED,,,2026-08-04 19:25:44 +07:00,00h 00m 00s,0,f0b4aea0-4129-4527-a5b9-3f4d17bad3f8
379609,TCF_EDU_1,MAG_FORKLIFT,TCF_EDU,EH6-6.1,Low Localization Score,Please try to set the correct pose of robot,RESOLVED,,,2026-08-04 19:25:35 +07:00,00h 00m 00s,0,395b7a99-cd4a-4063-a950-b217653543d2
379608,TCF_EDU_1,MAG_FORKLIFT,TCF_EDU,EH6-6.1,Low Localization Score,Please try to set the correct pose of robot,RESOLVED,,,2026-08-04 19:25:29 +07:00,00h 00m 00s,0,3a95de97-32a0-4a41-9ac7-06f2e04e7185
379607,TCF_EDU_1,MAG_FORKLIFT,TCF_EDU,EH6-6.1,Low Localization Score,Please try to set the correct pose of robot,RESOLVED,,,2026-08-04 19:25:22 +07:00,00h 00m 01s,1,6f9a280d-d7bb-4de5-9253-6dafaeba416a
379606,TCF_EDU_3,MAG_FORKLIFT,TCF_EDU,EH6-6.1,Low Localization Score,Please try to set the correct pose of robot,RESOLVED,,,2026-08-04 19:25:11 +07:00,00h 00m 34s,34,eb146c1f-aee5-4af1-86d2-f62d71345e5a
379605,TCF_EDU_3,MAG_FORKLIFT,TCF_EDU,EH6-6.1,Low Localization Score,Please try to set the correct pose of robot,RESOLVED,,,2026-08-04 19:25:07 +07:00,00h 00m 03s,3,c22a85a5-3fe9-4699-81b7-149172e95666
379604,TCF_EDU_2,MAG_FORKLIFT,TCF_EDU,ES4-4.5,Protective field breach,Protective field breach,RESOLVED,,,2026-08-04 19:24:46 +07:00,00h 00m 11s,11,791c8058-f4fc-458d-985d-bbf80994b03a
379603,TCF_EDU_1,MAG_FORKLIFT,TCF_EDU,EH6-6.1,Low Localization Score,Please try to set the correct pose of robot,RESOLVED,,,2026-08-04 19:24:45 +07:00,00h 00m 02s,2,d0f60043-47a4-41c6-9697-c8cd5dd9032b
379602,TCF_EDU_2,MAG_FORKLIFT,TCF_EDU,EH4-4.8,Brake Engaged,,RESOLVED,,,2026-08-04 19:24:44 +07:00,00h 00m 00s,0,527e4a64-4ceb-48a2-aa76-75995dd32333
379601,TCF_EDU_2,MAG_FORKLIFT,TCF_EDU,ES4-4.5,Protective field breach,Protective field breach,RESOLVED,,,2026-08-04 19:24:43 +07:00,00h 00m 01s,1,6018680a-2f3c-4214-b459-af3f02ea466d
379600,TCF_EDU_2,MAG_FORKLIFT,TCF_EDU,EH4-4.8,Brake Engaged,,RESOLVED,,,2026-08-04 19:24:42 +07:00,00h 00m 01s,1,4ae557a9-f74f-4b69-a202-ccf5a4288fd0
379599,TCF_EDU_1,MAG_FORKLIFT,TCF_EDU,EH6-6.1,Low Localization Score,Please try to set the correct pose of robot,RESOLVED,,,2026-08-04 19:24:40 +07:00,00h 00m 01s,1,865e088e-e57e-4cf2-84e6-19069715ea13
379598,TCF_EDU_1,MAG_FORKLIFT,TCF_EDU,EH6-6.1,Low Localization Score,Please try to set the correct pose of robot,RESOLVED,,,2026-08-04 19:24:36 +07:00,00h 00m 02s,2,8c1a375e-1ace-4990-9688-aaa2b5e3f5fa
379597,TCF_EDU_2,MAG_FORKLIFT,TCF_EDU,ES4-4.5,Protective field breach,Protective field breach,RESOLVED,,,2026-08-04 19:24:34 +07:00,00h 00m 08s,8,83dd52aa-47f0-4452-b654-e5482be13e40
379596,TCF_EDU_1,MAG_FORKLIFT,TCF_EDU,EH6-6.1,Low Localization Score,Please try to set the correct pose of robot,RESOLVED,,,2026-08-04 19:24:34 +07:00,00h 00m 01s,1,d0eff657-0ee5-4632-ad3d-51d8df1b2c58
379595,TCF_EDU_2,MAG_FORKLIFT,TCF_EDU,ES4-4.5,Protective field breach,Protective field breach,RESOLVED,,,2026-08-04 19:24:28 +07:00,00h 00m 05s,5,ff3159a0-db32-4183-ad8f-9bb2aa3b5ccb
379594,TCF_EDU_1,MAG_FORKLIFT,TCF_EDU,EH6-6.1,Low Localization Score,Please try to set the correct pose of robot,RESOLVED,,,2026-08-04 19:24:20 +07:00,00h 00m 00s,0,b948cdc6-15f0-4e0c-ac01-cfc8d9c2a0ca
379593,TCF_EDU_1,MAG_FORKLIFT,TCF_EDU,EH6-6.1,Low Localization Score,Please try to set the correct pose of robot,RESOLVED,,,2026-08-04 19:24:18 +07:00,00h 00m 00s,0,086b0b31-3c26-44af-ba30-568c3729eb75
379592,TCF_EDU_1,MAG_FORKLIFT,TCF_EDU,EH6-6.1,Low Localization Score,Please try to set the correct pose of robot,RESOLVED,,,2026-08-04 19:24:09 +07:00,00h 00m 00s,0,e46f61b9-8cca-45b5-b97f-459af995a9ff
379591,TCF_EDU_1,MAG_FORKLIFT,TCF_EDU,EH6-6.1,Low Localization Score,Please try to set the correct pose of robot,RESOLVED,,,2026-08-04 19:24:07 +07:00,00h 00m 00s,0,07edbb56-4ec6-4d73-b6f1-a65e802feed5
379590,TCF_EDU_3,MAG_FORKLIFT,TCF_EDU,EH6-6.1,Low Localization Score,Please try to set the correct pose of robot,RESOLVED,,,2026-08-04 19:24:03 +07:00,00h 01m 02s,62,7350f890-734f-40ad-bd1d-96809b54e003
379589,TCF_EDU_1,MAG_FORKLIFT,TCF_EDU,EH6-6.1,Low Localization Score,Please try to set the correct pose of robot,RESOLVED,,,2026-08-04 19:23:59 +07:00,00h 00m 01s,1,39f4a1f4-d745-4381-a8ce-36278b2f53aa
379588,TCF_EDU_1,MAG_FORKLIFT,TCF_EDU,EH6-6.1,Low Localization Score,Please try to set the correct pose of robot,RESOLVED,,,2026-08-04 19:23:57 +07:00,00h 00m 00s,0,03c34a9a-5dba-4602-bda0-c7d7d0d1ae84
379587,TCF_EDU_3,MAG_FORKLIFT,TCF_EDU,EH6-6.1,Low Localization Score,Please try to set the correct pose of robot,RESOLVED,,,2026-08-04 19:23:55 +07:00,00h 00m 06s,6,3b5fb7bb-51d4-4071-b101-f7c346ebb3a1
379586,TCF_EDU_1,MAG_FORKLIFT,TCF_EDU,EH6-6.1,Low Localization Score,Please try to set the correct pose of robot,RESOLVED,,,2026-08-04 19:23:50 +07:00,00h 00m 01s,1,0d5078c4-2c74-42e5-b19d-19a36de6f32f
379585,TCF_EDU_1,MAG_FORKLIFT,TCF_EDU,EH6-6.1,Low Localization Score,Please try to set the correct pose of robot,RESOLVED,,,2026-08-04 19:23:36 +07:00,00h 00m 00s,0,0c936cb7-0fa0-41f4-872a-71dc8580bad5
379584,TCF_EDU_3,MAG_FORKLIFT,TCF_EDU,EH6-6.1,Low Localization Score,Please try to set the correct pose of robot,RESOLVED,,,2026-08-04 19:23:35 +07:00,00h 00m 19s,19,b8eef14e-0120-4da7-bab7-3a418cf8ad6a
379583,TCF_EDU_1,MAG_FORKLIFT,TCF_EDU,EH6-6.1,Low Localization Score,Please try to set the correct pose of robot,RESOLVED,,,2026-08-04 19:23:30 +07:00,00h 00m 01s,1,6d0e70a2-9737-4420-86db-b9035a5ec9e0
379582,TCF_EDU_4,MAG_FORKLIFT,TCF_EDU,ES7-7.7,"Unrecorded Error, edit in lookups",,RESOLVED,,,2026-08-04 19:23:29 +07:00,00h 13m 17s,797,ed86d370-5e2d-46e8-95ac-ed5a39e3d070
379580,TCF_EDU_3,MAG_FORKLIFT,TCF_EDU,EH6-6.1,Low Localization Score,Please try to set the correct pose of robot,RESOLVED,,,2026-08-04 19:23:28 +07:00,00h 00m 06s,6,9e6b41cc-751b-4598-9676-ee9c1b782e63
379579,TCF_EDU_4,MAG_FORKLIFT,TCF_EDU,EH4-4.8,Brake Engaged,,RESOLVED,,,2026-08-04 19:23:28 +07:00,00h 00m 01s,1,19370f3e-6698-468e-9d5d-14a8136ba1bb
379578,TCF_EDU_4,MAG_FORKLIFT,TCF_EDU,ES7-7.7,"Unrecorded Error, edit in lookups",,RESOLVED,,,2026-08-04 19:23:16 +07:00,00h 00m 12s,12,ed86d370-5e2d-46e8-95ac-ed5a39e3d070
379576,TCF_EDU_4,MAG_FORKLIFT,TCF_EDU,EH4-4.8,Brake Engaged,,RESOLVED,,,2026-08-04 19:23:15 +07:00,00h 00m 01s,1,612b320b-518e-4048-b7ed-977176947862
379575,TCF_EDU_1,MAG_FORKLIFT,TCF_EDU,EH6-6.1,Low Localization Score,Please try to set the correct pose of robot,RESOLVED,,,2026-08-04 19:23:06 +07:00,00h 00m 00s,0,9b8d1023-fb15-44fa-8696-394b84b69b19
379574,TCF_EDU_1,MAG_FORKLIFT,TCF_EDU,EH6-6.1,Low Localization Score,Please try to set the correct pose of robot,RESOLVED,,,2026-08-04 19:22:59 +07:00,00h 00m 01s,1,b5787b6b-e416-45ff-b196-d0c13de44c0c
379573,TCF_EDU_1,MAG_FORKLIFT,TCF_EDU,EH6-6.1,Low Localization Score,Please try to set the correct pose of robot,RESOLVED,,,2026-08-04 19:22:57 +07:00,00h 00m 00s,0,8243f7d1-8465-48f9-b80e-c6d0ae493de2
379572,TCF_EDU_3,MAG_FORKLIFT,TCF_EDU,EH6-6.1,Low Localization Score,Please try to set the correct pose of robot,RESOLVED,,,2026-08-04 19:22:53 +07:00,00h 00m 33s,33,ed6e36e9-6945-45fb-9908-128d08934b91
379571,TCF_EDU_3,MAG_FORKLIFT,TCF_EDU,EH6-6.1,Low Localization Score,Please try to set the correct pose of robot,RESOLVED,,,2026-08-04 19:22:36 +07:00,00h 00m 16s,16,961881fd-5063-410b-baf1-f99e0a6061da
379570,TCF_EDU_1,MAG_FORKLIFT,TCF_EDU,EH6-6.1,Low Localization Score,Please try to set the correct pose of robot,RESOLVED,,,2026-08-04 19:22:36 +07:00,00h 00m 00s,0,57c726ff-6f37-4587-8a3d-914b2e884110
379569,TCF_EDU_1,MAG_FORKLIFT,TCF_EDU,EH6-6.1,Low Localization Score,Please try to set the correct pose of robot,RESOLVED,,,2026-08-04 19:22:30 +07:00,00h 00m 00s,0,61f69db4-a38c-4488-95a6-bb39644eee0f
379568,TCF_EDU_1,MAG_FORKLIFT,TCF_EDU,EH6-6.1,Low Localization Score,Please try to set the correct pose of robot,RESOLVED,,,2026-08-04 19:22:20 +07:00,00h 00m 00s,0,647a1ef2-8bfb-453b-8a86-0f15de25e3f3
379567,TCF_EDU_1,MAG_FORKLIFT,TCF_EDU,EH6-6.1,Low Localization Score,Please try to set the correct pose of robot,RESOLVED,,,2026-08-04 19:22:17 +07:00,00h 00m 01s,1,169ef4f8-fc44-4a3e-9114-4adfcd158165
379566,TCF_EDU_1,MAG_FORKLIFT,TCF_EDU,EH6-6.1,Low Localization Score,Please try to set the correct pose of robot,RESOLVED,,,2026-08-04 19:22:09 +07:00,00h 00m 02s,2,5dd57aa8-47a9-413b-a15b-76ae18cbdbb0
379565,TCF_EDU_4,MAG_FORKLIFT,TCF_EDU,ES7-7.7,"Unrecorded Error, edit in lookups",,RESOLVED,,,2026-08-04 19:22:08 +07:00,00h 01m 07s,67,ed86d370-5e2d-46e8-95ac-ed5a39e3d070
379563,TCF_EDU_4,MAG_FORKLIFT,TCF_EDU,EH4-4.8,Brake Engaged,,RESOLVED,,,2026-08-04 19:22:07 +07:00,00h 00m 01s,1,9ffc37b0-40cd-429c-9940-cd286821cd4b
379562,TCF_EDU_1,MAG_FORKLIFT,TCF_EDU,EH6-6.1,Low Localization Score,Please try to set the correct pose of robot,RESOLVED,,,2026-08-04 19:22:05 +07:00,00h 00m 01s,1,0232ffb2-0cc2-4fa0-9c57-c20603c68b4b
379561,TCF_EDU_4,MAG_FORKLIFT,TCF_EDU,ES7-7.7,"Unrecorded Error, edit in lookups",,RESOLVED,,,2026-08-04 19:21:52 +07:00,00h 00m 15s,15,ed86d370-5e2d-46e8-95ac-ed5a39e3d070
379559,TCF_EDU_4,MAG_FORKLIFT,TCF_EDU,EH4-4.8,Brake Engaged,,RESOLVED,,,2026-08-04 19:21:51 +07:00,00h 00m 00s,0,c96fa961-9079-48ea-babb-0915fd61f4fe
379558,TCF_EDU_4,MAG_FORKLIFT,TCF_EDU,ES7-7.7,"Unrecorded Error, edit in lookups",,RESOLVED,,,2026-08-04 19:21:39 +07:00,00h 00m 12s,12,ed86d370-5e2d-46e8-95ac-ed5a39e3d070
379556,TCF_EDU_4,MAG_FORKLIFT,TCF_EDU,EH4-4.8,Brake Engaged,,RESOLVED,,,2026-08-04 19:21:38 +07:00,00h 00m 01s,1,a2eb91b7-4f94-44cc-813b-b208bc86de3a
379555,TCF_EDU_3,MAG_FORKLIFT,TCF_EDU,EH6-6.1,Low Localization Score,Please try to set the correct pose of robot,RESOLVED,,,2026-08-04 19:21:07 +07:00,00h 01m 27s,87,850d15f5-d4ca-437b-9f85-1a4133f827dd
379554,TCF_EDU_1,MAG_FORKLIFT,TCF_EDU,EH6-6.1,Low Localization Score,Please try to set the correct pose of robot,RESOLVED,,,2026-08-04 19:20:58 +07:00,00h 00m 02s,2,06d31b09-f89e-412a-a813-ac580d2d1260
379553,TCF_EDU_1,MAG_FORKLIFT,TCF_EDU,EH6-6.1,Low Localization Score,Please try to set the correct pose of robot,RESOLVED,,,2026-08-04 19:20:16 +07:00,00h 00m 00s,0,1852ef09-70cd-4f0e-b76d-3475c6e786c9
379552,TCF_EDU_3,MAG_FORKLIFT,TCF_EDU,EH6-6.1,Low Localization Score,Please try to set the correct pose of robot,RESOLVED,,,2026-08-04 19:20:12 +07:00,00h 00m 53s,53,631d0783-b071-432d-a2a1-ddbdabf2bcf3
379551,TCF_EDU_3,MAG_FORKLIFT,TCF_EDU,EH6-6.1,Low Localization Score,Please try to set the correct pose of robot,RESOLVED,,,2026-08-04 19:20:04 +07:00,00h 00m 06s,6,829dc9a2-212b-4e5e-853e-732d96c432cb
379550,TCF_EDU_1,MAG_FORKLIFT,TCF_EDU,ES-T.12,Topic unavailable : robot_pose,,RESOLVED,,,2026-08-04 19:19:58 +07:00,00h 00m 01s,1,89078f1a-7365-40a2-91cd-ce76cbbef0fe
379548,TCF_EDU_1,MAG_FORKLIFT,TCF_EDU,ES-T.8,Topic unavailable : top lidar,,RESOLVED,,,2026-08-04 19:19:57 +07:00,00h 00m 00s,0,90d66299-11e4-4273-96f7-a7825abb440d
379547,TCF_EDU_3,MAG_FORKLIFT,TCF_EDU,EH6-6.1,Low Localization Score,Please try to set the correct pose of robot,RESOLVED,,,2026-08-04 19:19:55 +07:00,00h 00m 08s,8,22d8268e-ee14-4922-a8ab-368177e00a81
379546,TCF_EDU_1,MAG_FORKLIFT,TCF_EDU,ES-T.2,Topic unavailable : camera_info,,RESOLVED,,,2026-08-04 19:19:53 +07:00,00h 00m 04s,4,123cde4e-5810-446d-8d86-2e265d49d6c8
379544,TCF_EDU_1,MAG_FORKLIFT,TCF_EDU,ES5-5.5,Robot pose is not available,,RESOLVED,,,2026-08-04 19:19:50 +07:00,00h 00m 03s,3,05b2fe89-4d8f-4ce5-a829-9a1179917cdb
379543,TCF_EDU_1,MAG_FORKLIFT,TCF_EDU,ES-T.12,Topic unavailable : robot_pose,,RESOLVED,,,2026-08-04 19:19:49 +07:00,00h 00m 00s,0,89078f1a-7365-40a2-91cd-ce76cbbef0fe
379541,TCF_EDU_1,MAG_FORKLIFT,TCF_EDU,ESFL1-2.7,Software has crashed : percipio camera node,,RESOLVED,,,2026-08-04 19:19:48 +07:00,00h 00m 01s,1,1de3a7f0-66a4-46bd-b296-ade295734893
379540,TCF_EDU_1,MAG_FORKLIFT,TCF_EDU,ES-T.12,Topic unavailable : robot_pose,,RESOLVED,,,2026-08-04 19:19:47 +07:00,00h 00m 01s,1,89078f1a-7365-40a2-91cd-ce76cbbef0fe
379539,TCF_EDU_3,MAG_FORKLIFT,TCF_EDU,EH6-6.1,Low Localization Score,Please try to set the correct pose of robot,RESOLVED,,,2026-08-04 19:19:20 +07:00,00h 00m 33s,33,1e8a1020-4022-4f62-a890-7dd174232008
379538,TCF_EDU_3,MAG_FORKLIFT,TCF_EDU,EH6-6.1,Low Localization Score,Please try to set the correct pose of robot,RESOLVED,,,2026-08-04 19:19:08 +07:00,00h 00m 11s,11,343d559c-08af-414f-b7b0-cb68ca2fb6d5
379537,TCF_EDU_1,MAG_FORKLIFT,TCF_EDU,ESFL1-2.2,Software has crashed : lidar2,,RESOLVED,,,2026-08-04 19:19:03 +07:00,00h 00m 44s,44,3cadf579-9980-478e-9ba5-c3d5b408b201
379536,TCF_EDU_1,MAG_FORKLIFT,TCF_EDU,ES-T.12,Topic unavailable : robot_pose,,RESOLVED,,,2026-08-04 19:18:58 +07:00,00h 00m 04s,4,0526c45d-3b17-4b0c-85c4-6508c4cbb01d
379534,TCF_EDU_3,MAG_FORKLIFT,TCF_EDU,EH6-6.1,Low Localization Score,Please try to set the correct pose of robot,RESOLVED,,,2026-08-04 19:18:47 +07:00,00h 00m 19s,19,2f996b9b-6fcb-4633-9846-34dfbc505fe4
379533,TCF_EDU_3,MAG_FORKLIFT,TCF_EDU,ES5-5.5,Robot pose is not available,,RESOLVED,,,2026-08-04 19:18:45 +07:00,00h 00m 00s,0,e48dbf0e-6ed5-42d8-9b58-892b99764bf8
379532,TCF_EDU_3,MAG_FORKLIFT,TCF_EDU,ES-T.11,Topic unavailable : motor_feedback,,RESOLVED,,,2026-08-04 19:18:44 +07:00,00h 00m 01s,1,196dd8ba-a457-4a10-ae47-80681c43107c
379531,TCF_EDU_3,MAG_FORKLIFT,TCF_EDU,ES-T.0,Topic unavailable : PLC_feedback,,RESOLVED,,,2026-08-04 19:18:43 +07:00,00h 00m 00s,0,93c6bc21-7527-4f34-bc15-77c869a34164
379530,TCF_EDU_3,MAG_FORKLIFT,TCF_EDU,ESFL1-2.8,Software has crashed : Tricycle base node,,RESOLVED,,,2026-08-04 19:18:40 +07:00,00h 00m 03s,3,3b00c011-19ad-4041-9f99-d5de8622f2b2
379529,TCF_EDU_2,MAG_FORKLIFT,TCF_EDU,EH4-4.8,Brake Engaged,,RESOLVED,,,2026-08-04 19:14:49 +07:00,00h 00m 00s,0,96b110a1-f0af-407b-97f7-cb1a14143aa8
379528,TCF_EDU_2,MAG_FORKLIFT,TCF_EDU,ES4-4.5,Protective field breach,Protective field breach,RESOLVED,,,2026-08-04 19:14:46 +07:00,00h 00m 03s,3,b663bfa7-35c9-4582-afd6-2cd255f6e612
379527,TCF_EDU_4,MAG_FORKLIFT,TCF_EDU,ES7-7.7,"Unrecorded Error, edit in lookups",,RESOLVED,,,2026-08-04 19:14:17 +07:00,00h 07m 21s,441,ed86d370-5e2d-46e8-95ac-ed5a39e3d070
379526,TCF_EDU_4,MAG_FORKLIFT,TCF_EDU,EHFL4-1.49,Drive Motor Fault - Main Driver Fault,"""Set: Main Contactor driver is either open or shorted. This fault can be set only when Main Enable = On.Clear: Restore/repair any external wiring or device coil to the correct state",RESOLVED,,,2026-08-04 19:14:16 +07:00,00h 00m 00s,0,57c5fb1a-3c4a-4507-8e0f-6614b54fef4f
379525,TCF_EDU_4,MAG_FORKLIFT,TCF_EDU,FMS1-1.1,SERVICE CALL RESPONSE,,RESOLVED,,"Service call failed with data: {'serialNumber': 'TCF_EDU_4', 'actions': [{'actionType': 'customInstantAction', 'actionId': 'd4718b6d-5681-47f6-81d6-c9948c607ebe', 'actionDescription': 'service_call', 'blockingType': 'HARD', 'actionParameters': [{'key': 'service', 'value': '/TCF_EDU_4/remove_error'}, {'key': 'data', 'value': {'error_id': 'b9373bfe-588d-46ba-bc31-8cb84b7c1964'}}, {'key': 'require_response', 'value': True}]}]}",2026-08-04 19:14:15 +07:00,00h 00m 00s,0,
379524,TCF_EDU_4,MAG_FORKLIFT,TCF_EDU,EH4-4.8,Brake Engaged,,RESOLVED,,,2026-08-04 19:14:15 +07:00,00h 00m 00s,0,561e3cfc-190f-47de-b5b8-6212ba76e20c
379523,TCF_EDU_4,MAG_FORKLIFT,TCF_EDU,FMS1-1.1,SERVICE CALL RESPONSE,,RESOLVED,,"Service call failed with data: {'serialNumber': 'TCF_EDU_4', 'actions': [{'actionType': 'customInstantAction', 'actionId': '599fbeb8-6be4-419e-bd54-05d9b3f1481e', 'actionDescription': 'service_call', 'blockingType': 'HARD', 'actionParameters': [{'key': 'service', 'value': '/TCF_EDU_4/tms_retry'}, {'key': 'data', 'value': {}}, {'key': 'require_response', 'value': True}]}]}",2026-08-04 19:14:10 +07:00,00h 00m 04s,4,
379522,TCF_EDU_4,MAG_FORKLIFT,TCF_EDU,EH2-2.4,E-Stop not released properly. Press Resume button.,,RESOLVED,,,2026-08-04 19:14:05 +07:00,00h 00m 10s,10,b9373bfe-588d-46ba-bc31-8cb84b7c1964
379521,TCF_EDU_4,MAG_FORKLIFT,TCF_EDU,FMS1-1.1,SERVICE CALL RESPONSE,,RESOLVED,,"Service call failed with data: {'serialNumber': 'TCF_EDU_4', 'actions': [{'actionType': 'customInstantAction', 'actionId': '3947cee4-06c5-4a30-8699-d2707105396a', 'actionDescription': 'service_call', 'blockingType': 'HARD', 'actionParameters': [{'key': 'service', 'value': '/TCF_EDU_4/remove_error'}, {'key': 'data', 'value': {'error_id': 'e49e0f32-d0c3-43a6-9c43-2dde6edf308f'}}, {'key': 'require_response', 'value': True}]}]}",2026-08-04 19:13:05 +07:00,00h 00m 00s,0,
379520,TCF_EDU_4,MAG_FORKLIFT,TCF_EDU,EH4-4.8,Brake Engaged,,RESOLVED,,,2026-08-04 19:13:05 +07:00,00h 00m 01s,1,1eb444a9-6716-4d8b-a095-2aa462bcab46
379519,TCF_EDU_4,MAG_FORKLIFT,TCF_EDU,FMS1-1.1,SERVICE CALL RESPONSE,,RESOLVED,,"Service call failed with data: {'serialNumber': 'TCF_EDU_4', 'actions': [{'actionType': 'customInstantAction', 'actionId': '293c0330-b3ec-4796-a407-16666541ed80', 'actionDescription': 'service_call', 'blockingType': 'HARD', 'actionParameters': [{'key': 'service', 'value': '/TCF_EDU_4/tms_retry'}, {'key': 'data', 'value': {}}, {'key': 'require_response', 'value': True}]}]}",2026-08-04 19:13:00 +07:00,00h 00m 04s,4,
379518,TCF_EDU_4,MAG_FORKLIFT,TCF_EDU,EH2-2.4,E-Stop not released properly. Press Resume button.,,RESOLVED,,,2026-08-04 19:12:55 +07:00,00h 00m 10s,10,e49e0f32-d0c3-43a6-9c43-2dde6edf308f
379517,TCF_EDU_2,MAG_FORKLIFT,TCF_EDU,EH4-4.8,Brake Engaged,,RESOLVED,,,2026-08-04 19:11:46 +07:00,00h 00m 01s,1,b076492f-b96c-4326-ad4f-353d8fcaa3cf
379516,TCF_EDU_2,MAG_FORKLIFT,TCF_EDU,ES4-4.5,Protective field breach,Protective field breach,RESOLVED,,,2026-08-04 19:11:41 +07:00,00h 00m 04s,4,a382dd81-4c45-417a-a338-c613773f9d92
379515,TCF_EDU_2,MAG_FORKLIFT,TCF_EDU,EH4-4.8,Brake Engaged,,RESOLVED,,,2026-08-04 19:11:36 +07:00,00h 00m 01s,1,8a79e045-ca9c-461b-ab03-ffa5fbc17a96
379514,TCF_EDU_2,MAG_FORKLIFT,TCF_EDU,ES4-4.5,Protective field breach,Protective field breach,RESOLVED,,,2026-08-04 19:11:32 +07:00,00h 00m 04s,4,9993bb07-5e43-46e9-ab09-324c192b0f54
379513,TCF_EDU_2,MAG_FORKLIFT,TCF_EDU,EH4-4.8,Brake Engaged,,RESOLVED,,,2026-08-04 19:09:42 +07:00,00h 00m 00s,0,53a57f99-f8a5-467a-a9d2-7380e1b191d3
379512,TCF_EDU_2,MAG_FORKLIFT,TCF_EDU,ES4-4.5,Protective field breach,Protective field breach,RESOLVED,,,2026-08-04 19:09:41 +07:00,00h 00m 01s,1,beebf289-f67d-4ecd-aa7c-d090b9fa90af
379511,TCF_EDU_4,MAG_FORKLIFT,TCF_EDU,ES4-4.5,Protective field breach,Protective field breach,RESOLVED,,,2026-08-04 19:09:37 +07:00,00h 00m 07s,7,00d4eb71-c631-4219-af46-e57d85047793
379510,TCF_EDU_2,MAG_FORKLIFT,TCF_EDU,EH4-4.8,Brake Engaged,,RESOLVED,,,2026-08-04 19:09:36 +07:00,00h 00m 00s,0,65622ec1-03ea-42bc-99d9-49c17c2e1d37
379509,TCF_EDU_3,MAG_FORKLIFT,TCF_EDU,EH1-1.15,Unable to talk to motor driver,,RESOLVED,,,2026-08-04 19:09:35 +07:00,00h 00m 01s,1,326d0591-996c-4fb8-8833-b589a8da6365
379508,TCF_EDU_2,MAG_FORKLIFT,TCF_EDU,ES4-4.5,Protective field breach,Protective field breach,RESOLVED,,,2026-08-04 19:09:33 +07:00,00h 00m 03s,3,85440b2d-aea7-47a1-9ef3-8055fdb4ac4b
379507,TCF_EDU_3,MAG_FORKLIFT,TCF_EDU,ES4-4.5,Protective field breach,Protective field breach,RESOLVED,,,2026-08-04 19:09:30 +07:00,00h 00m 05s,5,bb236047-2894-40d1-90ca-e3fb3de4e96c
379506,TCF_EDU_2,MAG_FORKLIFT,TCF_EDU,EH4-4.8,Brake Engaged,,RESOLVED,,,2026-08-04 19:09:03 +07:00,00h 00m 02s,2,86f3d853-4210-48a9-8379-abbd7c5d5e17
379505,TCF_EDU_2,MAG_FORKLIFT,TCF_EDU,ES4-4.5,Protective field breach,Protective field breach,RESOLVED,,,2026-08-04 19:09:02 +07:00,00h 00m 01s,1,8c9f1c71-060e-4278-9af2-141286490b3d
379504,TCF_EDU_3,MAG_FORKLIFT,TCF_EDU,EH4-4.8,Brake Engaged,,RESOLVED,,,2026-08-04 19:08:54 +07:00,00h 00m 02s,2,e4c0417b-4cb3-4bb1-9f4c-9f2220126f48
379503,TCF_EDU_3,MAG_FORKLIFT,TCF_EDU,ES4-4.5,Protective field breach,Protective field breach,RESOLVED,,,2026-08-04 19:08:47 +07:00,00h 00m 07s,7,84c5c06e-ff2d-4035-938d-f28fcc1bd6e6
379502,TCF_EDU_2,MAG_FORKLIFT,TCF_EDU,EH4-4.8,Brake Engaged,,RESOLVED,,,2026-08-04 19:08:34 +07:00,00h 00m 06s,6,d09cb9e9-2194-461e-bee8-033b0a8f36e4
379501,TCF_EDU_2,MAG_FORKLIFT,TCF_EDU,EHFL4-1.49,Drive Motor Fault - Main Driver Fault,"""Set: Main Contactor driver is either open or shorted. This fault can be set only when Main Enable = On.Clear: Restore/repair any external wiring or device coil to the correct state",RESOLVED,,,2026-08-04 19:08:33 +07:00,00h 00m 00s,0,47530ea4-545e-4c46-aaef-e72ac038d541
379500,TCF_EDU_2,MAG_FORKLIFT,TCF_EDU,ES4-4.5,Protective field breach,Protective field breach,RESOLVED,,,2026-08-04 19:08:08 +07:00,00h 00m 01s,1,3a532731-e4c8-4052-9ded-45d78c66799f
379499,TCF_EDU_2,MAG_FORKLIFT,TCF_EDU,EHFL4-1.49,Drive Motor Fault - Main Driver Fault,"""Set: Main Contactor driver is either open or shorted. This fault can be set only when Main Enable = On.Clear: Restore/repair any external wiring or device coil to the correct state",RESOLVED,,,2026-08-04 19:06:41 +07:00,00h 00m 35s,35,18b9c6d3-1d8d-4eb8-9167-06913d7b519d
379498,TCF_EDU_2,MAG_FORKLIFT,TCF_EDU,EH4-4.8,Brake Engaged,,RESOLVED,,,2026-08-04 19:06:19 +07:00,00h 00m 01s,1,32afbebd-119f-4ea4-b465-7c482bf86be3
379497,TCF_EDU_2,MAG_FORKLIFT,TCF_EDU,ES4-4.5,Protective field breach,Protective field breach,RESOLVED,,,2026-08-04 19:06:18 +07:00,00h 00m 01s,1,b483546c-ce06-446f-bf2c-ac042adc60c6
379496,TCF_EDU_3,MAG_FORKLIFT,TCF_EDU,EH4-4.8,Brake Engaged,,RESOLVED,,,2026-08-04 19:05:28 +07:00,00h 00m 01s,1,44d7bbf0-2eca-46a9-a1a1-9882e0004edf
379495,TCF_EDU_3,MAG_FORKLIFT,TCF_EDU,ES4-4.5,Protective field breach,Protective field breach,RESOLVED,,,2026-08-04 19:04:59 +07:00,00h 00m 28s,28,7826842c-8bf3-4a23-a6cb-15ff60998269
379494,TCF_EDU_2,MAG_FORKLIFT,TCF_EDU,EH4-4.8,Brake Engaged,,RESOLVED,,,2026-08-04 19:04:59 +07:00,00h 00m 11s,11,2078db45-9afd-467c-ba51-e1ce3b90e31d
379493,TCF_EDU_2,MAG_FORKLIFT,TCF_EDU,EH4-4.8,Brake Engaged,,RESOLVED,,,2026-08-04 19:04:56 +07:00,00h 00m 00s,0,71835a01-a5c5-46e6-8a47-5d7c979bfca5
379492,TCF_EDU_2,MAG_FORKLIFT,TCF_EDU,ES4-4.5,Protective field breach,Protective field breach,RESOLVED,,,2026-08-04 19:04:55 +07:00,00h 00m 01s,1,df8f6ed2-81ff-42fc-8d6e-d0048194d8b0
379491,TCF_EDU_2,MAG_FORKLIFT,TCF_EDU,ESFL1-2.13,Software has crashed : VDA Client,,RESOLVED,,,2026-08-04 19:04:54 +07:00,00h 00m 00s,0,4f15e66a-18a1-4178-922a-22e36cae87f6
379490,TCF_EDU_3,MAG_FORKLIFT,TCF_EDU,EH4-4.8,Brake Engaged,,RESOLVED,,,2026-08-04 19:04:51 +07:00,00h 00m 00s,0,3418cf7a-ca04-4fe3-9764-5631f6949a0c
379489,TCF_EDU_3,MAG_FORKLIFT,TCF_EDU,ES4-4.5,Protective field breach,Protective field breach,RESOLVED,,,2026-08-04 19:04:49 +07:00,00h 00m 00s,0,794f7a61-6388-4c85-a590-c92cab53c373
379488,TCF_EDU_2,MAG_FORKLIFT,TCF_EDU,ESFL1-2.13,Software has crashed : VDA Client,,RESOLVED,,,2026-08-04 19:04:48 +07:00,00h 00m 00s,0,0e53fd89-a05d-4709-8a5f-d90a0b1d846c
379487,TCF_EDU_4,MAG_FORKLIFT,TCF_EDU,EHFL4-2.0,"Unrecorded Error, edit in lookups",,RESOLVED,,,2026-08-04 19:04:11 +07:00,00h 00m 00s,0,4645d520-9923-430a-9dcb-5a36a07e5339
379486,TCF_EDU_3,MAG_FORKLIFT,TCF_EDU,EH4-4.8,Brake Engaged,,RESOLVED,,,2026-08-04 19:02:16 +07:00,00h 00m 00s,0,154f908a-f296-4b82-8ef2-a547932383bd
379485,TCF_EDU_3,MAG_FORKLIFT,TCF_EDU,ES4-4.5,Protective field breach,Protective field breach,RESOLVED,,,2026-08-04 19:02:14 +07:00,00h 00m 01s,1,8284457d-1748-42d3-86c0-4c46ff940421
379484,TCF_EDU_3,MAG_FORKLIFT,TCF_EDU,EH4-4.8,Brake Engaged,,RESOLVED,,,2026-08-04 19:02:09 +07:00,00h 00m 02s,2,01debcfe-d1e6-4e86-8a2f-88ffbda177fe
379483,TCF_EDU_3,MAG_FORKLIFT,TCF_EDU,ES4-4.5,Protective field breach,Protective field breach,RESOLVED,,,2026-08-04 19:02:02 +07:00,00h 00m 07s,7,c2f05bfd-3b68-46bb-9086-7449475e4de4
379482,TCF_EDU_2,MAG_FORKLIFT,TCF_EDU,ES4-4.5,Protective field breach,Protective field breach,RESOLVED,,,2026-08-04 19:01:40 +07:00,00h 00m 00s,0,83e2a251-bacc-4c24-8d4e-9887249df081
379481,TCF_EDU_2,MAG_FORKLIFT,TCF_EDU,FMS1-1.1,SERVICE CALL RESPONSE,,RESOLVED,,"Service call failed with data: {'serialNumber': 'TCF_EDU_2', 'actions': [{'actionType': 'customInstantAction', 'actionId': '70f5c2d8-a90c-4dd2-a640-168629939453', 'actionDescription': 'service_call', 'blockingType': 'HARD', 'actionParameters': [{'key': 'service', 'value': '/TCF_EDU_2/remove_error'}, {'key': 'data', 'value': {'error_id': '07d68b79-81fb-4865-ad90-9d2c3d07cad5'}}, {'key': 'require_response', 'value': True}]}]}",2026-08-04 19:01:40 +07:00,00h 00m 00s,0,
379480,TCF_EDU_2,MAG_FORKLIFT,TCF_EDU,EH4-4.11,Steering lock detected,,RESOLVED,,,2026-08-04 19:01:35 +07:00,00h 00m 05s,5,07d68b79-81fb-4865-ad90-9d2c3d07cad5
379479,TCF_EDU_2,MAG_FORKLIFT,TCF_EDU,EHFL4-1.49,Drive Motor Fault - Main Driver Fault,"""Set: Main Contactor driver is either open or shorted. This fault can be set only when Main Enable = On.Clear: Restore/repair any external wiring or device coil to the correct state",RESOLVED,,,2026-08-04 19:01:31 +07:00,00h 00m 09s,9,4c48a60d-34bd-4a91-9bdb-7162d23878e5
379478,TCF_EDU_3,MAG_FORKLIFT,TCF_EDU,ES5-5.5,Robot pose is not available,,RESOLVED,,,2026-08-04 19:01:20 +07:00,00h 00m 01s,1,09c4ed46-5aea-4044-88e5-19202a740bb4
379477,TCF_EDU_3,MAG_FORKLIFT,TCF_EDU,ES-T.12,Topic unavailable : robot_pose,,RESOLVED,,,2026-08-04 19:01:19 +07:00,00h 00m 00s,0,ca2cf7ba-c0dd-496b-86b4-2522f57a9b26
379475,TCF_EDU_3,MAG_FORKLIFT,TCF_EDU,ES-T.8,Topic unavailable : top lidar,,RESOLVED,,,2026-08-04 19:01:15 +07:00,00h 00m 04s,4,efe76b34-d6f1-441b-a1b5-ad31e51ff1dc
379474,TCF_EDU_3,MAG_FORKLIFT,TCF_EDU,ES-T.2,Topic unavailable : camera_info,,RESOLVED,,,2026-08-04 19:01:11 +07:00,00h 00m 03s,3,90c14d9d-aee2-4549-9861-404cd9265318
379473,TCF_EDU_3,MAG_FORKLIFT,TCF_EDU,ES-T.12,Topic unavailable : robot_pose,,RESOLVED,,,2026-08-04 19:01:10 +07:00,00h 00m 01s,1,ca2cf7ba-c0dd-496b-86b4-2522f57a9b26
379472,TCF_EDU_3,MAG_FORKLIFT,TCF_EDU,ESFL1-2.4,Software has crashed : lidar3d 1,,RESOLVED,,,2026-08-04 19:01:09 +07:00,00h 00m 00s,0,3b55c572-6017-4a7d-89ad-c06cd0f123ef
379471,TCF_EDU_2,MAG_FORKLIFT,TCF_EDU,EH4-4.8,Brake Engaged,,RESOLVED,,,2026-08-04 19:01:09 +07:00,00h 00m 14s,14,4a7f2ec4-0e7f-4481-9982-16d9a6ca3a04
379470,TCF_EDU_1,MAG_FORKLIFT,TCF_EDU,ESFL1-2.2,Software has crashed : lidar2,,RESOLVED,,,2026-08-04 19:00:37 +07:00,00h 18m 20s,1100,d0e0e72d-0741-4258-8d3d-82d2592683cd
379468,TCF_EDU_1,MAG_FORKLIFT,TCF_EDU,WF1-1.2,Robot is Offline,,RESOLVED,,,2026-08-04 19:00:37 +07:00,00h 00m 00s,0,
379467,TCF_EDU_2,MAG_FORKLIFT,TCF_EDU,EH4-4.8,Brake Engaged,,RESOLVED,,,2026-08-04 19:00:30 +07:00,00h 00m 00s,0,e929a377-3f8a-4bd3-8690-7cde33f891e6
379466,TCF_EDU_2,MAG_FORKLIFT,TCF_EDU,EH4-4.8,Brake Engaged,,RESOLVED,,,2026-08-04 19:00:29 +07:00,00h 00m 00s,0,acd1c253-09c2-48d0-966c-43fafc58a6cd
379465,TCF_EDU_2,MAG_FORKLIFT,TCF_EDU,ES4-4.5,Protective field breach,Protective field breach,RESOLVED,,,2026-08-04 19:00:13 +07:00,00h 00m 16s,16,c801fcb9-65e8-4b7a-9dae-38c0d626d1b0
379464,TCF_EDU_3,MAG_FORKLIFT,TCF_EDU,ES4-4.5,Protective field breach,Protective field breach,RESOLVED,,,2026-08-04 18:56:43 +07:00,00h 04m 26s,266,0b2db51b-55cc-4501-a8b3-d47d2d9be41b
379463,TCF_EDU_3,MAG_FORKLIFT,TCF_EDU,EH4-4.8,Brake Engaged,,RESOLVED,,,2026-08-04 18:56:35 +07:00,00h 00m 08s,8,0539904b-d4c2-4c56-ad6b-5be7b7426796
379462,TCF_EDU_3,MAG_FORKLIFT,TCF_EDU,ES4-4.5,Protective field breach,Protective field breach,RESOLVED,,,2026-08-04 18:56:28 +07:00,00h 00m 07s,7,6b645e18-164c-40a3-83f3-89537eec20f8
379461,TCF_EDU_3,MAG_FORKLIFT,TCF_EDU,EH4-4.8,Brake Engaged,,RESOLVED,,,2026-08-04 18:56:26 +07:00,00h 00m 02s,2,57cb515d-1d01-4bd5-9f4d-903a790e7cb9
379460,TCF_EDU_3,MAG_FORKLIFT,TCF_EDU,ES4-4.5,Protective field breach,Protective field breach,RESOLVED,,,2026-08-04 18:56:25 +07:00,00h 00m 01s,1,178e4ec9-7680-44f5-b7cd-2021c1618a1c
379459,TCF_EDU_3,MAG_FORKLIFT,TCF_EDU,EH4-4.8,Brake Engaged,,RESOLVED,,,2026-08-04 18:56:23 +07:00,00h 00m 02s,2,55648cfb-0772-42f7-8fe8-8c1111d2d74c
379458,TCF_EDU_3,MAG_FORKLIFT,TCF_EDU,ES4-4.5,Protective field breach,Protective field breach,RESOLVED,,,2026-08-04 18:56:20 +07:00,00h 00m 03s,3,e699cf51-559e-4069-b2e2-b5f702698eff
379457,TCF_EDU_3,MAG_FORKLIFT,TCF_EDU,EH4-4.8,Brake Engaged,,RESOLVED,,,2026-08-04 18:56:15 +07:00,00h 00m 03s,3,4e244948-3f71-4d9b-8254-23932b6b988a
379456,TCF_EDU_3,MAG_FORKLIFT,TCF_EDU,ES4-4.5,Protective field breach,Protective field breach,RESOLVED,,,2026-08-04 18:56:12 +07:00,00h 00m 03s,3,9ae020dd-eafa-4602-970c-47470dd85745
379455,TCF_EDU_3,MAG_FORKLIFT,TCF_EDU,EH4-4.8,Brake Engaged,,RESOLVED,,,2026-08-04 18:56:11 +07:00,00h 00m 00s,0,46be52d7-0d8f-413f-8a5a-6898db6856d9
379453,TCF_EDU_3,MAG_FORKLIFT,TCF_EDU,ES-T.14,Topic unavailable : scan2_raw,,RESOLVED,,,2026-08-04 18:56:10 +07:00,00h 00m 01s,1,0154964d-a79b-418b-940a-7d0f6e71eb9c
379452,TCF_EDU_3,MAG_FORKLIFT,TCF_EDU,EH4-4.8,Brake Engaged,,RESOLVED,,,2026-08-04 18:56:08 +07:00,00h 00m 02s,2,46be52d7-0d8f-413f-8a5a-6898db6856d9
379451,TCF_EDU_3,MAG_FORKLIFT,TCF_EDU,ES4-4.5,Protective field breach,Protective field breach,RESOLVED,,,2026-08-04 18:56:06 +07:00,00h 00m 02s,2,b86ad36c-f481-4b36-a118-916d0b6ace73
379450,TCF_EDU_3,MAG_FORKLIFT,TCF_EDU,EH4-4.8,Brake Engaged,,RESOLVED,,,2026-08-04 18:56:05 +07:00,00h 00m 01s,1,9c7c3f79-53ec-43a8-b133-1fc9516c1043
379449,TCF_EDU_3,MAG_FORKLIFT,TCF_EDU,ES4-4.5,Protective field breach,Protective field breach,RESOLVED,,,2026-08-04 18:56:03 +07:00,00h 00m 01s,1,9fe74942-d101-4170-9e06-5c66e367baa4
379448,TCF_EDU_3,MAG_FORKLIFT,TCF_EDU,EH4-4.8,Brake Engaged,,RESOLVED,,,2026-08-04 18:56:01 +07:00,00h 00m 02s,2,e9dc664b-7a24-4943-b271-db914ced3302
379447,TCF_EDU_3,MAG_FORKLIFT,TCF_EDU,ES4-4.5,Protective field breach,Protective field breach,RESOLVED,,,2026-08-04 18:55:53 +07:00,00h 00m 08s,8,4487f6f0-7c8e-454e-878a-0b867c5636a8
379446,TCF_EDU_3,MAG_FORKLIFT,TCF_EDU,EH4-4.8,Brake Engaged,,RESOLVED,,,2026-08-04 18:55:52 +07:00,00h 00m 01s,1,970bbcdb-db07-4d3e-a37c-fbeb28dfda45
379445,TCF_EDU_3,MAG_FORKLIFT,TCF_EDU,ES4-4.5,Protective field breach,Protective field breach,RESOLVED,,,2026-08-04 18:55:50 +07:00,00h 00m 01s,1,eee98a3c-e129-402c-91aa-25a3ccd32e22
379444,TCF_EDU_3,MAG_FORKLIFT,TCF_EDU,EH4-4.8,Brake Engaged,,RESOLVED,,,2026-08-04 18:55:47 +07:00,00h 00m 02s,2,bee08c90-9c01-4fc1-864f-959b3912788d
379443,TCF_EDU_3,MAG_FORKLIFT,TCF_EDU,ES-T.14,Topic unavailable : scan2_raw,,RESOLVED,,,2026-08-04 18:55:45 +07:00,00h 00m 02s,2,fdc05b1d-43cf-4e71-ac45-63418460b3cd
379442,TCF_EDU_3,MAG_FORKLIFT,TCF_EDU,EH4-4.8,Brake Engaged,,RESOLVED,,,2026-08-04 18:55:43 +07:00,00h 00m 00s,0,db63721f-080d-48f7-b0bb-78f200994434
379441,TCF_EDU_3,MAG_FORKLIFT,TCF_EDU,ES4-4.5,Protective field breach,Protective field breach,RESOLVED,,,2026-08-04 18:55:40 +07:00,00h 00m 03s,3,491cb905-e579-493d-9ba0-cdcc2abb6d87
379440,TCF_EDU_3,MAG_FORKLIFT,TCF_EDU,EH4-4.8,Brake Engaged,,RESOLVED,,,2026-08-04 18:55:34 +07:00,00h 00m 06s,6,e3b184d8-cbbd-4c5b-92f0-fa1da0120add
379439,TCF_EDU_2,MAG_FORKLIFT,TCF_EDU,EH4-4.8,Brake Engaged,,RESOLVED,,,2026-08-04 18:55:33 +07:00,00h 00m 01s,1,51221782-ece2-433b-8ed6-1d6a00543167
379438,TCF_EDU_3,MAG_FORKLIFT,TCF_EDU,ES4-4.5,Protective field breach,Protective field breach,RESOLVED,,,2026-08-04 18:55:30 +07:00,00h 00m 03s,3,1f8af5ba-d127-4340-ba91-b61290ce4f40
379437,TCF_EDU_3,MAG_FORKLIFT,TCF_EDU,EH4-4.8,Brake Engaged,,RESOLVED,,,2026-08-04 18:55:29 +07:00,00h 00m 01s,1,6b9a8f70-e884-45df-8daa-58dfbd2f4e67
379436,TCF_EDU_3,MAG_FORKLIFT,TCF_EDU,ES-T.14,Topic unavailable : scan2_raw,,RESOLVED,,,2026-08-04 18:55:28 +07:00,00h 00m 01s,1,84b6aa2f-ca7e-4f1f-a637-7ec61f6f19dd
379435,TCF_EDU_3,MAG_FORKLIFT,TCF_EDU,EH4-4.8,Brake Engaged,,RESOLVED,,,2026-08-04 18:55:27 +07:00,00h 00m 01s,1,38b71e63-ca84-4f5c-9d9e-2fa9fcdb4666
379434,TCF_EDU_3,MAG_FORKLIFT,TCF_EDU,ES-T.14,Topic unavailable : scan2_raw,,RESOLVED,,,2026-08-04 18:55:25 +07:00,00h 00m 01s,1,b3c50b10-527f-4f8a-9164-8660d0d757e1
379433,TCF_EDU_3,MAG_FORKLIFT,TCF_EDU,EH4-4.8,Brake Engaged,,RESOLVED,,,2026-08-04 18:55:24 +07:00,00h 00m 01s,1,427eb363-5b4b-4478-ac62-dc0201a5b2a2
379432,TCF_EDU_3,MAG_FORKLIFT,TCF_EDU,ES-T.14,Topic unavailable : scan2_raw,,RESOLVED,,,2026-08-04 18:55:23 +07:00,00h 00m 00s,0,96b9ce93-6bb3-4780-88e8-7df1b77c7802
379431,TCF_EDU_3,MAG_FORKLIFT,TCF_EDU,ES4-4.5,Protective field breach,Protective field breach,RESOLVED,,,2026-08-04 18:55:17 +07:00,00h 00m 05s,5,e62be6e5-04ea-410f-ab55-76c34396ebb7
379430,TCF_EDU_2,MAG_FORKLIFT,TCF_EDU,ES4-4.5,Protective field breach,Protective field breach,RESOLVED,,,2026-08-04 18:55:17 +07:00,00h 00m 16s,16,1bf4bf05-80ec-4c8f-9421-f0e38664ac76
379429,TCF_EDU_3,MAG_FORKLIFT,TCF_EDU,ES-T.14,Topic unavailable : scan2_raw,,RESOLVED,,,2026-08-04 18:55:15 +07:00,00h 00m 02s,2,a0b45e65-528b-418a-be7c-7456a69bbdbc
379428,TCF_EDU_3,MAG_FORKLIFT,TCF_EDU,EH4-4.8,Brake Engaged,,RESOLVED,,,2026-08-04 18:55:12 +07:00,00h 00m 03s,3,dce6be7e-4832-401b-9270-5a8d5812613f
379427,TCF_EDU_3,MAG_FORKLIFT,TCF_EDU,ES4-4.5,Protective field breach,Protective field breach,RESOLVED,,,2026-08-04 18:55:08 +07:00,00h 00m 04s,4,437df1d1-311d-4c15-86a4-1e02225e6e90
379426,TCF_EDU_3,MAG_FORKLIFT,TCF_EDU,EH4-4.8,Brake Engaged,,RESOLVED,,,2026-08-04 18:54:46 +07:00,00h 00m 02s,2,60069928-8926-40c9-af10-b33323ba79b6
379425,TCF_EDU_3,MAG_FORKLIFT,TCF_EDU,ES4-4.5,Protective field breach,Protective field breach,RESOLVED,,,2026-08-04 18:54:44 +07:00,00h 00m 02s,2,c1d5fe32-4493-458f-a372-3c97611b7d43
379424,TCF_EDU_2,MAG_FORKLIFT,TCF_EDU,ES4-4.5,Protective field breach,Protective field breach,RESOLVED,,,2026-08-04 18:54:23 +07:00,00h 00m 02s,2,4dba9114-7968-4f5f-8e28-38aeef13a6be
379423,TCF_EDU_3,MAG_FORKLIFT,TCF_EDU,EH4-4.8,Brake Engaged,,RESOLVED,,,2026-08-04 18:54:16 +07:00,00h 00m 01s,1,8d78c6af-151c-4281-90e4-d6d171b0364f
379422,TCF_EDU_2,MAG_FORKLIFT,TCF_EDU,EH4-4.8,Brake Engaged,,RESOLVED,,,2026-08-04 18:54:15 +07:00,00h 00m 01s,1,a52dfa22-dfa4-4c58-9899-99acb877f776
379421,TCF_EDU_2,MAG_FORKLIFT,TCF_EDU,ES4-4.5,Protective field breach,Protective field breach,RESOLVED,,,2026-08-04 18:54:14 +07:00,00h 00m 01s,1,2ae5a349-4395-4fb5-8e07-2bb6fcf868da
379420,TCF_EDU_2,MAG_FORKLIFT,TCF_EDU,EH4-4.8,Brake Engaged,,RESOLVED,,,2026-08-04 18:54:09 +07:00,00h 00m 01s,1,49153c1c-91e2-4cdf-b02d-8970fd16555e
379419,TCF_EDU_3,MAG_FORKLIFT,TCF_EDU,ES4-4.5,Protective field breach,Protective field breach,RESOLVED,,,2026-08-04 18:54:07 +07:00,00h 00m 09s,9,55511ae5-65b6-465e-b363-d36604ee65e1
379418,TCF_EDU_2,MAG_FORKLIFT,TCF_EDU,ES4-4.5,Protective field breach,Protective field breach,RESOLVED,,,2026-08-04 18:54:05 +07:00,00h 00m 04s,4,bc76a9ba-ae4d-406d-bd15-f5a0477d7022
379417,TCF_EDU_3,MAG_FORKLIFT,TCF_EDU,ESFL1-2.12,Software has crashed : obstacle stopper,,RESOLVED,,,2026-08-04 18:54:00 +07:00,00h 00m 05s,5,48133698-d956-4ece-a45c-986a47fd3e60
379416,TCF_EDU_3,MAG_FORKLIFT,TCF_EDU,FMS1-1.1,SERVICE CALL RESPONSE,,RESOLVED,,"Service call failed with data: {'serialNumber': 'TCF_EDU_3', 'actions': [{'actionType': 'customInstantAction', 'actionId': 'e8a18864-2076-4684-a8d3-13db8dae4f22', 'actionDescription': 'service_call', 'blockingType': 'HARD', 'actionParameters': [{'key': 'service', 'value': '/TCF_EDU_3/remove_error'}, {'key': 'data', 'value': {'error_id': '24ccd9ab-2cd9-451b-9510-a816d3a343b6'}}, {'key': 'require_response', 'value': True}]}]}",2026-08-04 18:53:58 +07:00,00h 00m 00s,0,
379415,TCF_EDU_3,MAG_FORKLIFT,TCF_EDU,ESFL1-2.12,Software has crashed : obstacle stopper,,RESOLVED,,,2026-08-04 18:53:53 +07:00,00h 00m 06s,6,24ccd9ab-2cd9-451b-9510-a816d3a343b6
379414,TCF_EDU_2,MAG_FORKLIFT,TCF_EDU,ES4-4.5,Protective field breach,Protective field breach,RESOLVED,,,2026-08-04 18:53:14 +07:00,00h 00m 38s,38,b124674e-de9a-45a3-ac33-1f424fd585e2
379413,TCF_EDU_2,MAG_FORKLIFT,TCF_EDU,EH4-4.8,Brake Engaged,,RESOLVED,,,2026-08-04 18:53:13 +07:00,00h 00m 01s,1,d97db8d3-b791-4937-9f31-0c9473e64fc5
379412,TCF_EDU_2,MAG_FORKLIFT,TCF_EDU,ES4-4.5,Protective field breach,Protective field breach,RESOLVED,,,2026-08-04 18:53:10 +07:00,00h 00m 03s,3,e0bae83f-96eb-459c-8fe3-2e0a9e307beb
379411,TCF_EDU_2,MAG_FORKLIFT,TCF_EDU,FMS1-1.1,SERVICE CALL RESPONSE,,RESOLVED,,"Service call failed with data: {'serialNumber': 'TCF_EDU_2', 'actions': [{'actionType': 'customInstantAction', 'actionId': '4d212e79-a4e4-4aa4-8a28-70cf0e530dbc', 'actionDescription': 'service_call', 'blockingType': 'HARD', 'actionParameters': [{'key': 'service', 'value': '/TCF_EDU_2/remove_error'}, {'key': 'data', 'value': {'error_id': '2c5c4205-4ff2-46d6-bbf0-1aa243fdc309'}}, {'key': 'require_response', 'value': True}]}]}",2026-08-04 18:52:59 +07:00,00h 00m 00s,0,
379410,TCF_EDU_2,MAG_FORKLIFT,TCF_EDU,EH4-4.11,Steering lock detected,,RESOLVED,,,2026-08-04 18:52:54 +07:00,00h 00m 05s,5,2c5c4205-4ff2-46d6-bbf0-1aa243fdc309
379409,TCF_EDU_2,MAG_FORKLIFT,TCF_EDU,FMS1-1.1,SERVICE CALL RESPONSE,,RESOLVED,,"Service call failed with data: {'serialNumber': 'TCF_EDU_2', 'actions': [{'actionType': 'customInstantAction', 'actionId': 'c47e9267-d5e8-47b0-aacd-728984650bd9', 'actionDescription': 'service_call', 'blockingType': 'HARD', 'actionParameters': [{'key': 'service', 'value': '/TCF_EDU_2/remove_error'}, {'key': 'data', 'value': {'error_id': 'd6433fd2-af31-4711-a65a-cb3e3003e578'}}, {'key': 'require_response', 'value': True}]}]}",2026-08-04 18:52:53 +07:00,00h 00m 00s,0,
379408,TCF_EDU_2,MAG_FORKLIFT,TCF_EDU,FMS1-1.1,SERVICE CALL RESPONSE,,RESOLVED,,"Service call failed with data: {'serialNumber': 'TCF_EDU_2', 'actions': [{'actionType': 'customInstantAction', 'actionId': '099e67e7-b4aa-4436-9ded-1d842c0e4fc0', 'actionDescription': 'service_call', 'blockingType': 'HARD', 'actionParameters': [{'key': 'service', 'value': '/TCF_EDU_2/tms_retry'}, {'key': 'data', 'value': {}}, {'key': 'require_response', 'value': True}]}]}",2026-08-04 18:52:48 +07:00,00h 00m 04s,4,
379407,TCF_EDU_2,MAG_FORKLIFT,TCF_EDU,EH2-2.4,E-Stop not released properly. Press Resume button.,,RESOLVED,,,2026-08-04 18:52:43 +07:00,00h 00m 10s,10,d6433fd2-af31-4711-a65a-cb3e3003e578
379406,TCF_EDU_3,MAG_FORKLIFT,TCF_EDU,WF1-1.2,Robot is Offline,,RESOLVED,,,2026-08-04 18:52:24 +07:00,00h 01m 04s,64,
379405,TCF_EDU_2,MAG_FORKLIFT,TCF_EDU,ESFL1-2.13,Software has crashed : VDA Client,,RESOLVED,,,2026-08-04 18:52:05 +07:00,00h 00m 05s,5,e87c1713-3b90-40c4-9072-b7a51e51efd0
379404,TCF_EDU_2,MAG_FORKLIFT,TCF_EDU,EH4-4.8,Brake Engaged,,RESOLVED,,,2026-08-04 18:51:39 +07:00,00h 00m 01s,1,1426b518-16d6-483e-88e8-91bb0234583b
379403,TCF_EDU_2,MAG_FORKLIFT,TCF_EDU,ES4-4.5,Protective field breach,Protective field breach,RESOLVED,,,2026-08-04 18:51:38 +07:00,00h 00m 01s,1,caf559bb-d858-4753-8e93-24650073924e
379402,TCF_EDU_2,MAG_FORKLIFT,TCF_EDU,EH4-4.8,Brake Engaged,,RESOLVED,,,2026-08-04 18:51:31 +07:00,00h 00m 01s,1,b5457359-e167-4a8c-8590-a5d99d96481e
379401,TCF_EDU_2,MAG_FORKLIFT,TCF_EDU,ES4-4.5,Protective field breach,Protective field breach,RESOLVED,,,2026-08-04 18:51:30 +07:00,00h 00m 01s,1,c52ad3c3-475b-4f79-8a56-00a48db40cca
379400,TCF_EDU_2,MAG_FORKLIFT,TCF_EDU,FMS1-1.1,SERVICE CALL RESPONSE,,RESOLVED,,"Service call failed with data: {'serialNumber': 'TCF_EDU_2', 'actions': [{'actionType': 'customInstantAction', 'actionId': '93f27485-36fa-4523-9e6c-8a842d3b39c0', 'actionDescription': 'service_call', 'blockingType': 'HARD', 'actionParameters': [{'key': 'service', 'value': '/TCF_EDU_2/remove_error'}, {'key': 'data', 'value': {'error_id': '5536ab92-e7f3-42b7-8a25-66d1fa2c9bc7'}}, {'key': 'require_response', 'value': True}]}]}",2026-08-04 18:50:45 +07:00,00h 00m 00s,0,
379399,TCF_EDU_2,MAG_FORKLIFT,TCF_EDU,FMS1-1.1,SERVICE CALL RESPONSE,,RESOLVED,,"Service call failed with data: {'serialNumber': 'TCF_EDU_2', 'actions': [{'actionType': 'customInstantAction', 'actionId': 'a39d7b01-af7f-4651-8849-dabe084b56da', 'actionDescription': 'service_call', 'blockingType': 'HARD', 'actionParameters': [{'key': 'service', 'value': '/TCF_EDU_2/tms_retry'}, {'key': 'data', 'value': {}}, {'key': 'require_response', 'value': True}]}]}",2026-08-04 18:50:40 +07:00,00h 00m 04s,4,
379398,TCF_EDU_2,MAG_FORKLIFT,TCF_EDU,EH2-2.4,E-Stop not released properly. Press Resume button.,,RESOLVED,,,2026-08-04 18:50:35 +07:00,00h 00m 11s,11,5536ab92-e7f3-42b7-8a25-66d1fa2c9bc7
379397,TCF_EDU_2,MAG_FORKLIFT,TCF_EDU,EH4-4.11,Steering lock detected,,RESOLVED,,,2026-08-04 18:50:04 +07:00,00h 00m 18s,18,eec0f292-186a-4fa8-8e3e-8c00f096a202
379396,TCF_EDU_2,MAG_FORKLIFT,TCF_EDU,FMS1-1.1,SERVICE CALL RESPONSE,,RESOLVED,,"Service call failed with data: {'serialNumber': 'TCF_EDU_2', 'actions': [{'actionType': 'customInstantAction', 'actionId': 'afb78026-3769-4f39-9bb5-77b6f22ddecc', 'actionDescription': 'service_call', 'blockingType': 'HARD', 'actionParameters': [{'key': 'service', 'value': '/TCF_EDU_2/remove_error'}, {'key': 'data', 'value': {'error_id': 'd27e2932-882a-4a00-8bd0-aa5f51beead7'}}, {'key': 'require_response', 'value': True}]}]}",2026-08-04 18:50:02 +07:00,00h 00m 00s,0,
379395,TCF_EDU_2,MAG_FORKLIFT,TCF_EDU,EH4-4.11,Steering lock detected,,RESOLVED,,,2026-08-04 18:49:57 +07:00,00h 00m 07s,7,d27e2932-882a-4a00-8bd0-aa5f51beead7
379394,TCF_EDU_2,MAG_FORKLIFT,TCF_EDU,EH4-4.11,Steering lock detected,,RESOLVED,,,2026-08-04 18:49:35 +07:00,00h 00m 20s,20,6dffd0ee-75d4-4e93-bd92-b470a4b3b0b2
379393,TCF_EDU_2,MAG_FORKLIFT,TCF_EDU,EH2-2.4,E-Stop not released properly. Press Resume button.,,RESOLVED,,,2026-08-04 18:49:33 +07:00,00h 00m 01s,1,346beb39-407d-47ab-9a0a-fa234a599250
379392,TCF_EDU_2,MAG_FORKLIFT,TCF_EDU,FMS1-1.1,SERVICE CALL RESPONSE,,RESOLVED,,"Service call failed with data: {'serialNumber': 'TCF_EDU_2', 'actions': [{'actionType': 'customInstantAction', 'actionId': '306c82cb-62cc-439d-b736-0d3643322cb7', 'actionDescription': 'service_call', 'blockingType': 'HARD', 'actionParameters': [{'key': 'service', 'value': '/TCF_EDU_2/remove_error'}, {'key': 'data', 'value': {'error_id': '5681a673-d632-40c0-9b8f-789ad0cc7552'}}, {'key': 'require_response', 'value': True}]}]}",2026-08-04 18:49:32 +07:00,00h 00m 00s,0,
379391,TCF_EDU_2,MAG_FORKLIFT,TCF_EDU,EH4-4.11,Steering lock detected,,RESOLVED,,,2026-08-04 18:49:27 +07:00,00h 00m 06s,6,5681a673-d632-40c0-9b8f-789ad0cc7552
379390,TCF_EDU_2,MAG_FORKLIFT,TCF_EDU,FMS1-1.1,SERVICE CALL RESPONSE,,RESOLVED,,"Service call failed with data: {'serialNumber': 'TCF_EDU_2', 'actions': [{'actionType': 'customInstantAction', 'actionId': '93db00dc-c5a3-40ee-8dd1-e62a06331b0d', 'actionDescription': 'service_call', 'blockingType': 'HARD', 'actionParameters': [{'key': 'service', 'value': '/TCF_EDU_2/remove_error'}, {'key': 'data', 'value': {'error_id': '7c69deb2-597e-40c2-a232-594c6170d161'}}, {'key': 'require_response', 'value': True}]}]}",2026-08-04 18:49:26 +07:00,00h 00m 00s,0,
379389,TCF_EDU_2,MAG_FORKLIFT,TCF_EDU,FMS1-1.1,SERVICE CALL RESPONSE,,RESOLVED,,"Service call failed with data: {'serialNumber': 'TCF_EDU_2', 'actions': [{'actionType': 'customInstantAction', 'actionId': 'b8d4852b-7561-4e4f-8fb5-21f564539cce', 'actionDescription': 'service_call', 'blockingType': 'HARD', 'actionParameters': [{'key': 'service', 'value': '/TCF_EDU_2/tms_retry'}, {'key': 'data', 'value': {}}, {'key': 'require_response', 'value': True}]}]}",2026-08-04 18:49:21 +07:00,00h 00m 04s,4,
379388,TCF_EDU_2,MAG_FORKLIFT,TCF_EDU,EH2-2.4,E-Stop not released properly. Press Resume button.,,RESOLVED,,,2026-08-04 18:49:16 +07:00,00h 00m 15s,15,7c69deb2-597e-40c2-a232-594c6170d161
379387,TCF_EDU_2,MAG_FORKLIFT,TCF_EDU,EH4-4.11,Steering lock detected,,RESOLVED,,,2026-08-04 18:48:50 +07:00,00h 00m 01s,1,18e70e80-ecbd-4073-bb68-c47863a463ec
379386,TCF_EDU_2,MAG_FORKLIFT,TCF_EDU,EH2-2.4,E-Stop not released properly. Press Resume button.,,RESOLVED,,,2026-08-04 18:48:49 +07:00,00h 00m 00s,0,fbd6ef65-c063-4527-9eb6-c6f3c4b0bb3c
379385,TCF_EDU_2,MAG_FORKLIFT,TCF_EDU,FMS1-1.1,SERVICE CALL RESPONSE,,RESOLVED,,"Service call failed with data: {'serialNumber': 'TCF_EDU_2', 'actions': [{'actionType': 'customInstantAction', 'actionId': 'e8e9a7af-a121-4a39-90d8-95c594155c52', 'actionDescription': 'service_call', 'blockingType': 'HARD', 'actionParameters': [{'key': 'service', 'value': '/TCF_EDU_2/remove_error'}, {'key': 'data', 'value': {'error_id': '46d622bc-9552-466c-9bab-9f8953837b7c'}}, {'key': 'require_response', 'value': True}]}]}",2026-08-04 18:48:47 +07:00,00h 00m 00s,0,
379384,TCF_EDU_2,MAG_FORKLIFT,TCF_EDU,EH4-4.11,Steering lock detected,,RESOLVED,,,2026-08-04 18:48:42 +07:00,00h 00m 05s,5,46d622bc-9552-466c-9bab-9f8953837b7c
379383,TCF_EDU_2,MAG_FORKLIFT,TCF_EDU,FMS1-1.1,SERVICE CALL RESPONSE,,RESOLVED,,"Service call failed with data: {'serialNumber': 'TCF_EDU_2', 'actions': [{'actionType': 'customInstantAction', 'actionId': '38a227e9-ccee-436f-9b59-dfda4c26183b', 'actionDescription': 'service_call', 'blockingType': 'HARD', 'actionParameters': [{'key': 'service', 'value': '/TCF_EDU_2/remove_error'}, {'key': 'data', 'value': {'error_id': '350ca6d3-f499-4fe1-97f3-d9e96fe4d618'}}, {'key': 'require_response', 'value': True}]}]}",2026-08-04 18:48:41 +07:00,00h 00m 00s,0,
379382,TCF_EDU_2,MAG_FORKLIFT,TCF_EDU,FMS1-1.1,SERVICE CALL RESPONSE,,RESOLVED,,"Service call failed with data: {'serialNumber': 'TCF_EDU_2', 'actions': [{'actionType': 'customInstantAction', 'actionId': '89f1b30a-9f04-4db3-a06d-e1b121531462', 'actionDescription': 'service_call', 'blockingType': 'HARD', 'actionParameters': [{'key': 'service', 'value': '/TCF_EDU_2/tms_retry'}, {'key': 'data', 'value': {}}, {'key': 'require_response', 'value': True}]}]}",2026-08-04 18:48:36 +07:00,00h 00m 04s,4,
379381,TCF_EDU_2,MAG_FORKLIFT,TCF_EDU,EH2-2.4,E-Stop not released properly. Press Resume button.,,RESOLVED,,,2026-08-04 18:48:31 +07:00,00h 00m 10s,10,350ca6d3-f499-4fe1-97f3-d9e96fe4d618
379380,TCF_EDU_3,MAG_FORKLIFT,TCF_EDU,ES-T.12,Topic unavailable : robot_pose,,RESOLVED,,,2026-08-04 18:48:22 +07:00,00h 04m 02s,242,e4004be1-66a0-4477-9b7e-ccce834a7f9b
379379,TCF_EDU_3,MAG_FORKLIFT,TCF_EDU,ES5-5.5,Robot pose is not available,,RESOLVED,,,2026-08-04 18:48:21 +07:00,00h 00m 01s,1,79679bbc-771d-425d-a0c1-618b6085b62b
379378,TCF_EDU_3,MAG_FORKLIFT,TCF_EDU,ES-T.9,Topic unavailable : middle lidar,,RESOLVED,,,2026-08-04 18:48:13 +07:00,00h 00m 08s,8,cb7b0842-a8c7-4bec-97e3-6353ba5a30e5
379377,TCF_EDU_3,MAG_FORKLIFT,TCF_EDU,ES-T.8,Topic unavailable : top lidar,,RESOLVED,,,2026-08-04 18:48:12 +07:00,00h 00m 01s,1,1ab7ae01-d6d9-4ffe-9b53-88612a33c27b
379376,TCF_EDU_3,MAG_FORKLIFT,TCF_EDU,ESFL1-2.4,Software has crashed : lidar3d 1,,RESOLVED,,,2026-08-04 18:48:11 +07:00,00h 00m 01s,1,7102a14c-e119-4546-aa2a-c0075d789424
379375,TCF_EDU_3,MAG_FORKLIFT,TCF_EDU,ES-T.14,Topic unavailable : scan2_raw,,RESOLVED,,,2026-08-04 18:48:02 +07:00,00h 00m 01s,1,d501d52f-ef68-4e6d-94cc-156408868e80
379374,TCF_EDU_3,MAG_FORKLIFT,TCF_EDU,ES-T.14,Topic unavailable : scan2_raw,,RESOLVED,,,2026-08-04 18:47:59 +07:00,00h 00m 01s,1,fd7f98e3-3ef3-4930-8136-3ba8ecbed754
379373,TCF_EDU_3,MAG_FORKLIFT,TCF_EDU,ES-T.14,Topic unavailable : scan2_raw,,RESOLVED,,,2026-08-04 18:47:50 +07:00,00h 00m 01s,1,0061f5cc-5e9c-47a5-8330-63240f1f541f
379372,TCF_EDU_3,MAG_FORKLIFT,TCF_EDU,ES-T.14,Topic unavailable : scan2_raw,,RESOLVED,,,2026-08-04 18:47:48 +07:00,00h 00m 00s,0,b929deca-8c4f-47a4-8a76-063989fff1ad
379371,TCF_EDU_3,MAG_FORKLIFT,TCF_EDU,EH4-4.8,Brake Engaged,,RESOLVED,,,2026-08-04 18:47:29 +07:00,00h 00m 19s,19,9472dc93-4ea4-4e75-b29e-8343cb8f05a7
379370,TCF_EDU_3,MAG_FORKLIFT,TCF_EDU,ES4-4.5,Protective field breach,Protective field breach,RESOLVED,,,2026-08-04 18:47:28 +07:00,00h 00m 01s,1,d51ed034-cecc-4c93-b19c-dd29571d56b7
379369,TCF_EDU_2,MAG_FORKLIFT,TCF_EDU,EH4-4.8,Brake Engaged,,RESOLVED,,,2026-08-04 18:47:17 +07:00,00h 00m 01s,1,938f3b39-7e6e-412b-b0da-0a38c861dad0
379368,TCF_EDU_2,MAG_FORKLIFT,TCF_EDU,ES4-4.5,Protective field breach,Protective field breach,RESOLVED,,,2026-08-04 18:47:16 +07:00,00h 00m 01s,1,0c68e72a-93e4-456b-ba89-7c738fe7e6b7
379367,TCF_EDU_3,MAG_FORKLIFT,TCF_EDU,ES4-4.5,Protective field breach,Protective field breach,RESOLVED,,,2026-08-04 18:47:13 +07:00,00h 00m 03s,3,ed63f98d-82a8-49b0-9c97-d8d71b6ff4bc
379366,TCF_EDU_3,MAG_FORKLIFT,TCF_EDU,EHFL4-1.49,Drive Motor Fault - Main Driver Fault,"""Set: Main Contactor driver is either open or shorted. This fault can be set only when Main Enable = On.Clear: Restore/repair any external wiring or device coil to the correct state",RESOLVED,,,2026-08-04 18:47:10 +07:00,00h 00m 03s,3,fc26274b-698e-4cc8-9a34-b5935d7dcf14
379365,TCF_EDU_3,MAG_FORKLIFT,TCF_EDU,EH2-2.4,E-Stop not released properly. Press Resume button.,,RESOLVED,,,2026-08-04 18:47:09 +07:00,00h 00m 01s,1,2b7a7cfe-74e8-46b3-a5b3-21c615168a9e
379364,TCF_EDU_3,MAG_FORKLIFT,TCF_EDU,EH4-4.8,Brake Engaged,,RESOLVED,,,2026-08-04 18:47:06 +07:00,00h 00m 01s,1,88266950-4934-4b2f-91f6-8295dfa2ec4f
379363,TCF_EDU_3,MAG_FORKLIFT,TCF_EDU,ES4-4.5,Protective field breach,Protective field breach,RESOLVED,,,2026-08-04 18:47:05 +07:00,00h 00m 01s,1,207bc56f-5bd9-49c7-a974-52410a270688
379362,TCF_EDU_3,MAG_FORKLIFT,TCF_EDU,EH4-4.8,Brake Engaged,,RESOLVED,,,2026-08-04 18:46:59 +07:00,00h 00m 03s,3,f6c35667-20cd-4bea-8490-a50dfb3dd4bb
379361,TCF_EDU_3,MAG_FORKLIFT,TCF_EDU,EH2-2.4,E-Stop not released properly. Press Resume button.,,RESOLVED,,,2026-08-04 18:46:59 +07:00,00h 00m 00s,0,0c47ff5a-e848-41ff-b3a7-77eb441ca54a
379360,TCF_EDU_3,MAG_FORKLIFT,TCF_EDU,EH4-4.8,Brake Engaged,,RESOLVED,,,2026-08-04 18:46:57 +07:00,00h 00m 00s,0,53d39a91-7202-49c1-ba27-62bc8960720c
379359,TCF_EDU_3,MAG_FORKLIFT,TCF_EDU,FMS1-1.1,SERVICE CALL RESPONSE,,RESOLVED,,"Service call failed with data: {'serialNumber': 'TCF_EDU_3', 'actions': [{'actionType': 'customInstantAction', 'actionId': 'b7ad9997-2557-4dbb-b085-bcf9aa6a418f', 'actionDescription': 'service_call', 'blockingType': 'HARD', 'actionParameters': [{'key': 'service', 'value': '/TCF_EDU_3/remove_error'}, {'key': 'data', 'value': {'error_id': 'f5d67669-ff19-4829-a2f6-9609dea29cec'}}, {'key': 'require_response', 'value': True}]}]}",2026-08-04 18:46:57 +07:00,00h 00m 00s,0,
379358,TCF_EDU_3,MAG_FORKLIFT,TCF_EDU,FMS1-1.1,SERVICE CALL RESPONSE,,RESOLVED,,"Service call failed with data: {'serialNumber': 'TCF_EDU_3', 'actions': [{'actionType': 'customInstantAction', 'actionId': 'c6241915-663e-419f-93f7-ee3d165e6dde', 'actionDescription': 'service_call', 'blockingType': 'HARD', 'actionParameters': [{'key': 'service', 'value': '/TCF_EDU_3/tms_retry'}, {'key': 'data', 'value': {}}, {'key': 'require_response', 'value': True}]}]}",2026-08-04 18:46:52 +07:00,00h 00m 04s,4,
379357,TCF_EDU_3,MAG_FORKLIFT,TCF_EDU,EH2-2.4,E-Stop not released properly. Press Resume button.,,RESOLVED,,,2026-08-04 18:46:47 +07:00,00h 00m 10s,10,f5d67669-ff19-4829-a2f6-9609dea29cec
379356,TCF_EDU_3,MAG_FORKLIFT,TCF_EDU,EHFL4-1.57,Drive Motor Fault - Main Contactor Did Not Close,"""Set: With the main contactor commanded closed",RESOLVED,,,2026-08-04 18:46:37 +07:00,00h 00m 06s,6,6a6e9013-5b82-4c1a-a495-69f320a6ac11
379355,TCF_EDU_3,MAG_FORKLIFT,TCF_EDU,EH4-4.8,Brake Engaged,,RESOLVED,,,2026-08-04 18:46:36 +07:00,00h 00m 01s,1,36751e0f-db43-4023-8ed4-99b6269cb8fa
379354,TCF_EDU_1,MAG_FORKLIFT,TCF_EDU,ESFL1-2.2,Software has crashed : lidar2,,RESOLVED,,,2026-08-04 18:44:11 +07:00,00h 16m 25s,985,d0e0e72d-0741-4258-8d3d-82d2592683cd
379352,TCF_EDU_2,MAG_FORKLIFT,TCF_EDU,EH4-4.8,Brake Engaged,,RESOLVED,,,2026-08-04 18:43:52 +07:00,00h 00m 05s,5,581bebf1-4518-4aa8-b3a6-e6156238fbcd
379351,TCF_EDU_2,MAG_FORKLIFT,TCF_EDU,EH2-2.4,E-Stop not released properly. Press Resume button.,,RESOLVED,,,2026-08-04 18:43:51 +07:00,00h 00m 01s,1,f41e63cb-45ca-4f93-96d7-42201afa6794
379350,TCF_EDU_2,MAG_FORKLIFT,TCF_EDU,EHFL4-1.49,Drive Motor Fault - Main Driver Fault,"""Set: Main Contactor driver is either open or shorted. This fault can be set only when Main Enable = On.Clear: Restore/repair any external wiring or device coil to the correct state",RESOLVED,,,2026-08-04 18:43:45 +07:00,00h 00m 03s,3,5f805a7b-3fbc-4c40-bf79-0efc5cca3118
379349,TCF_EDU_2,MAG_FORKLIFT,TCF_EDU,EH2-2.4,E-Stop not released properly. Press Resume button.,,RESOLVED,,,2026-08-04 18:43:45 +07:00,00h 00m 00s,0,a8f48430-59f1-40da-96e5-8d3e5ca80eb9
379348,TCF_EDU_2,MAG_FORKLIFT,TCF_EDU,FMS1-1.1,SERVICE CALL RESPONSE,,RESOLVED,,"Service call failed with data: {'serialNumber': 'TCF_EDU_2', 'actions': [{'actionType': 'customInstantAction', 'actionId': '87112c0d-801f-43dc-8801-41866175b909', 'actionDescription': 'service_call', 'blockingType': 'HARD', 'actionParameters': [{'key': 'service', 'value': '/TCF_EDU_2/remove_error'}, {'key': 'data', 'value': {'error_id': 'cf2fd504-e8f0-43f4-9fc1-6378806f09cb'}}, {'key': 'require_response', 'value': True}]}]}",2026-08-04 18:43:43 +07:00,00h 00m 00s,0,
379347,TCF_EDU_2,MAG_FORKLIFT,TCF_EDU,EHFL4-1.49,Drive Motor Fault - Main Driver Fault,"""Set: Main Contactor driver is either open or shorted. This fault can be set only when Main Enable = On.Clear: Restore/repair any external wiring or device coil to the correct state",RESOLVED,,,2026-08-04 18:43:43 +07:00,00h 00m 00s,0,6958fc23-6584-41ad-ad1d-db99e5257371
379346,TCF_EDU_2,MAG_FORKLIFT,TCF_EDU,FMS1-1.1,SERVICE CALL RESPONSE,,RESOLVED,,"Service call failed with data: {'serialNumber': 'TCF_EDU_2', 'actions': [{'actionType': 'customInstantAction', 'actionId': '170b35e7-9a1d-445a-b93c-453157191ed1', 'actionDescription': 'service_call', 'blockingType': 'HARD', 'actionParameters': [{'key': 'service', 'value': '/TCF_EDU_2/tms_retry'}, {'key': 'data', 'value': {}}, {'key': 'require_response', 'value': True}]}]}",2026-08-04 18:43:38 +07:00,00h 00m 04s,4,
379345,TCF_EDU_2,MAG_FORKLIFT,TCF_EDU,EH2-2.4,E-Stop not released properly. Press Resume button.,,RESOLVED,,,2026-08-04 18:43:33 +07:00,00h 00m 10s,10,cf2fd504-e8f0-43f4-9fc1-6378806f09cb
379344,TCF_EDU_2,MAG_FORKLIFT,TCF_EDU,EHFL4-1.49,Drive Motor Fault - Main Driver Fault,"""Set: Main Contactor driver is either open or shorted. This fault can be set only when Main Enable = On.Clear: Restore/repair any external wiring or device coil to the correct state",RESOLVED,,,2026-08-04 18:42:23 +07:00,00h 00m 04s,4,0b21e7d8-edaa-4578-bef9-00bad32d5608
379343,TCF_EDU_2,MAG_FORKLIFT,TCF_EDU,EH2-2.4,E-Stop not released properly. Press Resume button.,,RESOLVED,,,2026-08-04 18:42:22 +07:00,00h 00m 01s,1,1dd1023a-b63d-4f21-a50d-449163905903
379342,TCF_EDU_2,MAG_FORKLIFT,TCF_EDU,EH2-2.4,E-Stop not released properly. Press Resume button.,,RESOLVED,,,2026-08-04 18:42:12 +07:00,00h 00m 05s,5,9a5bb25f-8d7a-4d8c-9e5b-6a5bc0d23b26
379341,TCF_EDU_2,MAG_FORKLIFT,TCF_EDU,EH2-2.4,E-Stop not released properly. Press Resume button.,,RESOLVED,,,2026-08-04 18:42:02 +07:00,00h 00m 05s,5,7299c2ba-37cb-4b1b-8a1f-63a67fc4cccf
379340,TCF_EDU_2,MAG_FORKLIFT,TCF_EDU,EHFL4-1.49,Drive Motor Fault - Main Driver Fault,"""Set: Main Contactor driver is either open or shorted. This fault can be set only when Main Enable = On.Clear: Restore/repair any external wiring or device coil to the correct state",RESOLVED,,,2026-08-04 18:41:54 +07:00,00h 00m 03s,3,640fbbab-d52d-4676-af9c-11cf48dd0be2
379339,TCF_EDU_2,MAG_FORKLIFT,TCF_EDU,EHFL4-1.49,Drive Motor Fault - Main Driver Fault,"""Set: Main Contactor driver is either open or shorted. This fault can be set only when Main Enable = On.Clear: Restore/repair any external wiring or device coil to the correct state",RESOLVED,,,2026-08-04 18:41:52 +07:00,00h 00m 00s,0,56883cd9-451b-4284-9818-038f73bc5cbe
379338,TCF_EDU_2,MAG_FORKLIFT,TCF_EDU,EH2-2.4,E-Stop not released properly. Press Resume button.,,RESOLVED,,,2026-08-04 18:41:52 +07:00,00h 00m 00s,0,0f353de8-0751-4f5a-af9a-4f312eadeba1
379337,TCF_EDU_3,MAG_FORKLIFT,TCF_EDU,EH4-4.8,Brake Engaged,,RESOLVED,,,2026-08-04 18:41:51 +07:00,00h 03m 17s,197,04754235-dd54-4c39-a77d-f8d9830afd76
379336,TCF_EDU_2,MAG_FORKLIFT,TCF_EDU,FMS1-1.1,SERVICE CALL RESPONSE,,RESOLVED,,"Service call failed with data: {'serialNumber': 'TCF_EDU_2', 'actions': [{'actionType': 'customInstantAction', 'actionId': '92bfc82d-3914-4ad1-9692-51202203fc73', 'actionDescription': 'service_call', 'blockingType': 'HARD', 'actionParameters': [{'key': 'service', 'value': '/TCF_EDU_2/remove_error'}, {'key': 'data', 'value': {'error_id': 'f64649fc-febc-4df4-a685-d275626e84bb'}}, {'key': 'require_response', 'value': True}]}]}",2026-08-04 18:41:50 +07:00,00h 00m 00s,0,
379335,TCF_EDU_2,MAG_FORKLIFT,TCF_EDU,EH4-4.11,Steering lock detected,,RESOLVED,,,2026-08-04 18:41:45 +07:00,00h 00m 05s,5,f64649fc-febc-4df4-a685-d275626e84bb
379334,TCF_EDU_2,MAG_FORKLIFT,TCF_EDU,EHFL4-1.49,Drive Motor Fault - Main Driver Fault,"""Set: Main Contactor driver is either open or shorted. This fault can be set only when Main Enable = On.Clear: Restore/repair any external wiring or device coil to the correct state",RESOLVED,,,2026-08-04 18:41:45 +07:00,00h 00m 05s,5,9e3ce0b0-7f22-493d-be6b-4684fc46330d
379333,TCF_EDU_2,MAG_FORKLIFT,TCF_EDU,FMS1-1.1,SERVICE CALL RESPONSE,,RESOLVED,,"Service call failed with data: {'serialNumber': 'TCF_EDU_2', 'actions': [{'actionType': 'customInstantAction', 'actionId': 'e52c1a7b-bb2d-4dc2-b7af-f1abf0580aac', 'actionDescription': 'service_call', 'blockingType': 'HARD', 'actionParameters': [{'key': 'service', 'value': '/TCF_EDU_2/remove_error'}, {'key': 'data', 'value': {'error_id': '12ca26f0-a2af-472c-a912-effbd13317b4'}}, {'key': 'require_response', 'value': True}]}]}",2026-08-04 18:41:44 +07:00,00h 00m 00s,0,
379332,TCF_EDU_2,MAG_FORKLIFT,TCF_EDU,EH4-4.8,Brake Engaged,,RESOLVED,,,2026-08-04 18:41:44 +07:00,00h 00m 00s,0,c24781c7-874a-4a97-bbdb-3008ab43b0c9
379331,TCF_EDU_2,MAG_FORKLIFT,TCF_EDU,FMS1-1.1,SERVICE CALL RESPONSE,,RESOLVED,,"Service call failed with data: {'serialNumber': 'TCF_EDU_2', 'actions': [{'actionType': 'customInstantAction', 'actionId': '91810970-12df-4a7a-8466-e1b4bebcc8c5', 'actionDescription': 'service_call', 'blockingType': 'HARD', 'actionParameters': [{'key': 'service', 'value': '/TCF_EDU_2/tms_retry'}, {'key': 'data', 'value': {}}, {'key': 'require_response', 'value': True}]}]}",2026-08-04 18:41:39 +07:00,00h 00m 04s,4,
379330,TCF_EDU_2,MAG_FORKLIFT,TCF_EDU,EH2-2.4,E-Stop not released properly. Press Resume button.,,RESOLVED,,,2026-08-04 18:41:34 +07:00,00h 00m 10s,10,12ca26f0-a2af-472c-a912-effbd13317b4
379329,TCF_EDU_3,MAG_FORKLIFT,TCF_EDU,EH1-1.15,Unable to talk to motor driver,,RESOLVED,,,2026-08-04 18:41:29 +07:00,00h 00m 22s,22,2610fbb3-4201-43fa-8055-8165728d3768
379328,TCF_EDU_3,MAG_FORKLIFT,TCF_EDU,ES-T.0,Topic unavailable : PLC_feedback,,RESOLVED,,,2026-08-04 18:41:13 +07:00,00h 00m 16s,16,68055834-471a-496e-a33d-49fe7fbf5f07
379327,TCF_EDU_2,MAG_FORKLIFT,TCF_EDU,EH4-4.8,Brake Engaged,,RESOLVED,,,2026-08-04 18:39:11 +07:00,00h 00m 00s,0,221e9201-cfc2-4fdc-a089-b945614bd464
379326,TCF_EDU_2,MAG_FORKLIFT,TCF_EDU,ES4-4.5,Protective field breach,Protective field breach,RESOLVED,,,2026-08-04 18:39:10 +07:00,00h 00m 01s,1,a6e94692-30c1-4bf5-99bf-47be1db6e059
379325,TCF_EDU_2,MAG_FORKLIFT,TCF_EDU,EH4-4.8,Brake Engaged,,RESOLVED,,,2026-08-04 18:37:07 +07:00,00h 00m 04s,4,28bb8389-f9cc-4696-9fd6-d299f44b335a
379324,TCF_EDU_2,MAG_FORKLIFT,TCF_EDU,ES4-4.5,Protective field breach,Protective field breach,RESOLVED,,,2026-08-04 18:37:06 +07:00,00h 00m 01s,1,94919cd5-1027-4146-939a-0e562552987c
379323,TCF_EDU_2,MAG_FORKLIFT,TCF_EDU,ES5-5.1,AMR not on path,,RESOLVED,,,2026-08-04 18:37:00 +07:00,00h 00m 06s,6,5739b24e-2269-42c0-8025-47450d97fbda
379322,TCF_EDU_2,MAG_FORKLIFT,TCF_EDU,EH6-6.1,Low Localization Score,Please try to set the correct pose of robot,RESOLVED,,,2026-08-04 18:36:03 +07:00,00h 00m 00s,0,e489f2f8-3706-49e1-8cb7-6093ab00784c
379321,TCF_EDU_2,MAG_FORKLIFT,TCF_EDU,EH6-6.1,Low Localization Score,Please try to set the correct pose of robot,RESOLVED,,,2026-08-04 18:35:32 +07:00,00h 00m 01s,1,c0f10d1d-372f-4d2e-9835-9cf1712720be
379320,TCF_EDU_3,MAG_FORKLIFT,TCF_EDU,EH2-2.10,Rear bumper is triggered,,RESOLVED,,,2026-08-04 18:35:07 +07:00,00h 06m 06s,366,7174a963-adb5-4f4c-9edf-52c32005ae3a
379319,TCF_EDU_2,MAG_FORKLIFT,TCF_EDU,EH6-6.1,Low Localization Score,Please try to set the correct pose of robot,RESOLVED,,,2026-08-04 18:34:35 +07:00,00h 00m 01s,1,0445c937-97df-4aaa-a4ca-2884a5f24f35
379318,TCF_EDU_2,MAG_FORKLIFT,TCF_EDU,ESFL1-2.13,Software has crashed : VDA Client,,RESOLVED,,,2026-08-04 18:34:31 +07:00,00h 00m 01s,1,5c04725d-67c5-4131-96d5-962d9f71d560
379317,TCF_EDU_2,MAG_FORKLIFT,TCF_EDU,EH6-6.1,Low Localization Score,Please try to set the correct pose of robot,RESOLVED,,,2026-08-04 18:34:24 +07:00,00h 00m 06s,6,7701782f-ca6f-4d2c-9272-6f35e1f79040
379316,TCF_EDU_3,MAG_FORKLIFT,TCF_EDU,EH2-2.10,Rear bumper is triggered,,RESOLVED,,,2026-08-04 18:34:13 +07:00,00h 00m 54s,54,762ccc7f-9151-4b03-8120-f803ae0345e2
379314,TCF_EDU_3,MAG_FORKLIFT,TCF_EDU,EH4-4.8,Brake Engaged,,RESOLVED,,,2026-08-04 18:34:12 +07:00,00h 00m 01s,1,3930007d-e3d5-4364-a66d-6a1f1d84b85d
379313,TCF_EDU_3,MAG_FORKLIFT,TCF_EDU,ES4-4.5,Protective field breach,Protective field breach,RESOLVED,,,2026-08-04 18:34:10 +07:00,00h 00m 02s,2,a35626a1-dfee-46fd-a8ba-fc33fe763a70
379312,TCF_EDU_3,MAG_FORKLIFT,TCF_EDU,EH4-4.8,Brake Engaged,,RESOLVED,,,2026-08-04 18:34:09 +07:00,00h 00m 01s,1,5208a925-6c1f-49e1-bb64-bb542431d517
379311,TCF_EDU_3,MAG_FORKLIFT,TCF_EDU,ES4-4.5,Protective field breach,Protective field breach,RESOLVED,,,2026-08-04 18:34:07 +07:00,00h 00m 02s,2,9255cb06-a5d8-4b51-8e84-cdf67ab5b972
379310,TCF_EDU_3,MAG_FORKLIFT,TCF_EDU,EH2-2.10,Rear bumper is triggered,,RESOLVED,,,2026-08-04 18:34:02 +07:00,00h 00m 05s,5,762ccc7f-9151-4b03-8120-f803ae0345e2
379308,TCF_EDU_3,MAG_FORKLIFT,TCF_EDU,EH4-4.8,Brake Engaged,,RESOLVED,,,2026-08-04 18:34:01 +07:00,00h 00m 01s,1,aa311821-ee8f-4a3e-a0b4-a5b12c97323a
379307,TCF_EDU_3,MAG_FORKLIFT,TCF_EDU,ES4-4.5,Protective field breach,Protective field breach,RESOLVED,,,2026-08-04 18:33:58 +07:00,00h 00m 03s,3,1970cced-3b50-4e54-861a-093c80c129ab
379306,TCF_EDU_3,MAG_FORKLIFT,TCF_EDU,EH2-2.10,Rear bumper is triggered,,RESOLVED,,,2026-08-04 18:33:05 +07:00,00h 00m 53s,53,762ccc7f-9151-4b03-8120-f803ae0345e2
379304,TCF_EDU_3,MAG_FORKLIFT,TCF_EDU,EH4-4.8,Brake Engaged,,RESOLVED,,,2026-08-04 18:33:04 +07:00,00h 00m 01s,1,6bc01861-ef87-419c-8fbf-ffe47b50b8b9
379303,TCF_EDU_1,MAG_FORKLIFT,TCF_EDU,ES-T.12,Topic unavailable : robot_pose,,RESOLVED,,,2026-08-04 18:32:59 +07:00,00h 11m 12s,672,0526c45d-3b17-4b0c-85c4-6508c4cbb01d
379302,TCF_EDU_3,MAG_FORKLIFT,TCF_EDU,ES4-4.5,Protective field breach,Protective field breach,RESOLVED,,,2026-08-04 18:32:46 +07:00,00h 00m 18s,18,e788d0a2-c588-43b5-9da6-132693aed0ca
379301,TCF_EDU_3,MAG_FORKLIFT,TCF_EDU,EH2-2.10,Rear bumper is triggered,,RESOLVED,,,2026-08-04 18:32:45 +07:00,00h 00m 01s,1,762ccc7f-9151-4b03-8120-f803ae0345e2
379299,TCF_EDU_1,MAG_FORKLIFT,TCF_EDU,ESFL1-2.2,Software has crashed : lidar2,,RESOLVED,,,2026-08-04 18:32:36 +07:00,00h 00m 22s,22,d0e0e72d-0741-4258-8d3d-82d2592683cd
379297,TCF_EDU_3,MAG_FORKLIFT,TCF_EDU,EH4-4.8,Brake Engaged,,RESOLVED,,,2026-08-04 18:32:12 +07:00,00h 00m 33s,33,104ffb57-7697-4257-9059-6315384895c1
379296,TCF_EDU_3,MAG_FORKLIFT,TCF_EDU,ES4-4.5,Protective field breach,Protective field breach,RESOLVED,,,2026-08-04 18:32:09 +07:00,00h 00m 03s,3,b7dc4e40-df3b-4abe-a677-2a7c34765423
379295,TCF_EDU_3,MAG_FORKLIFT,TCF_EDU,EH2-2.10,Rear bumper is triggered,,RESOLVED,,,2026-08-04 18:31:44 +07:00,00h 00m 25s,25,762ccc7f-9151-4b03-8120-f803ae0345e2
379293,TCF_EDU_3,MAG_FORKLIFT,TCF_EDU,EH4-4.8,Brake Engaged,,RESOLVED,,,2026-08-04 18:31:43 +07:00,00h 00m 01s,1,bb3b2261-c784-4050-8069-b1908d3f964b
379292,TCF_EDU_2,MAG_FORKLIFT,TCF_EDU,EHFL4-1.23,Drive Motor Fault - Severe KSI Undervoltage,Set: The KSI voltage dropped into the Brownout Voltage regions.Clear: Bring KSI voltage above Brownout Voltage.,RESOLVED,,,2026-08-04 18:30:57 +07:00,00h 00m 05s,5,2eaa3673-a816-4b23-9db1-fece5ae07777
379291,TCF_EDU_2,MAG_FORKLIFT,TCF_EDU,EH4-4.8,Brake Engaged,,RESOLVED,,,2026-08-04 18:30:56 +07:00,00h 00m 01s,1,390021a9-262d-45e2-9c6f-39e9566f84e4
379290,TCF_EDU_3,MAG_FORKLIFT,TCF_EDU,ES4-4.5,Protective field breach,Protective field breach,RESOLVED,,,2026-08-04 18:30:08 +07:00,00h 01m 35s,95,530edc5a-9d05-492f-8e03-c9d16bfd2043
379289,TCF_EDU_3,MAG_FORKLIFT,TCF_EDU,EH2-2.10,Rear bumper is triggered,,RESOLVED,,,2026-08-04 18:29:57 +07:00,00h 00m 11s,11,762ccc7f-9151-4b03-8120-f803ae0345e2
379287,TCF_EDU_3,MAG_FORKLIFT,TCF_EDU,EH4-4.8,Brake Engaged,,RESOLVED,,,2026-08-04 18:29:56 +07:00,00h 00m 01s,1,03622b24-2dd1-4ad3-9e7a-bab1eb8f3667
379286,TCF_EDU_3,MAG_FORKLIFT,TCF_EDU,ES4-4.5,Protective field breach,Protective field breach,RESOLVED,,,2026-08-04 18:29:54 +07:00,00h 00m 02s,2,17cfe3c6-0b4f-4793-bd13-a209300f153f
379285,TCF_EDU_3,MAG_FORKLIFT,TCF_EDU,EH2-2.10,Rear bumper is triggered,,RESOLVED,,,2026-08-04 18:29:53 +07:00,00h 00m 00s,0,762ccc7f-9151-4b03-8120-f803ae0345e2
379283,TCF_EDU_3,MAG_FORKLIFT,TCF_EDU,ES4-4.5,Protective field breach,Protective field breach,RESOLVED,,,2026-08-04 18:29:52 +07:00,00h 00m 01s,1,649a1477-323e-479f-a47e-8f8713f0a884
379282,TCF_EDU_3,MAG_FORKLIFT,TCF_EDU,EH2-2.10,Rear bumper is triggered,,RESOLVED,,,2026-08-04 18:29:50 +07:00,00h 00m 02s,2,762ccc7f-9151-4b03-8120-f803ae0345e2
379280,TCF_EDU_3,MAG_FORKLIFT,TCF_EDU,EH4-4.8,Brake Engaged,,RESOLVED,,,2026-08-04 18:29:49 +07:00,00h 00m 01s,1,1309a6ca-8580-4f73-b989-63052f130d7a
379279,TCF_EDU_3,MAG_FORKLIFT,TCF_EDU,ES4-4.5,Protective field breach,Protective field breach,RESOLVED,,,2026-08-04 18:29:48 +07:00,00h 00m 01s,1,82384e1a-4f10-4970-b5a4-b756e552b9e3
379278,TCF_EDU_3,MAG_FORKLIFT,TCF_EDU,EH4-4.8,Brake Engaged,,RESOLVED,,,2026-08-04 18:29:47 +07:00,00h 00m 01s,1,bc5f93ac-e3fa-4b42-b64f-51fba496c8a7
379277,TCF_EDU_3,MAG_FORKLIFT,TCF_EDU,ES4-4.5,Protective field breach,Protective field breach,RESOLVED,,,2026-08-04 18:29:37 +07:00,00h 00m 10s,10,ff0d10e5-2fff-41d9-9aa3-f0c5a7cb48b3
379276,TCF_EDU_3,MAG_FORKLIFT,TCF_EDU,EH2-2.10,Rear bumper is triggered,,RESOLVED,,,2026-08-04 18:29:36 +07:00,00h 00m 01s,1,762ccc7f-9151-4b03-8120-f803ae0345e2
379274,TCF_EDU_3,MAG_FORKLIFT,TCF_EDU,EH4-4.8,Brake Engaged,,RESOLVED,,,2026-08-04 18:29:35 +07:00,00h 00m 01s,1,4d19b140-5a03-4e44-b23f-7859f09d68fb
379273,TCF_EDU_3,MAG_FORKLIFT,TCF_EDU,ES4-4.5,Protective field breach,Protective field breach,RESOLVED,,,2026-08-04 18:29:34 +07:00,00h 00m 01s,1,30b4be21-5ef4-4e1b-a20f-a3fb70adaf6c
379272,TCF_EDU_3,MAG_FORKLIFT,TCF_EDU,EH2-2.10,Rear bumper is triggered,,RESOLVED,,,2026-08-04 18:29:29 +07:00,00h 00m 05s,5,762ccc7f-9151-4b03-8120-f803ae0345e2
379270,TCF_EDU_2,MAG_FORKLIFT,TCF_EDU,EH4-4.8,Brake Engaged,,RESOLVED,,,2026-08-04 18:29:17 +07:00,00h 00m 59s,59,36f9e52c-c006-46ed-ae7f-2867b086b255
379269,TCF_EDU_2,MAG_FORKLIFT,TCF_EDU,ES4-4.5,Protective field breach,Protective field breach,RESOLVED,,,2026-08-04 18:29:16 +07:00,00h 00m 01s,1,ed6d164f-f1ac-4e7e-a8da-0c03591717e5
379268,TCF_EDU_2,MAG_FORKLIFT,TCF_EDU,EH4-4.8,Brake Engaged,,RESOLVED,,,2026-08-04 18:29:09 +07:00,00h 00m 01s,1,63516202-54cc-4d99-b555-957270879b19
379267,TCF_EDU_3,MAG_FORKLIFT,TCF_EDU,ES4-4.5,Protective field breach,Protective field breach,RESOLVED,,,2026-08-04 18:29:08 +07:00,00h 00m 21s,21,1c5daaf4-ec78-4c40-b2fe-0117b6d45e96
379266,TCF_EDU_2,MAG_FORKLIFT,TCF_EDU,EH6-6.1,Low Localization Score,Please try to set the correct pose of robot,RESOLVED,,,2026-08-04 18:29:02 +07:00,00h 00m 02s,2,617f8911-c3c4-410e-bae5-1989ae5c322d
379265,TCF_EDU_2,MAG_FORKLIFT,TCF_EDU,EH6-6.1,Low Localization Score,Please try to set the correct pose of robot,RESOLVED,,,2026-08-04 18:29:00 +07:00,00h 00m 01s,1,07a7403a-feb9-43e8-99d1-f84221f01d02
379264,TCF_EDU_3,MAG_FORKLIFT,TCF_EDU,EH2-2.10,Rear bumper is triggered,,RESOLVED,,,2026-08-04 18:29:00 +07:00,00h 00m 08s,8,762ccc7f-9151-4b03-8120-f803ae0345e2
379263,TCF_EDU_2,MAG_FORKLIFT,TCF_EDU,EH6-6.1,Low Localization Score,Please try to set the correct pose of robot,RESOLVED,,,2026-08-04 18:28:55 +07:00,00h 00m 02s,2,47fd88a4-49b3-4f39-9f12-ed7f37df8e11
379262,TCF_EDU_2,MAG_FORKLIFT,TCF_EDU,EH4-4.8,Brake Engaged,,RESOLVED,,,2026-08-04 18:28:53 +07:00,00h 00m 02s,2,ad43d905-06f5-47cd-ba51-63272f35d933
379261,TCF_EDU_2,MAG_FORKLIFT,TCF_EDU,ES4-4.5,Protective field breach,Protective field breach,RESOLVED,,,2026-08-04 18:28:49 +07:00,00h 00m 04s,4,f470b9b1-3438-4b7a-a9c2-ed3ee01c5df4
379260,TCF_EDU_2,MAG_FORKLIFT,TCF_EDU,EH6-6.1,Low Localization Score,Please try to set the correct pose of robot,RESOLVED,,,2026-08-04 18:28:48 +07:00,00h 00m 01s,1,72187012-1405-42e6-80e7-2ebeddd238cd
379259,TCF_EDU_2,MAG_FORKLIFT,TCF_EDU,EH6-6.1,Low Localization Score,Please try to set the correct pose of robot,RESOLVED,,,2026-08-04 18:28:45 +07:00,00h 00m 00s,0,f3a8382d-9f2f-4430-b36f-f95c510b98a6
379258,TCF_EDU_2,MAG_FORKLIFT,TCF_EDU,EH6-6.1,Low Localization Score,Please try to set the correct pose of robot,RESOLVED,,,2026-08-04 18:28:42 +07:00,00h 00m 01s,1,6e231dbb-7c0b-4d3d-8b90-92274ae3fae2
379257,TCF_EDU_2,MAG_FORKLIFT,TCF_EDU,EH6-6.1,Low Localization Score,Please try to set the correct pose of robot,RESOLVED,,,2026-08-04 18:28:38 +07:00,00h 00m 01s,1,ede82e09-c99b-4600-ac00-85fc4b50aa7e
379256,TCF_EDU_3,MAG_FORKLIFT,TCF_EDU,EH2-2.10,Rear bumper is triggered,,RESOLVED,,,2026-08-04 18:28:38 +07:00,00h 00m 21s,21,80400e41-56d1-477c-b5a2-6904d8095703
379254,TCF_EDU_2,MAG_FORKLIFT,TCF_EDU,ES4-4.5,Protective field breach,Protective field breach,RESOLVED,,,2026-08-04 18:28:37 +07:00,00h 00m 01s,1,10c11fa1-5d00-4e17-ba12-cfcf9cbfc2e6
379253,TCF_EDU_2,MAG_FORKLIFT,TCF_EDU,EH6-6.1,Low Localization Score,Please try to set the correct pose of robot,RESOLVED,,,2026-08-04 18:28:34 +07:00,00h 00m 01s,1,7d7400d7-b1e9-4614-9868-ae22dd4397c9
379252,TCF_EDU_2,MAG_FORKLIFT,TCF_EDU,EH6-6.1,Low Localization Score,Please try to set the correct pose of robot,RESOLVED,,,2026-08-04 18:28:31 +07:00,00h 00m 00s,0,b3161ba5-af9b-4ac0-94ee-6be7999a31ea
379251,TCF_EDU_2,MAG_FORKLIFT,TCF_EDU,EH6-6.1,Low Localization Score,Please try to set the correct pose of robot,RESOLVED,,,2026-08-04 18:28:28 +07:00,00h 00m 01s,1,b93f916c-b74e-44bc-a2aa-2ea03d45fddd
379250,TCF_EDU_2,MAG_FORKLIFT,TCF_EDU,EH6-6.1,Low Localization Score,Please try to set the correct pose of robot,RESOLVED,,,2026-08-04 18:28:23 +07:00,00h 00m 01s,1,3f51b1b0-8b4b-48e1-936e-eaef0da7385c
379249,TCF_EDU_2,MAG_FORKLIFT,TCF_EDU,EH6-6.1,Low Localization Score,Please try to set the correct pose of robot,RESOLVED,,,2026-08-04 18:28:21 +07:00,00h 00m 01s,1,17adb768-99d0-4c0f-91e5-bbe177dd5c52
379248,TCF_EDU_2,MAG_FORKLIFT,TCF_EDU,EH6-6.1,Low Localization Score,Please try to set the correct pose of robot,RESOLVED,,,2026-08-04 18:28:18 +07:00,00h 00m 02s,2,01caa985-4e98-405c-b3b5-70d58cd6b724
379247,TCF_EDU_4,MAG_FORKLIFT,TCF_EDU,EH6-6.1,Low Localization Score,Please try to set the correct pose of robot,RESOLVED,,,2026-08-04 18:28:17 +07:00,00h 00m 01s,1,86ca87da-9bc4-4438-9af5-b4db024d8ec3
379246,TCF_EDU_3,MAG_FORKLIFT,TCF_EDU,ES4-4.5,Protective field breach,Protective field breach,RESOLVED,,,2026-08-04 18:28:17 +07:00,00h 00m 21s,21,190d8892-b0b6-4ce2-adf7-accd531b87ad
379245,TCF_EDU_4,MAG_FORKLIFT,TCF_EDU,EH6-6.1,Low Localization Score,Please try to set the correct pose of robot,RESOLVED,,,2026-08-04 18:28:15 +07:00,00h 00m 00s,0,956f6b3d-51b4-4612-8cea-8f1dfeecce6a
379244,TCF_EDU_2,MAG_FORKLIFT,TCF_EDU,EH6-6.1,Low Localization Score,Please try to set the correct pose of robot,RESOLVED,,,2026-08-04 18:28:14 +07:00,00h 00m 01s,1,1145ba83-057f-43c5-b692-c044cc221780
379243,TCF_EDU_2,MAG_FORKLIFT,TCF_EDU,ES6-6.27,Start Pose Sanity Check Failure,,RESOLVED,,,2026-08-04 18:28:12 +07:00,00h 00m 01s,1,4ccd27e9-87d3-4cb4-b334-33221bc16ce3
379242,TCF_EDU_2,MAG_FORKLIFT,TCF_EDU,EH6-6.1,Low Localization Score,Please try to set the correct pose of robot,RESOLVED,,,2026-08-04 18:28:10 +07:00,00h 00m 01s,1,6fbb2ac0-131b-48fc-a80e-e5e245c07cf7
379241,TCF_EDU_4,MAG_FORKLIFT,TCF_EDU,EH6-6.1,Low Localization Score,Please try to set the correct pose of robot,RESOLVED,,,2026-08-04 18:27:11 +07:00,00h 00m 57s,57,e125687c-e60f-485d-95b1-443e42e1b38d
379240,TCF_EDU_4,MAG_FORKLIFT,TCF_EDU,EH8-8.2,Fork HW Timeout,,RESOLVED,,,2026-08-04 18:26:44 +07:00,00h 00m 26s,26,49cf9c68-d4af-4b49-9224-105689c525ba
379239,TCF_EDU_4,MAG_FORKLIFT,TCF_EDU,ESFL1-2.12,Software has crashed : obstacle stopper,,RESOLVED,,,2026-08-04 18:26:38 +07:00,00h 00m 05s,5,5a4bb9a3-de19-4a63-b5df-7337f78fdde3
379238,TCF_EDU_2,MAG_FORKLIFT,TCF_EDU,ES6-6.24,Incorrect Cloud Processing Params,,RESOLVED,,,2026-08-04 18:26:38 +07:00,00h 01m 32s,92,9d411be0-4b58-412d-8dce-7fec9b2ac493
379237,TCF_EDU_4,MAG_FORKLIFT,TCF_EDU,FMS1-1.1,SERVICE CALL RESPONSE,,RESOLVED,,"Service call failed with data: {'serialNumber': 'TCF_EDU_4', 'actions': [{'actionType': 'customInstantAction', 'actionId': '15fdc855-fb91-41c9-95c4-912295caec59', 'actionDescription': 'service_call', 'blockingType': 'HARD', 'actionParameters': [{'key': 'service', 'value': '/TCF_EDU_4/remove_error'}, {'key': 'data', 'value': {'error_id': 'e3f11d5e-df4f-4037-b785-15d9971622e0'}}, {'key': 'require_response', 'value': True}]}]}",2026-08-04 18:26:37 +07:00,00h 00m 00s,0,
379236,TCF_EDU_4,MAG_FORKLIFT,TCF_EDU,ESFL1-2.12,Software has crashed : obstacle stopper,,RESOLVED,,,2026-08-04 18:26:32 +07:00,00h 00m 06s,6,e3f11d5e-df4f-4037-b785-15d9971622e0
379235,TCF_EDU_2,MAG_FORKLIFT,TCF_EDU,ES4-4.5,Protective field breach,Protective field breach,RESOLVED,,,2026-08-04 18:25:59 +07:00,00h 00m 15s,15,fe94fb50-4752-402b-847a-018cca1b779b
379234,TCF_EDU_3,MAG_FORKLIFT,TCF_EDU,EH2-2.10,Rear bumper is triggered,,RESOLVED,,,2026-08-04 18:25:51 +07:00,00h 02m 26s,146,80400e41-56d1-477c-b5a2-6904d8095703
379233,TCF_EDU_3,MAG_FORKLIFT,TCF_EDU,EH6-6.1,Low Localization Score,Please try to set the correct pose of robot,RESOLVED,,,2026-08-04 18:25:50 +07:00,00h 00m 01s,1,b4029ca6-c0f0-459a-8818-bcb9590e0f39
379231,TCF_EDU_2,MAG_FORKLIFT,TCF_EDU,EH4-4.8,Brake Engaged,,RESOLVED,,,2026-08-04 18:25:45 +07:00,00h 00m 01s,1,ef344313-4288-42d7-bf04-8f561fe106a9
379230,TCF_EDU_2,MAG_FORKLIFT,TCF_EDU,ES4-4.5,Protective field breach,Protective field breach,RESOLVED,,,2026-08-04 18:25:37 +07:00,00h 00m 08s,8,5e0cd005-0cdc-4a31-9a07-2581a3d30355
379229,TCF_EDU_2,MAG_FORKLIFT,TCF_EDU,EH4-4.8,Brake Engaged,,RESOLVED,,,2026-08-04 18:25:14 +07:00,00h 00m 00s,0,f1acc8cd-3154-4a25-af87-15584bf9cd70
379228,TCF_EDU_2,MAG_FORKLIFT,TCF_EDU,ES4-4.5,Protective field breach,Protective field breach,RESOLVED,,,2026-08-04 18:25:09 +07:00,00h 00m 05s,5,0b2dc8ec-1eac-4778-a0ae-056de1192a16
379227,TCF_EDU_4,MAG_FORKLIFT,TCF_EDU,WF1-1.2,Robot is Offline,,RESOLVED,,,2026-08-04 18:24:55 +07:00,00h 01m 11s,71,
379226,TCF_EDU_4,MAG_FORKLIFT,TCF_EDU,ES-T.8,Topic unavailable : top lidar,,RESOLVED,,,2026-08-04 18:24:54 +07:00,00h 00m 01s,1,2df2e0ac-25d6-4400-a2f6-95951857b241
379224,TCF_EDU_4,MAG_FORKLIFT,TCF_EDU,ES-T.12,Topic unavailable : robot_pose,,RESOLVED,,,2026-08-04 18:24:50 +07:00,00h 00m 04s,4,86484342-8f49-4279-8432-76c1854e1562
379222,TCF_EDU_4,MAG_FORKLIFT,TCF_EDU,ES-T.9,Topic unavailable : middle lidar,,RESOLVED,,,2026-08-04 18:24:47 +07:00,00h 00m 03s,3,f10d5372-dd25-4bd8-a1bc-6037aa557218
379221,TCF_EDU_4,MAG_FORKLIFT,TCF_EDU,ES-T.12,Topic unavailable : robot_pose,,RESOLVED,,,2026-08-04 18:24:46 +07:00,00h 00m 01s,1,86484342-8f49-4279-8432-76c1854e1562
379219,TCF_EDU_4,MAG_FORKLIFT,TCF_EDU,ES-T.8,Topic unavailable : top lidar,,RESOLVED,,,2026-08-04 18:24:45 +07:00,00h 00m 01s,1,2df2e0ac-25d6-4400-a2f6-95951857b241
379218,TCF_EDU_4,MAG_FORKLIFT,TCF_EDU,ES-T.12,Topic unavailable : robot_pose,,RESOLVED,,,2026-08-04 18:24:44 +07:00,00h 00m 01s,1,86484342-8f49-4279-8432-76c1854e1562
379216,TCF_EDU_2,MAG_FORKLIFT,TCF_EDU,EH4-4.8,Brake Engaged,,RESOLVED,,,2026-08-04 18:24:43 +07:00,00h 00m 01s,1,fc3bfabc-8fc7-483a-b322-5e6927b22156
379215,TCF_EDU_4,MAG_FORKLIFT,TCF_EDU,ES-T.14,Topic unavailable : scan2_raw,,RESOLVED,,,2026-08-04 18:24:43 +07:00,00h 00m 01s,1,b0a7a34b-8aa5-4f97-aec5-dc1ed9520825
379214,TCF_EDU_4,MAG_FORKLIFT,TCF_EDU,ESFL1-2.5,Software has crashed : lidar3d 2,,RESOLVED,,,2026-08-04 18:24:06 +07:00,00h 00m 37s,37,284fa6cb-48ad-4e21-9104-af573e3f7a93
379213,TCF_EDU_4,MAG_FORKLIFT,TCF_EDU,ES-T.9,Topic unavailable : middle lidar,,RESOLVED,,,2026-08-04 18:24:01 +07:00,00h 00m 05s,5,ea348d6e-daff-4a48-ac8a-9e25f7413df7
379212,TCF_EDU_4,MAG_FORKLIFT,TCF_EDU,ESFL1-2.2,Software has crashed : lidar2,,RESOLVED,,,2026-08-04 18:23:53 +07:00,00h 00m 08s,8,61d2f565-1623-4698-a307-96986c8d5399
379211,TCF_EDU_3,MAG_FORKLIFT,TCF_EDU,EH2-2.10,Rear bumper is triggered,,RESOLVED,,,2026-08-04 18:23:34 +07:00,00h 02m 16s,136,cde8980c-e197-466c-9a81-fb2623047b76
379210,TCF_EDU_3,MAG_FORKLIFT,TCF_EDU,EH2-2.10,Rear bumper is triggered,,RESOLVED,,,2026-08-04 18:23:29 +07:00,00h 00m 05s,5,26e2757c-b582-408e-89ff-0e71f4c479fa
379209,TCF_EDU_2,MAG_FORKLIFT,TCF_EDU,ES4-4.5,Protective field breach,Protective field breach,RESOLVED,,,2026-08-04 18:22:59 +07:00,00h 01m 44s,104,f53b3673-5751-424f-a9a7-92271c5dff9d
379208,TCF_EDU_2,MAG_FORKLIFT,TCF_EDU,ES4-4.5,Protective field breach,Protective field breach,RESOLVED,,,2026-08-04 18:22:50 +07:00,00h 00m 00s,0,6868dcbe-69a2-47f2-a730-d755bc1f0050
379207,TCF_EDU_4,MAG_FORKLIFT,TCF_EDU,ESFL1-2.5,Software has crashed : lidar3d 2,,RESOLVED,,,2026-08-04 18:22:36 +07:00,00h 01m 17s,77,5688ba1a-2d0e-4cfd-a10a-70db0f90bef9
379205,TCF_EDU_2,MAG_FORKLIFT,TCF_EDU,ES6-6.34,Marker Not Found,,RESOLVED,,,2026-08-04 18:21:59 +07:00,00h 00m 51s,51,219f8834-92d9-4e3f-8af0-4fc555481ab1
379204,TCF_EDU_4,MAG_FORKLIFT,TCF_EDU,ES-T.12,Topic unavailable : robot_pose,,RESOLVED,,,2026-08-04 18:21:46 +07:00,00h 00m 50s,50,86484342-8f49-4279-8432-76c1854e1562
379202,TCF_EDU_2,MAG_FORKLIFT,TCF_EDU,EH6-6.1,Low Localization Score,Please try to set the correct pose of robot,RESOLVED,,,2026-08-04 18:20:38 +07:00,00h 00m 19s,19,8bd99623-513a-4e7f-bf44-4d3314b524ba
379201,TCF_EDU_4,MAG_FORKLIFT,TCF_EDU,ESFL1-2.5,Software has crashed : lidar3d 2,,RESOLVED,,,2026-08-04 18:20:38 +07:00,00h 01m 08s,68,5688ba1a-2d0e-4cfd-a10a-70db0f90bef9
379199,TCF_EDU_2,MAG_FORKLIFT,TCF_EDU,EH6-6.1,Low Localization Score,Please try to set the correct pose of robot,RESOLVED,,,2026-08-04 18:20:36 +07:00,00h 00m 00s,0,24b4cc9b-eca9-4b86-aa01-2ce315ebfad8
379198,TCF_EDU_2,MAG_FORKLIFT,TCF_EDU,EH6-6.1,Low Localization Score,Please try to set the correct pose of robot,RESOLVED,,,2026-08-04 18:20:31 +07:00,00h 00m 04s,4,433aff33-7ce3-49b2-b123-514bb8e60532
379197,TCF_EDU_4,MAG_FORKLIFT,TCF_EDU,ES-T.12,Topic unavailable : robot_pose,,RESOLVED,,,2026-08-04 18:20:31 +07:00,00h 00m 07s,7,86484342-8f49-4279-8432-76c1854e1562
379195,TCF_EDU_4,MAG_FORKLIFT,TCF_EDU,ESFL1-2.5,Software has crashed : lidar3d 2,,RESOLVED,,,2026-08-04 18:20:25 +07:00,00h 00m 06s,6,5688ba1a-2d0e-4cfd-a10a-70db0f90bef9
379193,TCF_EDU_2,MAG_FORKLIFT,TCF_EDU,EH6-6.1,Low Localization Score,Please try to set the correct pose of robot,RESOLVED,,,2026-08-04 18:19:28 +07:00,00h 00m 02s,2,29785639-2a45-43c9-a018-ef541e8cf55a
379192,TCF_EDU_2,MAG_FORKLIFT,TCF_EDU,EH6-6.1,Low Localization Score,Please try to set the correct pose of robot,RESOLVED,,,2026-08-04 18:19:15 +07:00,00h 00m 11s,11,6761d321-36f4-4c6d-9185-29b0ac22bdc2
379191,TCF_EDU_2,MAG_FORKLIFT,TCF_EDU,EH6-6.1,Low Localization Score,Please try to set the correct pose of robot,RESOLVED,,,2026-08-04 18:19:09 +07:00,00h 00m 03s,3,43f6ed59-3c2f-4063-8dea-0d8f8776931f
379190,TCF_EDU_2,MAG_FORKLIFT,TCF_EDU,EH6-6.1,Low Localization Score,Please try to set the correct pose of robot,RESOLVED,,,2026-08-04 18:18:48 +07:00,00h 00m 19s,19,89e51448-2577-45d8-9c24-b579fd184be4
379189,TCF_EDU_2,MAG_FORKLIFT,TCF_EDU,EH6-6.1,Low Localization Score,Please try to set the correct pose of robot,RESOLVED,,,2026-08-04 18:18:44 +07:00,00h 00m 03s,3,d1f220a4-7c90-4f91-b3e2-06ae500fc8e8
379188,TCF_EDU_2,MAG_FORKLIFT,TCF_EDU,EH6-6.1,Low Localization Score,Please try to set the correct pose of robot,RESOLVED,,,2026-08-04 18:18:40 +07:00,00h 00m 02s,2,25203779-025f-4922-ab8e-ee7403ba794e
379186,TCF_EDU_2,MAG_FORKLIFT,TCF_EDU,ESFL1-2.13,Software has crashed : VDA Client,,RESOLVED,,,2026-08-04 18:18:39 +07:00,00h 00m 01s,1,c8911d78-e813-4b86-919c-cdfa30fe6d47
379185,TCF_EDU_2,MAG_FORKLIFT,TCF_EDU,EH6-6.1,Low Localization Score,Please try to set the correct pose of robot,RESOLVED,,,2026-08-04 18:18:29 +07:00,00h 00m 10s,10,25203779-025f-4922-ab8e-ee7403ba794e
379184,TCF_EDU_3,MAG_FORKLIFT,TCF_EDU,EH2-2.10,Rear bumper is triggered,,RESOLVED,,,2026-08-04 18:17:23 +07:00,00h 06m 05s,365,0ab1d19b-6f7f-4dde-b9f1-55ffcf0a5f13
379182,TCF_EDU_3,MAG_FORKLIFT,TCF_EDU,EH4-4.8,Brake Engaged,,RESOLVED,,,2026-08-04 18:17:19 +07:00,00h 00m 04s,4,53449015-d405-4451-b8fe-70407711ab96
379181,TCF_EDU_3,MAG_FORKLIFT,TCF_EDU,ES4-4.5,Protective field breach,Protective field breach,RESOLVED,,,2026-08-04 18:16:58 +07:00,00h 00m 21s,21,c758ca7d-4108-447a-a8f9-9123eb8f4789
379180,TCF_EDU_3,MAG_FORKLIFT,TCF_EDU,EH4-4.8,Brake Engaged,,RESOLVED,,,2026-08-04 18:16:56 +07:00,00h 00m 02s,2,76177540-064c-4468-8cef-10842fcb4908
379179,TCF_EDU_3,MAG_FORKLIFT,TCF_EDU,ES4-4.5,Protective field breach,Protective field breach,RESOLVED,,,2026-08-04 18:16:44 +07:00,00h 00m 12s,12,19af1c02-f7f1-44d9-b57e-e382c2e47510
379178,TCF_EDU_3,MAG_FORKLIFT,TCF_EDU,EH2-2.10,Rear bumper is triggered,,RESOLVED,,,2026-08-04 18:16:19 +07:00,00h 00m 25s,25,0ab1d19b-6f7f-4dde-b9f1-55ffcf0a5f13
379176,TCF_EDU_3,MAG_FORKLIFT,TCF_EDU,EH4-4.8,Brake Engaged,,RESOLVED,,,2026-08-04 18:16:18 +07:00,00h 00m 01s,1,ff5fca4e-32f7-42c2-b149-da8a9d4222b3
379175,TCF_EDU_3,MAG_FORKLIFT,TCF_EDU,ES4-4.5,Protective field breach,Protective field breach,RESOLVED,,,2026-08-04 18:16:14 +07:00,00h 00m 04s,4,548f5770-7746-4be1-8062-deeaf829c898
379174,TCF_EDU_3,MAG_FORKLIFT,TCF_EDU,EH2-2.10,Rear bumper is triggered,,RESOLVED,,,2026-08-04 18:16:13 +07:00,00h 00m 00s,0,0ab1d19b-6f7f-4dde-b9f1-55ffcf0a5f13
379172,TCF_EDU_3,MAG_FORKLIFT,TCF_EDU,EH4-4.8,Brake Engaged,,RESOLVED,,,2026-08-04 18:16:12 +07:00,00h 00m 01s,1,e9186089-5299-4f81-8b1c-029f1746943f
379171,TCF_EDU_3,MAG_FORKLIFT,TCF_EDU,ES4-4.5,Protective field breach,Protective field breach,RESOLVED,,,2026-08-04 18:16:09 +07:00,00h 00m 03s,3,c299f828-0289-4e00-9d9e-4e7a8e590198
379170,TCF_EDU_3,MAG_FORKLIFT,TCF_EDU,EH2-2.10,Rear bumper is triggered,,RESOLVED,,,2026-08-04 18:16:08 +07:00,00h 00m 01s,1,0ab1d19b-6f7f-4dde-b9f1-55ffcf0a5f13
379168,TCF_EDU_3,MAG_FORKLIFT,TCF_EDU,ES4-4.5,Protective field breach,Protective field breach,RESOLVED,,,2026-08-04 18:15:59 +07:00,00h 00m 09s,9,6a6e469e-525e-4373-99bb-037946d0a259
379167,TCF_EDU_3,MAG_FORKLIFT,TCF_EDU,EH2-2.10,Rear bumper is triggered,,RESOLVED,,,2026-08-04 18:15:50 +07:00,00h 00m 08s,8,0ab1d19b-6f7f-4dde-b9f1-55ffcf0a5f13
379165,TCF_EDU_3,MAG_FORKLIFT,TCF_EDU,EH4-4.8,Brake Engaged,,RESOLVED,,,2026-08-04 18:15:49 +07:00,00h 00m 01s,1,adc1b497-3a28-4ca8-9479-a447694a313a
379164,TCF_EDU_3,MAG_FORKLIFT,TCF_EDU,ES4-4.5,Protective field breach,Protective field breach,RESOLVED,,,2026-08-04 18:15:46 +07:00,00h 00m 03s,3,dd6188a9-0688-4400-895e-67584c41c6cb
379163,TCF_EDU_3,MAG_FORKLIFT,TCF_EDU,EH2-2.10,Rear bumper is triggered,,RESOLVED,,,2026-08-04 18:15:05 +07:00,00h 00m 41s,41,0ab1d19b-6f7f-4dde-b9f1-55ffcf0a5f13
379161,TCF_EDU_3,MAG_FORKLIFT,TCF_EDU,EH4-4.8,Brake Engaged,,RESOLVED,,,2026-08-04 18:15:04 +07:00,00h 00m 01s,1,3cb6a497-e8a0-4e3a-90f1-7404ff066121
379160,TCF_EDU_3,MAG_FORKLIFT,TCF_EDU,EH2-2.10,Rear bumper is triggered,,RESOLVED,,,2026-08-04 18:14:26 +07:00,00h 00m 37s,37,0ab1d19b-6f7f-4dde-b9f1-55ffcf0a5f13
379158,TCF_EDU_3,MAG_FORKLIFT,TCF_EDU,ES4-4.5,Protective field breach,Protective field breach,RESOLVED,,,2026-08-04 18:13:58 +07:00,00h 00m 28s,28,51a38232-dee7-49d0-a327-1348624027e8
379157,TCF_EDU_3,MAG_FORKLIFT,TCF_EDU,EH2-2.10,Rear bumper is triggered,,RESOLVED,,,2026-08-04 18:13:57 +07:00,00h 00m 01s,1,0ab1d19b-6f7f-4dde-b9f1-55ffcf0a5f13
379155,TCF_EDU_3,MAG_FORKLIFT,TCF_EDU,EH4-4.8,Brake Engaged,,RESOLVED,,,2026-08-04 18:13:56 +07:00,00h 00m 01s,1,bc24ae3a-a43e-4875-acb2-81352273d01b
379154,TCF_EDU_3,MAG_FORKLIFT,TCF_EDU,ES4-4.5,Protective field breach,Protective field breach,RESOLVED,,,2026-08-04 18:13:50 +07:00,00h 00m 06s,6,9be6f728-07a6-4e15-b3da-71e14417647c
379153,TCF_EDU_3,MAG_FORKLIFT,TCF_EDU,EH2-2.10,Rear bumper is triggered,,RESOLVED,,,2026-08-04 18:13:41 +07:00,00h 00m 09s,9,0ab1d19b-6f7f-4dde-b9f1-55ffcf0a5f13
379151,TCF_EDU_3,MAG_FORKLIFT,TCF_EDU,EH4-4.8,Brake Engaged,,RESOLVED,,,2026-08-04 18:13:40 +07:00,00h 00m 01s,1,d9f9b765-e554-4957-bd11-537b34e18d68
379150,TCF_EDU_3,MAG_FORKLIFT,TCF_EDU,ES4-4.5,Protective field breach,Protective field breach,RESOLVED,,,2026-08-04 18:13:39 +07:00,00h 00m 01s,1,95fc6470-abbd-4460-bf76-7e7685214ab0
379149,TCF_EDU_3,MAG_FORKLIFT,TCF_EDU,EH2-2.10,Rear bumper is triggered,,RESOLVED,,,2026-08-04 18:13:34 +07:00,00h 00m 05s,5,0ab1d19b-6f7f-4dde-b9f1-55ffcf0a5f13
379147,TCF_EDU_3,MAG_FORKLIFT,TCF_EDU,EH4-4.8,Brake Engaged,,RESOLVED,,,2026-08-04 18:13:33 +07:00,00h 00m 00s,0,98cbe24a-b896-4b0b-8343-57e86f8045a6
379146,TCF_EDU_3,MAG_FORKLIFT,TCF_EDU,ES4-4.5,Protective field breach,Protective field breach,RESOLVED,,,2026-08-04 18:13:31 +07:00,00h 00m 02s,2,20320efe-c6eb-4b0c-af3d-dbefa61491a6
379145,TCF_EDU_3,MAG_FORKLIFT,TCF_EDU,EH2-2.10,Rear bumper is triggered,,RESOLVED,,,2026-08-04 18:13:23 +07:00,00h 00m 07s,7,0ab1d19b-6f7f-4dde-b9f1-55ffcf0a5f13
379143,TCF_EDU_3,MAG_FORKLIFT,TCF_EDU,EH4-4.8,Brake Engaged,,RESOLVED,,,2026-08-04 18:13:22 +07:00,00h 00m 00s,0,fe4d519a-d080-44e4-8d23-7fee89dbce9f
379142,TCF_EDU_3,MAG_FORKLIFT,TCF_EDU,ES4-4.5,Protective field breach,Protective field breach,RESOLVED,,,2026-08-04 18:13:21 +07:00,00h 00m 01s,1,b91456ec-7551-4f06-93a0-54cfd3558e18
379141,TCF_EDU_3,MAG_FORKLIFT,TCF_EDU,EH2-2.10,Rear bumper is triggered,,RESOLVED,,,2026-08-04 18:12:44 +07:00,00h 00m 37s,37,0ab1d19b-6f7f-4dde-b9f1-55ffcf0a5f13
379139,TCF_EDU_3,MAG_FORKLIFT,TCF_EDU,EH4-4.8,Brake Engaged,,RESOLVED,,,2026-08-04 18:12:43 +07:00,00h 00m 01s,1,cd4219d8-8397-483b-91fd-ad4e2aa8f1b6
379138,TCF_EDU_3,MAG_FORKLIFT,TCF_EDU,EH2-2.10,Rear bumper is triggered,,RESOLVED,,,2026-08-04 18:12:42 +07:00,00h 00m 01s,1,0ab1d19b-6f7f-4dde-b9f1-55ffcf0a5f13
379136,TCF_EDU_3,MAG_FORKLIFT,TCF_EDU,ES4-4.5,Protective field breach,Protective field breach,RESOLVED,,,2026-08-04 18:12:41 +07:00,00h 00m 00s,0,66f17ca4-f3e8-467f-b089-ea44c56521ee
379135,TCF_EDU_3,MAG_FORKLIFT,TCF_EDU,EH2-2.10,Rear bumper is triggered,,RESOLVED,,,2026-08-04 18:12:40 +07:00,00h 00m 01s,1,0ab1d19b-6f7f-4dde-b9f1-55ffcf0a5f13
379134,TCF_EDU_3,MAG_FORKLIFT,TCF_EDU,EH4-4.8,Brake Engaged,,RESOLVED,,,2026-08-04 18:12:18 +07:00,00h 00m 21s,21,d93774ae-dfad-43d9-90d4-fff4f53fe8c4
379132,TCF_EDU_2,MAG_FORKLIFT,TCF_EDU,ES6-6.24,Incorrect Cloud Processing Params,,RESOLVED,,,2026-08-04 18:12:05 +07:00,00h 05m 21s,321,dd923995-84fe-46f6-a4b3-64623095b8d4
379131,TCF_EDU_2,MAG_FORKLIFT,TCF_EDU,EHFL4-1.49,Drive Motor Fault - Main Driver Fault,"""Set: Main Contactor driver is either open or shorted. This fault can be set only when Main Enable = On.Clear: Restore/repair any external wiring or device coil to the correct state",RESOLVED,,,2026-08-04 18:12:04 +07:00,00h 00m 01s,1,0a32a009-7975-4aa1-b518-501f785c355e
379130,TCF_EDU_2,MAG_FORKLIFT,TCF_EDU,FMS1-1.1,SERVICE CALL RESPONSE,,RESOLVED,,"Service call failed with data: {'serialNumber': 'TCF_EDU_2', 'actions': [{'actionType': 'customInstantAction', 'actionId': '6f87d6b8-7be5-4e1b-84a2-9890f81b2964', 'actionDescription': 'service_call', 'blockingType': 'HARD', 'actionParameters': [{'key': 'service', 'value': '/TCF_EDU_2/remove_error'}, {'key': 'data', 'value': {'error_id': '98a69492-21a0-480c-a13e-70b406d4bace'}}, {'key': 'require_response', 'value': True}]}]}",2026-08-04 18:12:03 +07:00,00h 00m 00s,0,
379129,TCF_EDU_2,MAG_FORKLIFT,TCF_EDU,FMS1-1.1,SERVICE CALL RESPONSE,,RESOLVED,,"Service call failed with data: {'serialNumber': 'TCF_EDU_2', 'actions': [{'actionType': 'customInstantAction', 'actionId': '6fd660e2-a9a3-472c-9cca-f7087d703038', 'actionDescription': 'service_call', 'blockingType': 'HARD', 'actionParameters': [{'key': 'service', 'value': '/TCF_EDU_2/tms_retry'}, {'key': 'data', 'value': {}}, {'key': 'require_response', 'value': True}]}]}",2026-08-04 18:11:58 +07:00,00h 00m 04s,4,
379128,TCF_EDU_2,MAG_FORKLIFT,TCF_EDU,EH2-2.4,E-Stop not released properly. Press Resume button.,,RESOLVED,,,2026-08-04 18:11:53 +07:00,00h 00m 10s,10,98a69492-21a0-480c-a13e-70b406d4bace
379127,TCF_EDU_3,MAG_FORKLIFT,TCF_EDU,ES4-4.5,Protective field breach,Protective field breach,RESOLVED,,,2026-08-04 18:09:41 +07:00,00h 02m 37s,157,41292672-a606-4f2f-8531-1ce2cb1cd5ad
379126,TCF_EDU_2,MAG_FORKLIFT,TCF_EDU,EH4-4.8,Brake Engaged,,RESOLVED,,,2026-08-04 18:08:59 +07:00,00h 00m 01s,1,a656c7a9-f3e5-4982-a566-7ed4acdae4fb
379125,TCF_EDU_2,MAG_FORKLIFT,TCF_EDU,ES4-4.5,Protective field breach,Protective field breach,RESOLVED,,,2026-08-04 18:08:57 +07:00,00h 00m 02s,2,2b8559db-ae6d-4a8c-9862-f6a84932e1ab
379124,TCF_EDU_2,MAG_FORKLIFT,TCF_EDU,EH4-4.8,Brake Engaged,,RESOLVED,,,2026-08-04 18:08:51 +07:00,00h 00m 01s,1,5e90bf21-f6c9-4d06-9692-486d4b2d9e7d
379123,TCF_EDU_2,MAG_FORKLIFT,TCF_EDU,ES4-4.5,Protective field breach,Protective field breach,RESOLVED,,,2026-08-04 18:08:49 +07:00,00h 00m 02s,2,93b2e4cc-6923-44af-b42d-73d9f76e5f85
379122,TCF_EDU_2,MAG_FORKLIFT,TCF_EDU,EH4-4.8,Brake Engaged,,RESOLVED,,,2026-08-04 18:06:30 +07:00,00h 00m 07s,7,85ddf2db-8cd3-493a-aa0d-b95c84684f97
379121,TCF_EDU_3,MAG_FORKLIFT,TCF_EDU,EH4-4.8,Brake Engaged,,RESOLVED,,,2026-08-04 18:05:20 +07:00,00h 04m 21s,261,d93774ae-dfad-43d9-90d4-fff4f53fe8c4
379119,TCF_EDU_3,MAG_FORKLIFT,TCF_EDU,ES4-4.5,Protective field breach,Protective field breach,RESOLVED,,,2026-08-04 18:05:19 +07:00,00h 00m 01s,1,d9cff0fb-e70f-494f-b47b-b9141b4771a2
379117,TCF_EDU_3,MAG_FORKLIFT,TCF_EDU,ES-T.12,Topic unavailable : robot_pose,,RESOLVED,,,2026-08-04 18:05:18 +07:00,00h 00m 01s,1,cf3ab471-d309-4e1b-a2b0-1f5f8620689c
379115,TCF_EDU_3,MAG_FORKLIFT,TCF_EDU,ES-T.3,Topic unavailable : fl_base_controller/odom,,RESOLVED,,,2026-08-04 18:05:17 +07:00,00h 00m 01s,1,34b68c85-18c2-4d3f-883c-eda5c4f9aa11
379114,TCF_EDU_3,MAG_FORKLIFT,TCF_EDU,EH4-4.8,Brake Engaged,,RESOLVED,,,2026-08-04 18:05:13 +07:00,00h 00m 04s,4,d93774ae-dfad-43d9-90d4-fff4f53fe8c4
379112,TCF_EDU_3,MAG_FORKLIFT,TCF_EDU,ES-T.2,Topic unavailable : camera_info,,RESOLVED,,,2026-08-04 18:05:06 +07:00,00h 00m 07s,7,8508161a-4f69-4238-a00d-d5ec2eb0b372
379111,TCF_EDU_3,MAG_FORKLIFT,TCF_EDU,ESFL1-2.4,Software has crashed : lidar3d 1,,RESOLVED,,,2026-08-04 17:59:24 +07:00,00h 05m 42s,342,8bea3902-2c1a-4903-b40b-2edb9125e9e4
379110,TCF_EDU_3,MAG_FORKLIFT,TCF_EDU,ES-T.13,Topic unavailable : scan1_raw,,RESOLVED,,,2026-08-04 17:59:23 +07:00,00h 00m 01s,1,b723c074-f66c-4a45-93e8-f5cf0565017f
379109,TCF_EDU_3,MAG_FORKLIFT,TCF_EDU,ESFL1-2.5,Software has crashed : lidar3d 2,,RESOLVED,,,2026-08-04 17:59:22 +07:00,00h 00m 00s,0,40ca35d0-781f-47fa-a82a-1c2d35cb87cb
379108,TCF_EDU_2,MAG_FORKLIFT,TCF_EDU,ES6-6.27,Start Pose Sanity Check Failure,,RESOLVED,,,2026-08-04 17:54:36 +07:00,00h 11m 54s,714,439833ab-0ff1-4245-beaf-5531031c9890
379107,TCF_EDU_2,MAG_FORKLIFT,TCF_EDU,ES6-6.27,Start Pose Sanity Check Failure,,RESOLVED,,,2026-08-04 17:54:21 +07:00,00h 00m 13s,13,c8c06132-ed3b-4b0b-9ede-fc1c3faffd3b
379106,TCF_EDU_2,MAG_FORKLIFT,TCF_EDU,ES6-6.27,Start Pose Sanity Check Failure,,RESOLVED,,,2026-08-04 17:52:17 +07:00,00h 02m 02s,122,fce92c00-a2c3-43f6-85e3-3a1569573dbe
379105,TCF_EDU_2,MAG_FORKLIFT,TCF_EDU,FMS1-1.1,SERVICE CALL RESPONSE,,RESOLVED,,"Service call failed with data: {'serialNumber': 'TCF_EDU_2', 'actions': [{'actionType': 'customInstantAction', 'actionId': '4f2eaa9a-974a-4bc9-9681-1f1173156358', 'actionDescription': 'service_call', 'blockingType': 'HARD', 'actionParameters': [{'key': 'service', 'value': '/TCF_EDU_2/remove_error'}, {'key': 'data', 'value': {'error_id': 'e5cee29e-1990-489f-bee4-850ea214e665'}}, {'key': 'require_response', 'value': True}]}]}",2026-08-04 17:52:16 +07:00,00h 00m 00s,0,
379104,TCF_EDU_2,MAG_FORKLIFT,TCF_EDU,EH4-4.11,Steering lock detected,,RESOLVED,,,2026-08-04 17:52:11 +07:00,00h 00m 05s,5,e5cee29e-1990-489f-bee4-850ea214e665
379103,TCF_EDU_2,MAG_FORKLIFT,TCF_EDU,FMS1-1.1,SERVICE CALL RESPONSE,,RESOLVED,,"Service call failed with data: {'serialNumber': 'TCF_EDU_2', 'actions': [{'actionType': 'customInstantAction', 'actionId': '31ceef7c-e702-484a-88f1-c3a46cacbc42', 'actionDescription': 'service_call', 'blockingType': 'HARD', 'actionParameters': [{'key': 'service', 'value': '/TCF_EDU_2/remove_error'}, {'key': 'data', 'value': {'error_id': '7ff0ab40-2808-411d-b75d-9f9ac84dbd69'}}, {'key': 'require_response', 'value': True}]}]}",2026-08-04 17:52:10 +07:00,00h 00m 00s,0,
379102,TCF_EDU_2,MAG_FORKLIFT,TCF_EDU,FMS1-1.1,SERVICE CALL RESPONSE,,RESOLVED,,"Service call failed with data: {'serialNumber': 'TCF_EDU_2', 'actions': [{'actionType': 'customInstantAction', 'actionId': 'c2fdb54c-400f-44fc-978b-34dd623307da', 'actionDescription': 'service_call', 'blockingType': 'HARD', 'actionParameters': [{'key': 'service', 'value': '/TCF_EDU_2/tms_retry'}, {'key': 'data', 'value': {}}, {'key': 'require_response', 'value': True}]}]}",2026-08-04 17:52:05 +07:00,00h 00m 04s,4,
379101,TCF_EDU_2,MAG_FORKLIFT,TCF_EDU,EH2-2.4,E-Stop not released properly. Press Resume button.,,RESOLVED,,,2026-08-04 17:52:00 +07:00,00h 00m 15s,15,7ff0ab40-2808-411d-b75d-9f9ac84dbd69
379100,TCF_EDU_2,MAG_FORKLIFT,TCF_EDU,EHFL4-1.49,Drive Motor Fault - Main Driver Fault,"""Set: Main Contactor driver is either open or shorted. This fault can be set only when Main Enable = On.Clear: Restore/repair any external wiring or device coil to the correct state",RESOLVED,,,2026-08-04 17:51:40 +07:00,00h 00m 06s,6,ea9c84ce-71bc-4c32-ad33-ac52e944d7d3
379099,TCF_EDU_2,MAG_FORKLIFT,TCF_EDU,EH4-4.8,Brake Engaged,,RESOLVED,,,2026-08-04 17:51:39 +07:00,00h 00m 01s,1,c82045d7-7194-41ce-a7b3-a32c4f16d7d4
379098,TCF_EDU_2,MAG_FORKLIFT,TCF_EDU,EH4-4.8,Brake Engaged,,RESOLVED,,,2026-08-04 17:49:45 +07:00,00h 00m 06s,6,873a6c60-8c66-41e4-8240-d343995d9019
379097,TCF_EDU_2,MAG_FORKLIFT,TCF_EDU,ES4-4.5,Protective field breach,Protective field breach,RESOLVED,,,2026-08-04 17:49:44 +07:00,00h 00m 01s,1,e90d026e-87d7-410d-860f-fac441b6c4a8
379096,TCF_EDU_2,MAG_FORKLIFT,TCF_EDU,EH4-4.8,Brake Engaged,,RESOLVED,,,2026-08-04 17:49:36 +07:00,00h 00m 01s,1,8cc83711-6fe3-4ea6-ae03-1eec754aa9e6
379095,TCF_EDU_2,MAG_FORKLIFT,TCF_EDU,ES4-4.5,Protective field breach,Protective field breach,RESOLVED,,,2026-08-04 17:49:34 +07:00,00h 00m 02s,2,2c066bbe-6ff5-4adf-9ac9-12138f7e4ea9
379094,TCF_EDU_2,MAG_FORKLIFT,TCF_EDU,EH4-4.8,Brake Engaged,,RESOLVED,,,2026-08-04 17:49:07 +07:00,00h 00m 01s,1,e474e24d-9d95-493e-a943-e0b9047b2a51
379093,TCF_EDU_2,MAG_FORKLIFT,TCF_EDU,ES4-4.5,Protective field breach,Protective field breach,RESOLVED,,,2026-08-04 17:49:03 +07:00,00h 00m 04s,4,7daf7e7d-e3e6-417d-891a-65a84ca41717
379092,TCF_EDU_2,MAG_FORKLIFT,TCF_EDU,EH4-4.8,Brake Engaged,,RESOLVED,,,2026-08-04 17:48:45 +07:00,00h 00m 01s,1,b84f924d-d063-4921-8f1e-6917517769a1
379091,TCF_EDU_2,MAG_FORKLIFT,TCF_EDU,ES4-4.5,Protective field breach,Protective field breach,RESOLVED,,,2026-08-04 17:48:44 +07:00,00h 00m 01s,1,260ffe33-babb-44f7-9640-84130bf0e1f0
379090,TCF_EDU_2,MAG_FORKLIFT,TCF_EDU,EH4-4.8,Brake Engaged,,RESOLVED,,,2026-08-04 17:48:29 +07:00,00h 00m 00s,0,bdd3c340-6c3a-42a5-a3fb-3184e859c22e
379089,TCF_EDU_2,MAG_FORKLIFT,TCF_EDU,ES4-4.5,Protective field breach,Protective field breach,RESOLVED,,,2026-08-04 17:48:28 +07:00,00h 00m 01s,1,6d01a16f-20c5-45e5-8600-a6c7cb86737d
379088,TCF_EDU_2,MAG_FORKLIFT,TCF_EDU,ESFL1-2.13,Software has crashed : VDA Client,,RESOLVED,,,2026-08-04 17:48:15 +07:00,00h 00m 01s,1,f78241c2-ceb4-4b94-9434-92059c8eaa1f
379087,TCF_EDU_2,MAG_FORKLIFT,TCF_EDU,EH4-4.8,Brake Engaged,,RESOLVED,,,2026-08-04 17:47:58 +07:00,00h 00m 00s,0,44f00306-ab66-40d1-8f2c-6d8c2d0c1962
379086,TCF_EDU_2,MAG_FORKLIFT,TCF_EDU,ES4-4.5,Protective field breach,Protective field breach,RESOLVED,,,2026-08-04 17:47:57 +07:00,00h 00m 01s,1,0e6f5e08-fdbf-4d7f-954f-ec71c716d390
379085,TCF_EDU_2,MAG_FORKLIFT,TCF_EDU,EH4-4.8,Brake Engaged,,RESOLVED,,,2026-08-04 17:47:44 +07:00,00h 00m 00s,0,0edd7534-464c-4fe1-8a74-36e6d240a222
379084,TCF_EDU_2,MAG_FORKLIFT,TCF_EDU,ES4-4.5,Protective field breach,Protective field breach,RESOLVED,,,2026-08-04 17:47:40 +07:00,00h 00m 04s,4,257f955c-3c1d-4d58-93b1-412fb387eb10
379083,TCF_EDU_3,MAG_FORKLIFT,TCF_EDU,ES-T.8,Topic unavailable : top lidar,,RESOLVED,,,2026-08-04 17:46:12 +07:00,00h 13m 10s,790,30ddd9e7-600d-4a67-a955-1fee58956664
379082,TCF_EDU_3,MAG_FORKLIFT,TCF_EDU,ES-T.12,Topic unavailable : robot_pose,,RESOLVED,,,2026-08-04 17:46:01 +07:00,00h 00m 11s,11,cf3ab471-d309-4e1b-a2b0-1f5f8620689c
379080,TCF_EDU_3,MAG_FORKLIFT,TCF_EDU,ES5-5.5,Robot pose is not available,,RESOLVED,,,2026-08-04 17:45:36 +07:00,00h 00m 25s,25,296b2dd4-0087-4fcd-b3d8-546fa5983ecd
379078,TCF_EDU_3,MAG_FORKLIFT,TCF_EDU,ES-T.12,Topic unavailable : robot_pose,,RESOLVED,,,2026-08-04 17:45:35 +07:00,00h 00m 01s,1,cf3ab471-d309-4e1b-a2b0-1f5f8620689c
379077,TCF_EDU_2,MAG_FORKLIFT,TCF_EDU,EH4-4.8,Brake Engaged,,RESOLVED,,,2026-08-04 17:45:09 +07:00,00h 00m 00s,0,63fed985-8224-4038-965f-a158e616a2e6
379076,TCF_EDU_2,MAG_FORKLIFT,TCF_EDU,ES4-4.5,Protective field breach,Protective field breach,RESOLVED,,,2026-08-04 17:45:02 +07:00,00h 00m 07s,7,0359bd5a-2910-4e98-9316-b3d54792ebb7
379075,TCF_EDU_2,MAG_FORKLIFT,TCF_EDU,EH4-4.8,Brake Engaged,,RESOLVED,,,2026-08-04 17:44:48 +07:00,00h 00m 01s,1,a2cede7e-2fc0-42c0-807a-aaead1f9f09f
379074,TCF_EDU_2,MAG_FORKLIFT,TCF_EDU,ES4-4.5,Protective field breach,Protective field breach,RESOLVED,,,2026-08-04 17:44:47 +07:00,00h 00m 01s,1,7031b885-4187-498e-ae5f-b96c8d5950a3
379073,TCF_EDU_2,MAG_FORKLIFT,TCF_EDU,EH4-4.8,Brake Engaged,,RESOLVED,,,2026-08-04 17:44:46 +07:00,00h 00m 01s,1,9a883b6f-6b84-4155-9e3f-8d32f082dc93
379072,TCF_EDU_2,MAG_FORKLIFT,TCF_EDU,ES4-4.5,Protective field breach,Protective field breach,RESOLVED,,,2026-08-04 17:44:45 +07:00,00h 00m 01s,1,f3029a4d-df35-42fa-8645-0d95486fbcf0
379071,TCF_EDU_2,MAG_FORKLIFT,TCF_EDU,EH4-4.8,Brake Engaged,,RESOLVED,,,2026-08-04 17:44:25 +07:00,00h 00m 00s,0,ad4e87a1-b9e3-4703-a03c-7f7e7d64a662
379070,TCF_EDU_2,MAG_FORKLIFT,TCF_EDU,ES4-4.5,Protective field breach,Protective field breach,RESOLVED,,,2026-08-04 17:44:22 +07:00,00h 00m 03s,3,70613261-95de-4d96-b15d-2bf4de661613
379069,TCF_EDU_2,MAG_FORKLIFT,TCF_EDU,EH4-4.8,Brake Engaged,,RESOLVED,,,2026-08-04 17:44:17 +07:00,00h 00m 01s,1,6797735a-d80e-47bb-beee-b2b5af0075b1
379068,TCF_EDU_2,MAG_FORKLIFT,TCF_EDU,ES4-4.5,Protective field breach,Protective field breach,RESOLVED,,,2026-08-04 17:44:10 +07:00,00h 00m 07s,7,b9898676-71be-4d85-9550-0bc87f26b528
379067,TCF_EDU_2,MAG_FORKLIFT,TCF_EDU,EH4-4.8,Brake Engaged,,RESOLVED,,,2026-08-04 17:43:48 +07:00,00h 00m 00s,0,ef56fd25-638e-483c-b1f7-ff6bc693446b
379066,TCF_EDU_2,MAG_FORKLIFT,TCF_EDU,ES4-4.5,Protective field breach,Protective field breach,RESOLVED,,,2026-08-04 17:43:47 +07:00,00h 00m 01s,1,cb31d446-5df5-434e-a921-f7ca9734f1ae
379065,TCF_EDU_2,MAG_FORKLIFT,TCF_EDU,EH4-4.8,Brake Engaged,,RESOLVED,,,2026-08-04 17:43:30 +07:00,00h 00m 01s,1,38b65c9e-8ab6-471b-8860-114195460ca8
379064,TCF_EDU_2,MAG_FORKLIFT,TCF_EDU,ES4-4.5,Protective field breach,Protective field breach,RESOLVED,,,2026-08-04 17:43:29 +07:00,00h 00m 01s,1,15437941-a643-47e0-bf99-dafdf7b85509
379063,TCF_EDU_2,MAG_FORKLIFT,TCF_EDU,EH4-4.8,Brake Engaged,,RESOLVED,,,2026-08-04 17:43:12 +07:00,00h 00m 01s,1,56aeaa70-fdce-40b9-9eda-504eece468b2
379062,TCF_EDU_2,MAG_FORKLIFT,TCF_EDU,ES4-4.5,Protective field breach,Protective field breach,RESOLVED,,,2026-08-04 17:43:05 +07:00,00h 00m 07s,7,6a69d2a0-946b-4807-bc59-8f66704bf231
379061,TCF_EDU_2,MAG_FORKLIFT,TCF_EDU,ES4-4.5,Protective field breach,Protective field breach,RESOLVED,,,2026-08-04 17:39:14 +07:00,00h 02m 45s,165,1e512fd3-d968-470e-bfad-4a26523ce82d
379060,TCF_EDU_2,MAG_FORKLIFT,TCF_EDU,EH4-4.8,Brake Engaged,,RESOLVED,,,2026-08-04 17:39:12 +07:00,00h 00m 00s,0,4ab9a5f4-e152-4c55-b33d-7f4e6e113bc7
379059,TCF_EDU_2,MAG_FORKLIFT,TCF_EDU,ES4-4.5,Protective field breach,Protective field breach,RESOLVED,,,2026-08-04 17:39:02 +07:00,00h 00m 10s,10,a13cd015-e2e4-4a38-96c9-1283dc6589d4
379058,TCF_EDU_2,MAG_FORKLIFT,TCF_EDU,EH4-4.8,Brake Engaged,,RESOLVED,,,2026-08-04 17:39:01 +07:00,00h 00m 00s,0,3c61f1ed-a640-43ee-a1e9-278f2345fff0
379057,TCF_EDU_2,MAG_FORKLIFT,TCF_EDU,ES4-4.5,Protective field breach,Protective field breach,RESOLVED,,,2026-08-04 17:38:59 +07:00,00h 00m 02s,2,be24d593-814f-4b40-871a-4d79e785c739
379056,TCF_EDU_4,MAG_FORKLIFT,TCF_EDU,ES-T.12,Topic unavailable : robot_pose,,RESOLVED,,,2026-08-04 17:38:45 +07:00,00h 41m 39s,2499,86484342-8f49-4279-8432-76c1854e1562
379054,TCF_EDU_4,MAG_FORKLIFT,TCF_EDU,WF1-1.2,Robot is Offline,,RESOLVED,,,2026-08-04 17:38:40 +07:00,00h 00m 03s,3,
379053,TCF_EDU_2,MAG_FORKLIFT,TCF_EDU,ES4-4.5,Protective field breach,Protective field breach,RESOLVED,,,2026-08-04 17:36:35 +07:00,00h 01m 12s,72,334cd76a-6721-46e8-a90d-a8a603fc1315
379052,TCF_EDU_2,MAG_FORKLIFT,TCF_EDU,EH4-4.8,Brake Engaged,,RESOLVED,,,2026-08-04 17:36:34 +07:00,00h 00m 01s,1,4eeb190c-f974-407d-b154-98fb69a3d1a7
379051,TCF_EDU_2,MAG_FORKLIFT,TCF_EDU,ES4-4.5,Protective field breach,Protective field breach,RESOLVED,,,2026-08-04 17:36:30 +07:00,00h 00m 04s,4,821e29bc-f22e-43c4-bdb3-e8d28727e43f
379050,TCF_EDU_2,MAG_FORKLIFT,TCF_EDU,ES4-4.5,Protective field breach,Protective field breach,RESOLVED,,,2026-08-04 17:35:06 +07:00,00h 01m 16s,76,4d1982b7-c556-4c60-bc03-23627be5055d
379049,TCF_EDU_2,MAG_FORKLIFT,TCF_EDU,EH4-4.8,Brake Engaged,,RESOLVED,,,2026-08-04 17:35:03 +07:00,00h 00m 00s,0,9d4427dd-d0f3-4269-b1bc-de68bfea432c
379047,TCF_EDU_2,MAG_FORKLIFT,TCF_EDU,ES4-4.5,Protective field breach,Protective field breach,RESOLVED,,,2026-08-04 17:34:27 +07:00,00h 00m 36s,36,d738ee12-bd1a-4425-97a2-fa4100e6c6af
379046,TCF_EDU_2,MAG_FORKLIFT,TCF_EDU,EH4-4.8,Brake Engaged,,RESOLVED,,,2026-08-04 17:34:22 +07:00,00h 00m 04s,4,9d4427dd-d0f3-4269-b1bc-de68bfea432c
379045,TCF_EDU_2,MAG_FORKLIFT,TCF_EDU,ES4-4.5,Protective field breach,Protective field breach,RESOLVED,,,2026-08-04 17:34:19 +07:00,00h 00m 03s,3,393fe729-6c1d-46f7-a93a-a94687bec0a9
379044,TCF_EDU_2,MAG_FORKLIFT,TCF_EDU,ES4-4.5,Protective field breach,Protective field breach,RESOLVED,,,2026-08-04 17:34:15 +07:00,00h 00m 01s,1,7d2d1a99-0d3f-4cb0-b494-c5d1a1603e95
379043,TCF_EDU_2,MAG_FORKLIFT,TCF_EDU,ESFL1-2.13,Software has crashed : VDA Client,,RESOLVED,,,2026-08-04 17:32:21 +07:00,00h 00m 29s,29,708ded4c-119f-4868-bd79-15da0b1fac1d
379042,TCF_EDU_2,MAG_FORKLIFT,TCF_EDU,EH4-4.8,Brake Engaged,,RESOLVED,,,2026-08-04 17:31:22 +07:00,00h 00m 01s,1,8a44642f-0c53-4a2c-a85b-b46af8f8496c
379041,TCF_EDU_2,MAG_FORKLIFT,TCF_EDU,ES4-4.5,Protective field breach,Protective field breach,RESOLVED,,,2026-08-04 17:31:19 +07:00,00h 00m 03s,3,5011ef6e-bd4b-4050-b921-ab0ddd190ccb
379040,TCF_EDU_2,MAG_FORKLIFT,TCF_EDU,ES4-4.5,Protective field breach,Protective field breach,RESOLVED,,,2026-08-04 17:31:13 +07:00,00h 00m 03s,3,7b537744-d8d5-4fc1-97c6-db0fc7e6429c
379039,TCF_EDU_2,MAG_FORKLIFT,TCF_EDU,EH4-4.8,Brake Engaged,,RESOLVED,,,2026-08-04 17:31:07 +07:00,00h 00m 01s,1,18206d7c-b513-4bd4-ab6c-25cbc1295b03
379038,TCF_EDU_2,MAG_FORKLIFT,TCF_EDU,ES4-4.5,Protective field breach,Protective field breach,RESOLVED,,,2026-08-04 17:31:05 +07:00,00h 00m 02s,2,b534a2d0-dcb0-46ea-ab68-317156fb0b06
379037,TCF_EDU_2,MAG_FORKLIFT,TCF_EDU,EH4-4.8,Brake Engaged,,RESOLVED,,,2026-08-04 17:31:04 +07:00,00h 00m 01s,1,2ed3092f-e17b-4272-9441-3da2cbcc3739
379036,TCF_EDU_2,MAG_FORKLIFT,TCF_EDU,ES4-4.5,Protective field breach,Protective field breach,RESOLVED,,,2026-08-04 17:30:56 +07:00,00h 00m 08s,8,aa1b02ff-f429-4a77-9716-d0e8e5c5f8aa
379035,TCF_EDU_2,MAG_FORKLIFT,TCF_EDU,EH4-4.8,Brake Engaged,,RESOLVED,,,2026-08-04 17:30:55 +07:00,00h 00m 01s,1,99f0eaef-7bee-41df-b666-a24e47d86648
379034,TCF_EDU_2,MAG_FORKLIFT,TCF_EDU,ES4-4.5,Protective field breach,Protective field breach,RESOLVED,,,2026-08-04 17:30:48 +07:00,00h 00m 07s,7,70ec2acc-27b9-499e-88e7-fa03f9d9d638
379033,TCF_EDU_2,MAG_FORKLIFT,TCF_EDU,EH4-4.8,Brake Engaged,,RESOLVED,,,2026-08-04 17:30:47 +07:00,00h 00m 01s,1,5b68b80b-9bde-41b8-a5a4-5a5e5a041800
379032,TCF_EDU_2,MAG_FORKLIFT,TCF_EDU,ES4-4.5,Protective field breach,Protective field breach,RESOLVED,,,2026-08-04 17:30:42 +07:00,00h 00m 05s,5,f2518853-56f0-4e2a-80ec-9d2d09042a59
379031,TCF_EDU_2,MAG_FORKLIFT,TCF_EDU,EH4-4.8,Brake Engaged,,RESOLVED,,,2026-08-04 17:30:41 +07:00,00h 00m 01s,1,2e745251-2c96-44dc-a797-c8a07864ae9a
379030,TCF_EDU_2,MAG_FORKLIFT,TCF_EDU,ES4-4.5,Protective field breach,Protective field breach,RESOLVED,,,2026-08-04 17:30:34 +07:00,00h 00m 07s,7,6026817d-a015-4b30-abe5-00b3b4caf5c6
379029,TCF_EDU_2,MAG_FORKLIFT,TCF_EDU,EH4-4.8,Brake Engaged,,RESOLVED,,,2026-08-04 17:30:28 +07:00,00h 00m 01s,1,1df0bfad-a5a8-4eac-932f-f1b970261374
379028,TCF_EDU_2,MAG_FORKLIFT,TCF_EDU,ES4-4.5,Protective field breach,Protective field breach,RESOLVED,,,2026-08-04 17:30:21 +07:00,00h 00m 07s,7,301be43f-a6ec-4e5f-9d20-3dce8d57c887
379027,TCF_EDU_2,MAG_FORKLIFT,TCF_EDU,EH4-4.8,Brake Engaged,,RESOLVED,,,2026-08-04 17:30:10 +07:00,00h 00m 01s,1,e5b6d447-3582-4a55-bde7-1fc4f9f1f6a9
379026,TCF_EDU_2,MAG_FORKLIFT,TCF_EDU,ES4-4.5,Protective field breach,Protective field breach,RESOLVED,,,2026-08-04 17:30:05 +07:00,00h 00m 05s,5,4b444ad6-480d-4f70-8c61-94b9e709322f
379025,TCF_EDU_2,MAG_FORKLIFT,TCF_EDU,EH4-4.8,Brake Engaged,,RESOLVED,,,2026-08-04 17:30:02 +07:00,00h 00m 01s,1,fb935ca2-c623-432f-9d0e-7160b8d0b21d
379024,TCF_EDU_2,MAG_FORKLIFT,TCF_EDU,ES4-4.5,Protective field breach,Protective field breach,RESOLVED,,,2026-08-04 17:29:48 +07:00,00h 00m 14s,14,1085356e-afe4-4bd2-87f3-9bec77d2a3c8
379023,TCF_EDU_2,MAG_FORKLIFT,TCF_EDU,EH4-4.8,Brake Engaged,,RESOLVED,,,2026-08-04 17:29:47 +07:00,00h 00m 01s,1,63e1ee5b-700a-405e-aab3-478ab55e4af6
379022,TCF_EDU_2,MAG_FORKLIFT,TCF_EDU,ES4-4.5,Protective field breach,Protective field breach,RESOLVED,,,2026-08-04 17:29:43 +07:00,00h 00m 04s,4,1128c8e0-191f-4fd4-bd11-550c2a3b6469
379021,TCF_EDU_2,MAG_FORKLIFT,TCF_EDU,EH4-4.8,Brake Engaged,,RESOLVED,,,2026-08-04 17:29:42 +07:00,00h 00m 01s,1,f3318ef7-b6dd-4367-9cf3-e38318b7678a
379020,TCF_EDU_2,MAG_FORKLIFT,TCF_EDU,ES4-4.5,Protective field breach,Protective field breach,RESOLVED,,,2026-08-04 17:29:38 +07:00,00h 00m 04s,4,f8cc6ec9-7da0-4c4d-a1f7-5ed3af968214
379019,TCF_EDU_2,MAG_FORKLIFT,TCF_EDU,EH4-4.8,Brake Engaged,,RESOLVED,,,2026-08-04 17:29:28 +07:00,00h 00m 01s,1,576be9a6-3b6d-430f-af18-7f3d4e432581
379018,TCF_EDU_2,MAG_FORKLIFT,TCF_EDU,ES4-4.5,Protective field breach,Protective field breach,RESOLVED,,,2026-08-04 17:29:24 +07:00,00h 00m 03s,3,24ebd0bc-006b-49ea-a4fa-ef3f7f960079
379017,TCF_EDU_2,MAG_FORKLIFT,TCF_EDU,EH4-4.8,Brake Engaged,,RESOLVED,,,2026-08-04 17:29:22 +07:00,00h 00m 01s,1,c7eb7d3a-247e-42a6-a5f9-ce954de58fc4
379016,TCF_EDU_2,MAG_FORKLIFT,TCF_EDU,ES4-4.5,Protective field breach,Protective field breach,RESOLVED,,,2026-08-04 17:29:02 +07:00,00h 00m 20s,20,e56da40a-65fb-4928-9566-689110bba8af
379015,TCF_EDU_2,MAG_FORKLIFT,TCF_EDU,EH4-4.8,Brake Engaged,,RESOLVED,,,2026-08-04 17:28:58 +07:00,00h 00m 01s,1,f66e2b45-b22b-426d-a384-d668c724fa97
379014,TCF_EDU_2,MAG_FORKLIFT,TCF_EDU,ES4-4.5,Protective field breach,Protective field breach,RESOLVED,,,2026-08-04 17:28:52 +07:00,00h 00m 05s,5,4c385939-e159-409f-ae44-381ea0284fd9
379013,TCF_EDU_2,MAG_FORKLIFT,TCF_EDU,EH4-4.8,Brake Engaged,,RESOLVED,,,2026-08-04 17:28:22 +07:00,00h 00m 01s,1,5b2187a7-4fca-4591-8225-ca1d3ec18152
379012,TCF_EDU_2,MAG_FORKLIFT,TCF_EDU,ES4-4.5,Protective field breach,Protective field breach,RESOLVED,,,2026-08-04 17:27:48 +07:00,00h 00m 34s,34,5bf0af4c-906c-48c0-8e03-35cc27f7ef61
379011,TCF_EDU_2,MAG_FORKLIFT,TCF_EDU,EH4-4.8,Brake Engaged,,RESOLVED,,,2026-08-04 17:27:47 +07:00,00h 00m 01s,1,5a36e832-1181-450c-b146-ecaf9f41d76f
379010,TCF_EDU_2,MAG_FORKLIFT,TCF_EDU,ES4-4.5,Protective field breach,Protective field breach,RESOLVED,,,2026-08-04 17:27:20 +07:00,00h 00m 27s,27,22cb20bc-703f-41db-bdf1-e5b52ff76d64
379009,TCF_EDU_2,MAG_FORKLIFT,TCF_EDU,EH4-4.8,Brake Engaged,,RESOLVED,,,2026-08-04 17:27:11 +07:00,00h 00m 01s,1,be45a590-b548-4845-9b27-8ccd84160545
379008,TCF_EDU_2,MAG_FORKLIFT,TCF_EDU,ES4-4.5,Protective field breach,Protective field breach,RESOLVED,,,2026-08-04 17:27:08 +07:00,00h 00m 03s,3,495a2c7d-92c2-40ed-8fa9-446aa3724b8c
379007,TCF_EDU_2,MAG_FORKLIFT,TCF_EDU,EH6-6.1,Low Localization Score,Please try to set the correct pose of robot,RESOLVED,,,2026-08-04 17:26:54 +07:00,00h 00m 00s,0,a64f85b8-7f70-42df-b375-9bd9054eada2
379006,TCF_EDU_2,MAG_FORKLIFT,TCF_EDU,EH6-6.1,Low Localization Score,Please try to set the correct pose of robot,RESOLVED,,,2026-08-04 17:26:45 +07:00,00h 00m 01s,1,758c4381-6d9d-499c-b20a-61793997e66e
379005,TCF_EDU_2,MAG_FORKLIFT,TCF_EDU,EH6-6.1,Low Localization Score,Please try to set the correct pose of robot,RESOLVED,,,2026-08-04 17:26:36 +07:00,00h 00m 01s,1,8e981715-60bf-4f37-81fa-0490e01a35bb
379004,TCF_EDU_2,MAG_FORKLIFT,TCF_EDU,EH6-6.1,Low Localization Score,Please try to set the correct pose of robot,RESOLVED,,,2026-08-04 17:26:32 +07:00,00h 00m 01s,1,b5c41269-039b-4236-a106-6f440f1f6d31
379003,TCF_EDU_2,MAG_FORKLIFT,TCF_EDU,EH6-6.1,Low Localization Score,Please try to set the correct pose of robot,RESOLVED,,,2026-08-04 17:25:42 +07:00,00h 00m 48s,48,b49d2d51-fe1d-4cec-becf-c5db69d1ed06
379001,TCF_EDU_2,MAG_FORKLIFT,TCF_EDU,EH4-4.8,Brake Engaged,,RESOLVED,,,2026-08-04 17:25:41 +07:00,00h 00m 01s,1,525f2fc9-7cdb-41d7-b10a-a7a81dd1a8c1
379000,TCF_EDU_2,MAG_FORKLIFT,TCF_EDU,ES4-4.5,Protective field breach,Protective field breach,RESOLVED,,,2026-08-04 17:25:38 +07:00,00h 00m 03s,3,b49230b4-e3c2-4d28-8fa1-76325e6c2a08
378999,TCF_EDU_2,MAG_FORKLIFT,TCF_EDU,EH4-4.8,Brake Engaged,,RESOLVED,,,2026-08-04 17:25:37 +07:00,00h 00m 01s,1,216ecb36-8fae-49c3-bbba-a36660e2549b
378998,TCF_EDU_2,MAG_FORKLIFT,TCF_EDU,ES4-4.5,Protective field breach,Protective field breach,RESOLVED,,,2026-08-04 17:25:36 +07:00,00h 00m 00s,0,db6f5eea-b6fb-4839-a673-ae8da193b9e9
378997,TCF_EDU_3,MAG_FORKLIFT,TCF_EDU,ES5-5.5,Robot pose is not available,,RESOLVED,,,2026-08-04 17:25:11 +07:00,00h 20m 23s,1223,296b2dd4-0087-4fcd-b3d8-546fa5983ecd
378995,TCF_EDU_2,MAG_FORKLIFT,TCF_EDU,EH6-6.1,Low Localization Score,Please try to set the correct pose of robot,RESOLVED,,,2026-08-04 17:25:05 +07:00,00h 00m 31s,31,b49d2d51-fe1d-4cec-becf-c5db69d1ed06
378993,TCF_EDU_2,MAG_FORKLIFT,TCF_EDU,EH4-4.8,Brake Engaged,,RESOLVED,,,2026-08-04 17:25:04 +07:00,00h 00m 01s,1,4983894d-b0aa-49af-b995-af71d8895e29
378992,TCF_EDU_2,MAG_FORKLIFT,TCF_EDU,ES4-4.5,Protective field breach,Protective field breach,RESOLVED,,,2026-08-04 17:25:03 +07:00,00h 00m 01s,1,40b8057b-678b-48e2-b6f2-58b0a3c29efe
378991,TCF_EDU_2,MAG_FORKLIFT,TCF_EDU,EH6-6.1,Low Localization Score,Please try to set the correct pose of robot,RESOLVED,,,2026-08-04 17:25:01 +07:00,00h 00m 02s,2,b49d2d51-fe1d-4cec-becf-c5db69d1ed06
378989,TCF_EDU_2,MAG_FORKLIFT,TCF_EDU,ES4-4.5,Protective field breach,Protective field breach,RESOLVED,,,2026-08-04 17:24:59 +07:00,00h 00m 02s,2,f8418d55-8033-4c60-a066-101b34b7431a
378988,TCF_EDU_2,MAG_FORKLIFT,TCF_EDU,EH6-6.1,Low Localization Score,Please try to set the correct pose of robot,RESOLVED,,,2026-08-04 17:24:52 +07:00,00h 00m 07s,7,b49d2d51-fe1d-4cec-becf-c5db69d1ed06
378986,TCF_EDU_2,MAG_FORKLIFT,TCF_EDU,EH4-4.8,Brake Engaged,,RESOLVED,,,2026-08-04 17:24:51 +07:00,00h 00m 01s,1,2c20481e-0351-405b-bcea-fe8400a79f3e
378985,TCF_EDU_2,MAG_FORKLIFT,TCF_EDU,ES4-4.5,Protective field breach,Protective field breach,RESOLVED,,,2026-08-04 17:24:47 +07:00,00h 00m 04s,4,60522ca9-9ab4-49b8-8c41-34e0ac852e95
378984,TCF_EDU_2,MAG_FORKLIFT,TCF_EDU,EH6-6.1,Low Localization Score,Please try to set the correct pose of robot,RESOLVED,,,2026-08-04 17:24:14 +07:00,00h 00m 33s,33,b49d2d51-fe1d-4cec-becf-c5db69d1ed06
378982,TCF_EDU_2,MAG_FORKLIFT,TCF_EDU,ES4-4.5,Protective field breach,Protective field breach,RESOLVED,,,2026-08-04 17:24:11 +07:00,00h 00m 03s,3,de80130d-f1a2-4555-b38f-d0468cb433e7
378981,TCF_EDU_2,MAG_FORKLIFT,TCF_EDU,EH6-6.1,Low Localization Score,Please try to set the correct pose of robot,RESOLVED,,,2026-08-04 17:23:59 +07:00,00h 00m 12s,12,b49d2d51-fe1d-4cec-becf-c5db69d1ed06
378979,TCF_EDU_2,MAG_FORKLIFT,TCF_EDU,EH4-4.8,Brake Engaged,,RESOLVED,,,2026-08-04 17:23:58 +07:00,00h 00m 01s,1,fd357559-32fc-4582-96d6-1bb8f66f67d0
378978,TCF_EDU_2,MAG_FORKLIFT,TCF_EDU,ES4-4.5,Protective field breach,Protective field breach,RESOLVED,,,2026-08-04 17:23:56 +07:00,00h 00m 02s,2,334b4b5d-d0bb-441a-a3a2-90730b6486ce
378977,TCF_EDU_2,MAG_FORKLIFT,TCF_EDU,EH6-6.1,Low Localization Score,Please try to set the correct pose of robot,RESOLVED,,,2026-08-04 17:23:55 +07:00,00h 00m 01s,1,b49d2d51-fe1d-4cec-becf-c5db69d1ed06
378975,TCF_EDU_2,MAG_FORKLIFT,TCF_EDU,EH4-4.8,Brake Engaged,,RESOLVED,,,2026-08-04 17:23:54 +07:00,00h 00m 01s,1,19739394-0adf-42d5-9c46-bf5aaad3845f
378974,TCF_EDU_2,MAG_FORKLIFT,TCF_EDU,ES4-4.5,Protective field breach,Protective field breach,RESOLVED,,,2026-08-04 17:23:53 +07:00,00h 00m 01s,1,c27361a1-e2f3-423e-bfd8-fbd75d2fc749
378973,TCF_EDU_2,MAG_FORKLIFT,TCF_EDU,EH6-6.1,Low Localization Score,Please try to set the correct pose of robot,RESOLVED,,,2026-08-04 17:23:49 +07:00,00h 00m 04s,4,b49d2d51-fe1d-4cec-becf-c5db69d1ed06
378971,TCF_EDU_2,MAG_FORKLIFT,TCF_EDU,EH4-4.8,Brake Engaged,,RESOLVED,,,2026-08-04 17:23:48 +07:00,00h 00m 01s,1,000c0e5f-fdfb-403a-b88a-e9bd216b46dc
378970,TCF_EDU_2,MAG_FORKLIFT,TCF_EDU,ES4-4.5,Protective field breach,Protective field breach,RESOLVED,,,2026-08-04 17:23:47 +07:00,00h 00m 01s,1,402bb72a-82ee-4d76-a4ef-8811b9860a8d
378969,TCF_EDU_2,MAG_FORKLIFT,TCF_EDU,EH6-6.1,Low Localization Score,Please try to set the correct pose of robot,RESOLVED,,,2026-08-04 17:21:13 +07:00,00h 02m 34s,154,b49d2d51-fe1d-4cec-becf-c5db69d1ed06
378967,TCF_EDU_2,MAG_FORKLIFT,TCF_EDU,EH4-4.8,Brake Engaged,,RESOLVED,,,2026-08-04 17:21:12 +07:00,00h 00m 00s,0,ee4cfeca-98a7-4d9e-a98b-9d2e7913c7e3
378966,TCF_EDU_2,MAG_FORKLIFT,TCF_EDU,ES4-4.5,Protective field breach,Protective field breach,RESOLVED,,,2026-08-04 17:21:11 +07:00,00h 00m 01s,1,5ada86be-108a-4130-a3b1-5fd28b1174c0
378965,TCF_EDU_2,MAG_FORKLIFT,TCF_EDU,EH6-6.1,Low Localization Score,Please try to set the correct pose of robot,RESOLVED,,,2026-08-04 17:02:28 +07:00,00h 18m 42s,1122,b49d2d51-fe1d-4cec-becf-c5db69d1ed06
378964,TCF_EDU_2,MAG_FORKLIFT,TCF_EDU,ESFL1-2.12,Software has crashed : obstacle stopper,,RESOLVED,,,2026-08-04 17:02:22 +07:00,00h 00m 05s,5,015c2ced-055e-4325-bc1e-71c9dd554476
378963,TCF_EDU_2,MAG_FORKLIFT,TCF_EDU,FMS1-1.1,SERVICE CALL RESPONSE,,RESOLVED,,"Service call failed with data: {'serialNumber': 'TCF_EDU_2', 'actions': [{'actionType': 'customInstantAction', 'actionId': '7b174116-039d-4808-bae5-698873153a25', 'actionDescription': 'service_call', 'blockingType': 'HARD', 'actionParameters': [{'key': 'service', 'value': '/TCF_EDU_2/remove_error'}, {'key': 'data', 'value': {'error_id': '696893e4-9306-4c88-9439-adabe6998e43'}}, {'key': 'require_response', 'value': True}]}]}",2026-08-04 17:02:21 +07:00,00h 00m 00s,0,
378962,TCF_EDU_2,MAG_FORKLIFT,TCF_EDU,ESFL1-2.12,Software has crashed : obstacle stopper,,RESOLVED,,,2026-08-04 17:02:16 +07:00,00h 00m 06s,6,696893e4-9306-4c88-9439-adabe6998e43
